[0;34m==========================================
🚀 DEPLOY TO PRODUCTION - BASE SEPOLIA
==========================================[0m

[0;34m[INFO][0m Deploying Base Sepolia frontend...

=== Cleaning Docker resources ===
Deleted build cache objects:
qj24ksx0ez1xkcng3aj4f7f2v
puikakbxyk1u3phiakjoze7i4
w4mqdpnno6wwduk63nz3trdw6
uh3yb8q9saru1tprum1ft5z0r
snjt5tfi0xkajif0mosw5q5o7
t6zakf35rzwfu0ahlz7ggwh3y
ih36cbsgihu4s1zj0d5ahq1xh
yyrfkwe5uj9t3j06u582j93wy
1l582q7jmvnlbwvkzv6p18ue8
pxxbcfoqmkbg2fwhiemnzh25u
b15u3dg9z9k0h14zgtf1m1gdo
w9ohujtdjnxxtxsqf4zvpynzd
3o9csgsxfvz0h8px5ger2x29m
f623tf6o51mccat0aww6bbdhf
f2zhuj9ua8f1jh84h2mc9aqro
aqet3enokra1mmq47lkc602d8
96hemr0txtm1dwbihbtx2pie5
omnxehpcmlakr0uixil3fvhhf
3spussyl71jhn4r0q6wiruy1s
hlb6mq4xr8iyd22ztv6rqtf0d
hll29i1re5by6fxle0atsdrrn
wr28bx4z24crnm2g4jk1vqzdu
wdzte9oi4slc9y5m61ogy5571
k1rclljc5ot3hvpa3jkoc0cmq
d2ypeadazr9h8kjdg4et60lvq
qukre40bdlblo5kar0dwr0lxy

Total reclaimed space: 8.327GB
Total reclaimed space: 0B
[0;32m[SUCCESS][0m Environment variables set up

=== Building Base Sepolia services ===
time="2025-12-16T07:20:00+07:00" level=warning msg="Docker Compose is configured to build using Bake, but buildx isn't installed"
#0 building with "colima" instance using docker driver

#1 [frontend-base-sepolia internal] load build definition from Dockerfile
#1 transferring dockerfile: 1.30kB 0.0s done
#1 DONE 0.1s

#2 [frontend-base-sepolia internal] load metadata for docker.io/library/node:20-alpine
#2 ...

#3 [frontend-base-sepolia internal] load metadata for docker.io/library/nginx:alpine
#3 DONE 3.2s

#2 [frontend-base-sepolia internal] load metadata for docker.io/library/node:20-alpine
#2 DONE 4.7s

#4 [frontend-base-sepolia internal] load .dockerignore
#4 transferring context: 480B done
#4 DONE 0.0s

#5 [frontend-base-sepolia internal] load build context
#5 DONE 0.0s

#6 [frontend-base-sepolia builder  1/10] FROM docker.io/library/node:20-alpine@sha256:643e7036aa985317ebfee460005e322aa550c6b6883000d01daefb58689a58e2
#6 resolve docker.io/library/node:20-alpine@sha256:643e7036aa985317ebfee460005e322aa550c6b6883000d01daefb58689a58e2 0.0s done
#6 ...

#7 [frontend-base-sepolia runner 1/5] FROM docker.io/library/nginx:alpine@sha256:052b75ab72f690f33debaa51c7e08d9b969a0447a133eb2b99cc905d9188cb2b
#7 resolve docker.io/library/nginx:alpine@sha256:052b75ab72f690f33debaa51c7e08d9b969a0447a133eb2b99cc905d9188cb2b 0.0s done
#7 CACHED

#6 [frontend-base-sepolia builder  1/10] FROM docker.io/library/node:20-alpine@sha256:643e7036aa985317ebfee460005e322aa550c6b6883000d01daefb58689a58e2
#6 sha256:c23068ae53b12c004c4ef5c286b492fb00974b38e18bbc27cceffb5b20557208 0B / 443B 0.2s
#6 sha256:f5c7f8e9b5e90229325bcbdcf5d8b23d7689d4607bae1f28073cfee72f70f121 0B / 1.26MB 0.2s
#6 sha256:b7e1393ff36848565e2832a34913756068644c22a23445e88e7614fa492e69d8 0B / 43.12MB 0.2s
#6 sha256:c23068ae53b12c004c4ef5c286b492fb00974b38e18bbc27cceffb5b20557208 443B / 443B 0.7s done
#6 sha256:f5c7f8e9b5e90229325bcbdcf5d8b23d7689d4607bae1f28073cfee72f70f121 1.26MB / 1.26MB 1.6s done
#6 sha256:b7e1393ff36848565e2832a34913756068644c22a23445e88e7614fa492e69d8 3.15MB / 43.12MB 2.4s
#6 sha256:b7e1393ff36848565e2832a34913756068644c22a23445e88e7614fa492e69d8 6.29MB / 43.12MB 3.2s
#6 sha256:b7e1393ff36848565e2832a34913756068644c22a23445e88e7614fa492e69d8 9.44MB / 43.12MB 3.9s
#6 ...

#8 [frontend-base-sepolia runner 2/5] RUN apk add --no-cache curl
#8 4.180 OK: 50 MiB in 71 packages
#8 DONE 4.5s

#6 [frontend-base-sepolia builder  1/10] FROM docker.io/library/node:20-alpine@sha256:643e7036aa985317ebfee460005e322aa550c6b6883000d01daefb58689a58e2
#6 sha256:b7e1393ff36848565e2832a34913756068644c22a23445e88e7614fa492e69d8 12.58MB / 43.12MB 4.7s
#6 sha256:b7e1393ff36848565e2832a34913756068644c22a23445e88e7614fa492e69d8 15.73MB / 43.12MB 5.1s
#6 sha256:b7e1393ff36848565e2832a34913756068644c22a23445e88e7614fa492e69d8 18.87MB / 43.12MB 5.9s
#6 sha256:b7e1393ff36848565e2832a34913756068644c22a23445e88e7614fa492e69d8 22.02MB / 43.12MB 6.6s
#6 sha256:b7e1393ff36848565e2832a34913756068644c22a23445e88e7614fa492e69d8 25.17MB / 43.12MB 7.4s
#6 sha256:b7e1393ff36848565e2832a34913756068644c22a23445e88e7614fa492e69d8 28.31MB / 43.12MB 8.1s
#6 sha256:b7e1393ff36848565e2832a34913756068644c22a23445e88e7614fa492e69d8 31.46MB / 43.12MB 8.7s
#6 sha256:b7e1393ff36848565e2832a34913756068644c22a23445e88e7614fa492e69d8 34.60MB / 43.12MB 9.3s
#6 ...

#5 [frontend-base-sepolia internal] load build context
#5 transferring context: 527.60MB 10.1s
#5 ...

#6 [frontend-base-sepolia builder  1/10] FROM docker.io/library/node:20-alpine@sha256:643e7036aa985317ebfee460005e322aa550c6b6883000d01daefb58689a58e2
#6 sha256:b7e1393ff36848565e2832a34913756068644c22a23445e88e7614fa492e69d8 37.75MB / 43.12MB 10.5s
#6 sha256:b7e1393ff36848565e2832a34913756068644c22a23445e88e7614fa492e69d8 40.89MB / 43.12MB 12.3s
#6 sha256:b7e1393ff36848565e2832a34913756068644c22a23445e88e7614fa492e69d8 43.12MB / 43.12MB 12.9s done
#6 extracting sha256:b7e1393ff36848565e2832a34913756068644c22a23445e88e7614fa492e69d8
#6 extracting sha256:b7e1393ff36848565e2832a34913756068644c22a23445e88e7614fa492e69d8 3.1s done
#6 DONE 16.3s

#5 [frontend-base-sepolia internal] load build context
#5 transferring context: 976.44MB 16.2s
#5 ...

#6 [frontend-base-sepolia builder  1/10] FROM docker.io/library/node:20-alpine@sha256:643e7036aa985317ebfee460005e322aa550c6b6883000d01daefb58689a58e2
#6 extracting sha256:f5c7f8e9b5e90229325bcbdcf5d8b23d7689d4607bae1f28073cfee72f70f121 0.1s done
#6 DONE 16.4s

#5 [frontend-base-sepolia internal] load build context
#5 ...

#6 [frontend-base-sepolia builder  1/10] FROM docker.io/library/node:20-alpine@sha256:643e7036aa985317ebfee460005e322aa550c6b6883000d01daefb58689a58e2
#6 extracting sha256:c23068ae53b12c004c4ef5c286b492fb00974b38e18bbc27cceffb5b20557208 0.0s done
#6 DONE 16.4s

#5 [frontend-base-sepolia internal] load build context
#5 transferring context: 1.27GB 21.4s
#5 transferring context: 1.52GB 26.5s
#5 ...

#9 [frontend-base-sepolia builder  2/10] RUN apk add --no-cache libc6-compat python3 make g++
#9 2.427 ( 1/32) Installing libstdc++-dev (15.2.0-r2)
#9 3.359 ( 2/32) Installing jansson (2.14.1-r0)
#9 3.439 ( 3/32) Installing zstd-libs (1.5.7-r2)
#9 3.580 ( 4/32) Installing binutils (2.45.1-r0)
#9 4.470 ( 5/32) Installing libgomp (15.2.0-r2)
#9 4.598 ( 6/32) Installing libatomic (15.2.0-r2)
#9 4.666 ( 7/32) Installing gmp (6.3.0-r4)
#9 4.807 ( 8/32) Installing isl26 (0.26-r1)
#9 5.092 ( 9/32) Installing mpfr4 (4.2.2-r0)
#9 5.259 (10/32) Installing mpc1 (1.3.1-r1)
#9 5.356 (11/32) Installing gcc (15.2.0-r2)
#9 ...

#5 [frontend-base-sepolia internal] load build context
#5 transferring context: 1.65GB 31.7s
#5 transferring context: 1.94GB 36.8s
#5 transferring context: 2.01GB 37.8s done
#5 DONE 38.3s

#9 [frontend-base-sepolia builder  2/10] RUN apk add --no-cache libc6-compat python3 make g++
#9 18.21 (12/32) Installing musl-dev (1.2.5-r21)
#9 18.95 (13/32) Installing g++ (15.2.0-r2)
#9 22.50 (14/32) Installing musl-obstack (1.2.3-r2)
#9 22.57 (15/32) Installing libucontext (1.3.3-r0)
#9 22.63 (16/32) Installing gcompat (1.1.0-r4)
#9 22.71 (17/32) Installing make (4.4.1-r3)
#9 22.82 (18/32) Installing libbz2 (1.0.8-r6)
#9 22.90 (19/32) Installing libexpat (2.7.3-r0)
#9 22.98 (20/32) Installing libffi (3.5.2-r0)
#9 23.05 (21/32) Installing gdbm (1.26-r0)
#9 23.14 (22/32) Installing xz-libs (5.8.1-r0)
#9 23.91 (23/32) Installing mpdecimal (4.0.1-r0)
#9 24.00 (24/32) Installing ncurses-terminfo-base (6.5_p20251123-r0)
#9 24.09 (25/32) Installing libncursesw (6.5_p20251123-r0)
#9 24.19 (26/32) Installing libpanelw (6.5_p20251123-r0)
#9 24.25 (27/32) Installing readline (8.3.1-r0)
#9 24.34 (28/32) Installing sqlite-libs (3.51.1-r0)
#9 24.60 (29/32) Installing python3 (3.12.12-r0)
#9 26.48 (30/32) Installing python3-pycache-pyc0 (3.12.12-r0)
#9 27.56 (31/32) Installing pyc (3.12.12-r0)
#9 27.56 (32/32) Installing python3-pyc (3.12.12-r0)
#9 27.56 Executing busybox-1.37.0-r29.trigger
#9 27.62 OK: 275 MiB in 50 packages
#9 DONE 28.5s

#10 [frontend-base-sepolia builder  3/10] RUN npm install -g pnpm@latest
#10 2.654 
#10 2.654 added 1 package in 2s
#10 2.654 
#10 2.654 1 package is looking for funding
#10 2.654   run `npm fund` for details
#10 2.656 npm notice
#10 2.656 npm notice New major version of npm available! 10.8.2 -> 11.7.0
#10 2.656 npm notice Changelog: https://github.com/npm/cli/releases/tag/v11.7.0
#10 2.656 npm notice To update run: npm install -g npm@11.7.0
#10 2.656 npm notice
#10 DONE 2.7s

#11 [frontend-base-sepolia builder  4/10] WORKDIR /app
#11 DONE 0.0s

#12 [frontend-base-sepolia builder  5/10] COPY package.json pnpm-lock.yaml pnpm-workspace.yaml ./
#12 DONE 0.0s

#13 [frontend-base-sepolia builder  6/10] COPY apps/web/package.json ./apps/web/package.json
#13 DONE 0.0s

#14 [frontend-base-sepolia builder  7/10] COPY packages ./packages
#14 DONE 0.0s

#15 [frontend-base-sepolia builder  8/10] RUN pnpm install --frozen-lockfile
#15 3.332 Scope: all 9 workspace projects
#15 3.442 Lockfile is up to date, resolution step is skipped
#15 3.545 Progress: resolved 1, reused 0, downloaded 0, added 0
#15 3.762 Packages: +1730
#15 3.762 ++++++++++++++++++++++++++++++++++++++++++++++++++++++++++++++++++++++++++++++++
#15 4.550 Progress: resolved 1730, reused 0, downloaded 4, added 3
#15 5.551 Progress: resolved 1730, reused 0, downloaded 15, added 19
#15 6.551 Progress: resolved 1730, reused 0, downloaded 24, added 29
#15 7.552 Progress: resolved 1730, reused 0, downloaded 31, added 36
#15 8.552 Progress: resolved 1730, reused 0, downloaded 41, added 48
#15 9.554 Progress: resolved 1730, reused 0, downloaded 67, added 77
#15 10.56 Progress: resolved 1730, reused 0, downloaded 106, added 119
#15 11.56 Progress: resolved 1730, reused 0, downloaded 153, added 170
#15 12.67 Progress: resolved 1730, reused 0, downloaded 172, added 190
#15 13.69 Progress: resolved 1730, reused 0, downloaded 219, added 238
#15 14.69 Progress: resolved 1730, reused 0, downloaded 275, added 294
#15 15.69 Progress: resolved 1730, reused 0, downloaded 321, added 340
#15 16.69 Progress: resolved 1730, reused 0, downloaded 349, added 368
#15 17.69 Progress: resolved 1730, reused 0, downloaded 387, added 405
#15 18.69 Progress: resolved 1730, reused 0, downloaded 417, added 436
#15 19.70 Progress: resolved 1730, reused 0, downloaded 418, added 437
#15 20.70 Progress: resolved 1730, reused 0, downloaded 429, added 451
#15 21.70 Progress: resolved 1730, reused 0, downloaded 434, added 456
#15 22.71 Progress: resolved 1730, reused 0, downloaded 455, added 480
#15 23.83 Progress: resolved 1730, reused 0, downloaded 470, added 495
#15 24.82 Progress: resolved 1730, reused 0, downloaded 474, added 496
#15 25.87 Progress: resolved 1730, reused 0, downloaded 479, added 498
#15 26.85 Progress: resolved 1730, reused 0, downloaded 483, added 498
#15 27.85 Progress: resolved 1730, reused 0, downloaded 497, added 514
#15 28.85 Progress: resolved 1730, reused 0, downloaded 518, added 552
#15 29.85 Progress: resolved 1730, reused 0, downloaded 530, added 566
#15 30.85 Progress: resolved 1730, reused 0, downloaded 544, added 581
#15 31.86 Progress: resolved 1730, reused 0, downloaded 561, added 603
#15 32.86 Progress: resolved 1730, reused 0, downloaded 580, added 631
#15 33.86 Progress: resolved 1730, reused 0, downloaded 622, added 676
#15 34.86 Progress: resolved 1730, reused 0, downloaded 674, added 730
#15 35.86 Progress: resolved 1730, reused 0, downloaded 700, added 758
#15 36.86 Progress: resolved 1730, reused 0, downloaded 742, added 802
#15 37.86 Progress: resolved 1730, reused 0, downloaded 756, added 822
#15 38.86 Progress: resolved 1730, reused 0, downloaded 767, added 834
#15 39.86 Progress: resolved 1730, reused 0, downloaded 798, added 877
#15 40.86 Progress: resolved 1730, reused 0, downloaded 821, added 902
#15 41.86 Progress: resolved 1730, reused 0, downloaded 894, added 976
#15 42.87 Progress: resolved 1730, reused 0, downloaded 919, added 1001
#15 43.86 Progress: resolved 1730, reused 0, downloaded 971, added 1053
#15 44.87 Progress: resolved 1730, reused 0, downloaded 1007, added 1084
#15 45.87 Progress: resolved 1730, reused 0, downloaded 1044, added 1126
#15 46.87 Progress: resolved 1730, reused 0, downloaded 1126, added 1204
#15 47.87 Progress: resolved 1730, reused 0, downloaded 1145, added 1227
#15 48.87 Progress: resolved 1730, reused 0, downloaded 1177, added 1259
#15 49.87 Progress: resolved 1730, reused 0, downloaded 1188, added 1270
#15 50.87 Progress: resolved 1730, reused 0, downloaded 1200, added 1282
#15 51.87 Progress: resolved 1730, reused 0, downloaded 1244, added 1326
#15 52.87 Progress: resolved 1730, reused 0, downloaded 1272, added 1354
#15 53.87 Progress: resolved 1730, reused 0, downloaded 1304, added 1386
#15 54.88 Progress: resolved 1730, reused 0, downloaded 1327, added 1407
#15 55.89 Progress: resolved 1730, reused 0, downloaded 1356, added 1438
#15 57.21 Progress: resolved 1730, reused 0, downloaded 1375, added 1450
#15 58.20 Progress: resolved 1730, reused 0, downloaded 1400, added 1482
#15 59.20 Progress: resolved 1730, reused 0, downloaded 1418, added 1500
#15 60.21 Progress: resolved 1730, reused 0, downloaded 1425, added 1507
#15 61.21 Progress: resolved 1730, reused 0, downloaded 1431, added 1513
#15 62.21 Progress: resolved 1730, reused 0, downloaded 1446, added 1528
#15 63.21 Progress: resolved 1730, reused 0, downloaded 1459, added 1541
#15 65.56 Progress: resolved 1730, reused 0, downloaded 1477, added 1559
#15 67.26 Progress: resolved 1730, reused 0, downloaded 1480, added 1559
#15 68.26 Progress: resolved 1730, reused 0, downloaded 1484, added 1559
#15 69.26 Progress: resolved 1730, reused 0, downloaded 1518, added 1600
#15 70.27 Progress: resolved 1730, reused 0, downloaded 1551, added 1633
#15 71.45 Progress: resolved 1730, reused 0, downloaded 1571, added 1651
#15 72.82 Progress: resolved 1730, reused 0, downloaded 1572, added 1651
#15 73.90 Progress: resolved 1730, reused 0, downloaded 1576, added 1653
#15 74.86 Progress: resolved 1730, reused 0, downloaded 1597, added 1674
#15 75.86 Progress: resolved 1730, reused 0, downloaded 1625, added 1708
#15 76.86 Progress: resolved 1730, reused 0, downloaded 1645, added 1729
#15 80.61 Progress: resolved 1730, reused 0, downloaded 1646, added 1729
#15 80.80 Progress: resolved 1730, reused 0, downloaded 1646, added 1730, done
#15 83.67 .../node_modules/protobufjs postinstall$ node scripts/postinstall
#15 83.72 .../esbuild@0.25.12/node_modules/esbuild postinstall$ node install.js
#15 83.73 .../node_modules/bufferutil install$ node-gyp-build
#15 83.73 .../keccak@3.0.4/node_modules/keccak install$ node-gyp-build || exit 0
#15 83.73 .../node_modules/utf-8-validate install$ node-gyp-build
#15 83.89 .../node_modules/protobufjs postinstall: Done
#15 83.98 .../esbuild@0.25.12/node_modules/esbuild postinstall: Done
#15 84.08 .../node_modules/@reown/appkit postinstall$ node scripts/appkit-version-check.js
#15 84.09 .../keccak@3.0.4/node_modules/keccak install: gyp info it worked if it ends with ok
#15 84.10 .../keccak@3.0.4/node_modules/keccak install: gyp info using node-gyp@10.1.0
#15 84.10 .../keccak@3.0.4/node_modules/keccak install: gyp info using node@20.19.6 | linux | arm64
#15 84.10 .../node_modules/utf-8-validate install: gyp info it worked if it ends with ok
#15 84.10 .../node_modules/utf-8-validate install: gyp info using node-gyp@10.1.0
#15 84.10 .../node_modules/utf-8-validate install: gyp info using node@20.19.6 | linux | arm64
#15 84.19 .../node_modules/bufferutil install: gyp info it worked if it ends with ok
#15 84.19 .../node_modules/bufferutil install: gyp info using node-gyp@10.1.0
#15 84.19 .../node_modules/bufferutil install: gyp info using node@20.19.6 | linux | arm64
#15 84.22 .../node_modules/@reown/appkit postinstall: Could not find consumer project with @reown/appkit dependencies
#15 84.23 .../node_modules/@reown/appkit postinstall: Done
#15 84.29 .../keccak@3.0.4/node_modules/keccak install: gyp info find Python using Python version 3.12.12 found at "/usr/bin/python3"
#15 84.30 .../node_modules/bufferutil install: gyp info find Python using Python version 3.12.12 found at "/usr/bin/python3"
#15 84.31 .../node_modules/utf-8-validate install: gyp info find Python using Python version 3.12.12 found at "/usr/bin/python3"
#15 84.54 .../node_modules/bufferutil install: gyp http GET https://nodejs.org/download/release/v20.19.6/node-v20.19.6-headers.tar.gz
#15 84.54 .../node_modules/utf-8-validate install: gyp http GET https://nodejs.org/download/release/v20.19.6/node-v20.19.6-headers.tar.gz
#15 84.55 .../keccak@3.0.4/node_modules/keccak install: gyp http GET https://nodejs.org/download/release/v20.19.6/node-v20.19.6-headers.tar.gz
#15 84.94 .../node_modules/bufferutil install: gyp http 200 https://nodejs.org/download/release/v20.19.6/node-v20.19.6-headers.tar.gz
#15 85.00 .../keccak@3.0.4/node_modules/keccak install: gyp http 200 https://nodejs.org/download/release/v20.19.6/node-v20.19.6-headers.tar.gz
#15 85.02 .../node_modules/utf-8-validate install: gyp http 200 https://nodejs.org/download/release/v20.19.6/node-v20.19.6-headers.tar.gz
#15 90.01 .../node_modules/bufferutil install: gyp http GET https://nodejs.org/download/release/v20.19.6/SHASUMS256.txt
#15 90.11 .../node_modules/bufferutil install: gyp http 200 https://nodejs.org/download/release/v20.19.6/SHASUMS256.txt
#15 90.13 .../node_modules/bufferutil install: gyp info spawn /usr/bin/python3
#15 90.15 .../node_modules/bufferutil install: gyp info spawn args [
#15 90.15 .../node_modules/bufferutil install: gyp info spawn args '/root/.local/share/pnpm/.tools/pnpm/9.0.0_tmp_1/node_modules/pnpm/dist/node_modules/node-gyp/gyp/gyp_main.py',
#15 90.15 .../node_modules/bufferutil install: gyp info spawn args 'binding.gyp',
#15 90.15 .../node_modules/bufferutil install: gyp info spawn args '-f',
#15 90.15 .../node_modules/bufferutil install: gyp info spawn args 'make',
#15 90.15 .../node_modules/bufferutil install: gyp info spawn args '-I',
#15 90.15 .../node_modules/bufferutil install: gyp info spawn args '/app/node_modules/.pnpm/bufferutil@4.0.9/node_modules/bufferutil/build/config.gypi',
#15 90.15 .../node_modules/bufferutil install: gyp info spawn args '-I',
#15 90.15 .../node_modules/bufferutil install: gyp info spawn args '/root/.local/share/pnpm/.tools/pnpm/9.0.0_tmp_1/node_modules/pnpm/dist/node_modules/node-gyp/addon.gypi',
#15 90.15 .../node_modules/bufferutil install: gyp info spawn args '-I',
#15 90.15 .../node_modules/bufferutil install: gyp info spawn args '/root/.cache/node-gyp/20.19.6/include/node/common.gypi',
#15 90.15 .../node_modules/bufferutil install: gyp info spawn args '-Dlibrary=shared_library',
#15 90.15 .../node_modules/bufferutil install: gyp info spawn args '-Dvisibility=default',
#15 90.15 .../node_modules/bufferutil install: gyp info spawn args '-Dnode_root_dir=/root/.cache/node-gyp/20.19.6',
#15 90.15 .../node_modules/bufferutil install: gyp info spawn args '-Dnode_gyp_dir=/root/.local/share/pnpm/.tools/pnpm/9.0.0_tmp_1/node_modules/pnpm/dist/node_modules/node-gyp',
#15 90.15 .../node_modules/bufferutil install: gyp info spawn args '-Dnode_lib_file=/root/.cache/node-gyp/20.19.6/<(target_arch)/node.lib',
#15 90.15 .../node_modules/bufferutil install: gyp info spawn args '-Dmodule_root_dir=/app/node_modules/.pnpm/bufferutil@4.0.9/node_modules/bufferutil',
#15 90.15 .../node_modules/bufferutil install: gyp info spawn args '-Dnode_engine=v8',
#15 90.15 .../node_modules/bufferutil install: gyp info spawn args '--depth=.',
#15 90.15 .../node_modules/bufferutil install: gyp info spawn args '--no-parallel',
#15 90.15 .../node_modules/bufferutil install: gyp info spawn args '--generator-output',
#15 90.15 .../node_modules/bufferutil install: gyp info spawn args 'build',
#15 90.15 .../node_modules/bufferutil install: gyp info spawn args '-Goutput_dir=.'
#15 90.15 .../node_modules/bufferutil install: gyp info spawn args ]
#15 90.80 .../node_modules/bufferutil install: gyp info spawn make
#15 90.80 .../node_modules/bufferutil install: gyp info spawn args [ 'BUILDTYPE=Release', '-C', 'build' ]
#15 90.81 .../keccak@3.0.4/node_modules/keccak install: gyp http GET https://nodejs.org/download/release/v20.19.6/SHASUMS256.txt
#15 90.81 .../node_modules/bufferutil install: make: Entering directory '/app/node_modules/.pnpm/bufferutil@4.0.9/node_modules/bufferutil/build'
#15 90.81 .../node_modules/bufferutil install:   CC(target) Release/obj.target/bufferutil/src/bufferutil.o
#15 90.91 .../keccak@3.0.4/node_modules/keccak install: gyp http 200 https://nodejs.org/download/release/v20.19.6/SHASUMS256.txt
#15 90.94 .../keccak@3.0.4/node_modules/keccak install: gyp info spawn /usr/bin/python3
#15 90.94 .../keccak@3.0.4/node_modules/keccak install: gyp info spawn args [
#15 90.95 .../keccak@3.0.4/node_modules/keccak install: gyp info spawn args '/root/.local/share/pnpm/.tools/pnpm/9.0.0_tmp_1/node_modules/pnpm/dist/node_modules/node-gyp/gyp/gyp_main.py',
#15 90.95 .../keccak@3.0.4/node_modules/keccak install: gyp info spawn args 'binding.gyp',
#15 90.95 .../keccak@3.0.4/node_modules/keccak install: gyp info spawn args '-f',
#15 90.95 .../keccak@3.0.4/node_modules/keccak install: gyp info spawn args 'make',
#15 90.95 .../keccak@3.0.4/node_modules/keccak install: gyp info spawn args '-I',
#15 90.96 .../keccak@3.0.4/node_modules/keccak install: gyp info spawn args '/app/node_modules/.pnpm/keccak@3.0.4/node_modules/keccak/build/config.gypi',
#15 90.96 .../keccak@3.0.4/node_modules/keccak install: gyp info spawn args '-I',
#15 90.96 .../keccak@3.0.4/node_modules/keccak install: gyp info spawn args '/root/.local/share/pnpm/.tools/pnpm/9.0.0_tmp_1/node_modules/pnpm/dist/node_modules/node-gyp/addon.gypi',
#15 90.96 .../keccak@3.0.4/node_modules/keccak install: gyp info spawn args '-I',
#15 90.96 .../keccak@3.0.4/node_modules/keccak install: gyp info spawn args '/root/.cache/node-gyp/20.19.6/include/node/common.gypi',
#15 90.96 .../keccak@3.0.4/node_modules/keccak install: gyp info spawn args '-Dlibrary=shared_library',
#15 90.96 .../keccak@3.0.4/node_modules/keccak install: gyp info spawn args '-Dvisibility=default',
#15 90.96 .../keccak@3.0.4/node_modules/keccak install: gyp info spawn args '-Dnode_root_dir=/root/.cache/node-gyp/20.19.6',
#15 90.97 .../keccak@3.0.4/node_modules/keccak install: gyp info spawn args '-Dnode_gyp_dir=/root/.local/share/pnpm/.tools/pnpm/9.0.0_tmp_1/node_modules/pnpm/dist/node_modules/node-gyp',
#15 90.97 .../keccak@3.0.4/node_modules/keccak install: gyp info spawn args '-Dnode_lib_file=/root/.cache/node-gyp/20.19.6/<(target_arch)/node.lib',
#15 90.97 .../keccak@3.0.4/node_modules/keccak install: gyp info spawn args '-Dmodule_root_dir=/app/node_modules/.pnpm/keccak@3.0.4/node_modules/keccak',
#15 90.97 .../keccak@3.0.4/node_modules/keccak install: gyp info spawn args '-Dnode_engine=v8',
#15 90.97 .../keccak@3.0.4/node_modules/keccak install: gyp info spawn args '--depth=.',
#15 90.98 .../keccak@3.0.4/node_modules/keccak install: gyp info spawn args '--no-parallel',
#15 90.98 .../keccak@3.0.4/node_modules/keccak install: gyp info spawn args '--generator-output',
#15 90.98 .../keccak@3.0.4/node_modules/keccak install: gyp info spawn args 'build',
#15 90.98 .../keccak@3.0.4/node_modules/keccak install: gyp info spawn args '-Goutput_dir=.'
#15 90.98 .../keccak@3.0.4/node_modules/keccak install: gyp info spawn args ]
#15 91.11 .../node_modules/utf-8-validate install: gyp http GET https://nodejs.org/download/release/v20.19.6/SHASUMS256.txt
#15 91.20 .../node_modules/utf-8-validate install: gyp http 200 https://nodejs.org/download/release/v20.19.6/SHASUMS256.txt
#15 91.24 .../node_modules/utf-8-validate install: gyp info spawn /usr/bin/python3
#15 91.24 .../node_modules/utf-8-validate install: gyp info spawn args [
#15 91.25 .../node_modules/utf-8-validate install: gyp info spawn args '/root/.local/share/pnpm/.tools/pnpm/9.0.0_tmp_1/node_modules/pnpm/dist/node_modules/node-gyp/gyp/gyp_main.py',
#15 91.25 .../node_modules/utf-8-validate install: gyp info spawn args 'binding.gyp',
#15 91.25 .../node_modules/utf-8-validate install: gyp info spawn args '-f',
#15 91.25 .../node_modules/utf-8-validate install: gyp info spawn args 'make',
#15 91.25 .../node_modules/utf-8-validate install: gyp info spawn args '-I',
#15 91.25 .../node_modules/utf-8-validate install: gyp info spawn args '/app/node_modules/.pnpm/utf-8-validate@5.0.10/node_modules/utf-8-validate/build/config.gypi',
#15 91.25 .../node_modules/utf-8-validate install: gyp info spawn args '-I',
#15 91.25 .../node_modules/utf-8-validate install: gyp info spawn args '/root/.local/share/pnpm/.tools/pnpm/9.0.0_tmp_1/node_modules/pnpm/dist/node_modules/node-gyp/addon.gypi',
#15 91.25 .../node_modules/utf-8-validate install: gyp info spawn args '-I',
#15 91.25 .../node_modules/utf-8-validate install: gyp info spawn args '/root/.cache/node-gyp/20.19.6/include/node/common.gypi',
#15 91.25 .../node_modules/utf-8-validate install: gyp info spawn args '-Dlibrary=shared_library',
#15 91.25 .../node_modules/utf-8-validate install: gyp info spawn args '-Dvisibility=default',
#15 91.25 .../node_modules/utf-8-validate install: gyp info spawn args '-Dnode_root_dir=/root/.cache/node-gyp/20.19.6',
#15 91.26 .../node_modules/utf-8-validate install: gyp info spawn args '-Dnode_gyp_dir=/root/.local/share/pnpm/.tools/pnpm/9.0.0_tmp_1/node_modules/pnpm/dist/node_modules/node-gyp',
#15 91.26 .../node_modules/utf-8-validate install: gyp info spawn args '-Dnode_lib_file=/root/.cache/node-gyp/20.19.6/<(target_arch)/node.lib',
#15 91.26 .../node_modules/utf-8-validate install: gyp info spawn args '-Dmodule_root_dir=/app/node_modules/.pnpm/utf-8-validate@5.0.10/node_modules/utf-8-validate',
#15 91.26 .../node_modules/utf-8-validate install: gyp info spawn args '-Dnode_engine=v8',
#15 91.26 .../node_modules/utf-8-validate install: gyp info spawn args '--depth=.',
#15 91.26 .../node_modules/utf-8-validate install: gyp info spawn args '--no-parallel',
#15 91.27 .../node_modules/utf-8-validate install: gyp info spawn args '--generator-output',
#15 91.27 .../node_modules/utf-8-validate install: gyp info spawn args 'build',
#15 91.27 .../node_modules/utf-8-validate install: gyp info spawn args '-Goutput_dir=.'
#15 91.27 .../node_modules/utf-8-validate install: gyp info spawn args ]
#15 91.44 .../keccak@3.0.4/node_modules/keccak install: gyp info spawn make
#15 91.44 .../keccak@3.0.4/node_modules/keccak install: gyp info spawn args [ 'BUILDTYPE=Release', '-C', 'build' ]
#15 91.44 .../keccak@3.0.4/node_modules/keccak install: make: Entering directory '/app/node_modules/.pnpm/keccak@3.0.4/node_modules/keccak/build'
#15 91.44 .../keccak@3.0.4/node_modules/keccak install:   CC(target) Release/obj.target/keccak/src/libkeccak-64/KeccakSpongeWidth1600.o
#15 91.47 .../node_modules/utf-8-validate install: gyp info spawn make
#15 91.47 .../node_modules/utf-8-validate install: gyp info spawn args [ 'BUILDTYPE=Release', '-C', 'build' ]
#15 91.47 .../node_modules/utf-8-validate install: make: Entering directory '/app/node_modules/.pnpm/utf-8-validate@5.0.10/node_modules/utf-8-validate/build'
#15 91.47 .../node_modules/utf-8-validate install:   CC(target) Release/obj.target/validation/src/validation.o
#15 91.57 .../node_modules/bufferutil install:   SOLINK_MODULE(target) Release/obj.target/bufferutil.node
#15 91.68 .../node_modules/utf-8-validate install:   SOLINK_MODULE(target) Release/obj.target/validation.node
#15 91.73 .../node_modules/utf-8-validate install:   COPY Release/validation.node
#15 91.73 .../node_modules/bufferutil install:   COPY Release/bufferutil.node
#15 91.76 .../node_modules/bufferutil install: make: Leaving directory '/app/node_modules/.pnpm/bufferutil@4.0.9/node_modules/bufferutil/build'
#15 91.76 .../node_modules/utf-8-validate install: make: Leaving directory '/app/node_modules/.pnpm/utf-8-validate@5.0.10/node_modules/utf-8-validate/build'
#15 91.76 .../node_modules/bufferutil install: gyp info ok 
#15 91.77 .../node_modules/utf-8-validate install: gyp info ok 
#15 91.82 .../keccak@3.0.4/node_modules/keccak install:   CC(target) Release/obj.target/keccak/src/libkeccak-64/KeccakP-1600-opt64.o
#15 91.84 .../node_modules/utf-8-validate install: Done
#15 91.85 .../node_modules/bufferutil install: Done
#15 96.10 .../keccak@3.0.4/node_modules/keccak install: rm -f Release/obj.target/keccak.a Release/obj.target/keccak.a.ar-file-list; mkdir -p `dirname Release/obj.target/keccak.a`
#15 96.11 .../keccak@3.0.4/node_modules/keccak install: ar crs Release/obj.target/keccak.a @Release/obj.target/keccak.a.ar-file-list
#15 96.12 .../keccak@3.0.4/node_modules/keccak install:   COPY Release/keccak.a
#15 96.13 .../keccak@3.0.4/node_modules/keccak install:   CXX(target) Release/obj.target/addon/src/addon.o
#15 98.17 .../keccak@3.0.4/node_modules/keccak install:   SOLINK_MODULE(target) Release/obj.target/addon.node
#15 98.22 .../keccak@3.0.4/node_modules/keccak install:   COPY Release/addon.node
#15 98.23 .../keccak@3.0.4/node_modules/keccak install: make: Leaving directory '/app/node_modules/.pnpm/keccak@3.0.4/node_modules/keccak/build'
#15 98.25 .../keccak@3.0.4/node_modules/keccak install: gyp info ok 
#15 98.34 .../keccak@3.0.4/node_modules/keccak install: Done
#15 98.42 .../node_modules/@reown/appkit postinstall$ node scripts/appkit-version-check.js
#15 98.60 .../node_modules/@reown/appkit postinstall: Could not find consumer project with @reown/appkit dependencies
#15 98.60 .../node_modules/@reown/appkit postinstall: Done
#15 99.49 
#15 99.49 dependencies:
#15 99.49 + @hookform/resolvers 5.2.2
#15 99.49 + @privy-io/react-auth 3.8.1
#15 99.49 + @tanstack/react-query 5.90.12
#15 99.49 + @tanstack/react-router 1.141.2
#15 99.49 + @tanstack/react-table 8.21.3
#15 99.49 + class-variance-authority 0.7.1
#15 99.49 + clsx 2.1.1
#15 99.49 + framer-motion 12.23.26
#15 99.49 + gsap 3.14.2
#15 99.49 + lucide-react 0.552.0
#15 99.49 + motion 12.23.26
#15 99.49 + react 19.2.3
#15 99.49 + react-dom 19.2.3
#15 99.49 + react-hook-form 7.68.0
#15 99.49 + recharts 3.5.1
#15 99.49 + tailwind-merge 3.4.0
#15 99.49 + tw-animate-css 1.4.0
#15 99.49 + viem 2.38.6
#15 99.49 + wagmi 2.19.5
#15 99.49 + zod 3.25.76
#15 99.49 
#15 99.49 devDependencies:
#15 99.49 + @playwright/test 1.57.0
#15 99.49 + @tailwindcss/postcss 4.1.18
#15 99.49 + husky 9.1.7
#15 99.49 + turbo 2.6.3
#15 99.49 + typescript 5.9.3
#15 99.49 
#15 99.57 . prepare$ husky
#15 99.59 apps/web prepare$ husky
#15 99.69 . prepare: .git can't be found
#15 99.69 apps/web prepare: .git can't be found
#15 99.69 . prepare: Done
#15 99.69 apps/web prepare: Done
#15 99.73 Done in 1m 36.6s
#15 DONE 101.6s

#16 [frontend-base-sepolia builder  9/10] COPY . .
#16 DONE 57.9s

#17 [frontend-base-sepolia builder 10/10] RUN pnpm --filter web run build:base-sepolia:docker
#17 4.358 
#17 4.358 > web@0.1.0 build:base-sepolia:docker /app/apps/web
#17 4.358 > rm -f .env && cp .env.base-sepolia .env && pnpm exec vite build
#17 4.358 
#17 5.747 NODE_ENV=production is not supported in the .env file. Only NODE_ENV=development is supported to create a development build of your project. If you need to set process.env.NODE_ENV, you can set it in the Vite config instead.
#17 6.363 [tsconfig-paths] An error occurred while parsing "/app/apps/mobile/tsconfig.json". See below for details. To disable this message, set the `ignoreConfigErrors` option to true.
#17 6.382 TSConfckParseError: failed to resolve "extends":"expo/tsconfig.base" in /app/apps/mobile/tsconfig.json
#17 6.382     at resolveExtends (file:///app/node_modules/.pnpm/tsconfck@3.1.6_typescript@5.9.3/node_modules/tsconfck/src/parse.js:262:8)
#17 6.382     at parseExtends (file:///app/node_modules/.pnpm/tsconfck@3.1.6_typescript@5.9.3/node_modules/tsconfck/src/parse.js:197:24)
#17 6.382     ... 5 lines matching cause stack trace ...
#17 6.382     at async createBuilder (file:///app/node_modules/.pnpm/vite@7.2.7_@types+node@20.19.26_jiti@2.6.1_lightningcss@1.30.2_terser@5.44.1_yaml@2.8.2/node_modules/vite/dist/node/chunks/config.js:33874:19)
#17 6.382     at async CAC.<anonymous> (file:///app/node_modules/.pnpm/vite@7.2.7_@types+node@20.19.26_jiti@2.6.1_lightningcss@1.30.2_terser@5.44.1_yaml@2.8.2/node_modules/vite/dist/node/cli.js:629:10) {
#17 6.382   code: 'EXTENDS_RESOLVE',
#17 6.382   cause: Error: Cannot find module 'expo/tsconfig.base/tsconfig.json'
#17 6.382   Require stack:
#17 6.382   - /app/apps/mobile/tsconfig.json
#17 6.382       at Module._resolveFilename (node:internal/modules/cjs/loader:1207:15)
#17 6.382       at Function.resolve (node:internal/modules/helpers:193:19)
#17 6.382       at resolveExtends (file:///app/node_modules/.pnpm/tsconfck@3.1.6_typescript@5.9.3/node_modules/tsconfck/src/parse.js:256:15)
#17 6.382       at parseExtends (file:///app/node_modules/.pnpm/tsconfck@3.1.6_typescript@5.9.3/node_modules/tsconfck/src/parse.js:197:24)
#17 6.382       at Module.parse (file:///app/node_modules/.pnpm/tsconfck@3.1.6_typescript@5.9.3/node_modules/tsconfck/src/parse.js:54:23)
#17 6.382       at async Promise.all (index 2)
#17 6.382       at async BasicMinimalPluginContext.configResolved (file:///app/node_modules/.pnpm/vite-tsconfig-paths@5.1.4_typescript@5.9.3_vite@7.2.7_@types+node@20.19.26_jiti@2.6.1_lightni_d4ewfeftg3yxrcufhlp3r5oomq/node_modules/vite-tsconfig-paths/dist/index.js:117:9)
#17 6.382       at async Promise.all (index 1)
#17 6.382       at async resolveConfig (file:///app/node_modules/.pnpm/vite@7.2.7_@types+node@20.19.26_jiti@2.6.1_lightningcss@1.30.2_terser@5.44.1_yaml@2.8.2/node_modules/vite/dist/node/chunks/config.js:35673:2)
#17 6.382       at async createBuilder (file:///app/node_modules/.pnpm/vite@7.2.7_@types+node@20.19.26_jiti@2.6.1_lightningcss@1.30.2_terser@5.44.1_yaml@2.8.2/node_modules/vite/dist/node/chunks/config.js:33874:19) {
#17 6.382     code: 'MODULE_NOT_FOUND',
#17 6.382     requireStack: [ '/app/apps/mobile/tsconfig.json' ]
#17 6.382   },
#17 6.382   tsconfigFile: '/app/apps/mobile/tsconfig.json'
#17 6.382 }
#17 6.399 vite v7.2.7 building client environment for production...
#17 6.562 transforming...
#17 15.51 ../../node_modules/.pnpm/@privy-io+react-auth@3.8.1_@react-native-async-storage+async-storage@2.2.0_react-native@0.81._wohlufzm3e2uivsz4zdi7ax2py/node_modules/@privy-io/react-auth/dist/esm/usePrivy-BSIhOAz8.mjs (1:885): A comment
#17 15.51 
#17 15.51 "/*#__PURE__*/"
#17 15.51 
#17 15.51 in "../../node_modules/.pnpm/@privy-io+react-auth@3.8.1_@react-native-async-storage+async-storage@2.2.0_react-native@0.81._wohlufzm3e2uivsz4zdi7ax2py/node_modules/@privy-io/react-auth/dist/esm/usePrivy-BSIhOAz8.mjs" contains an annotation that Rollup cannot interpret due to the position of the comment. The comment will be removed to avoid issues.
#17 15.56 ../../node_modules/.pnpm/@privy-io+react-auth@3.8.1_@react-native-async-storage+async-storage@2.2.0_react-native@0.81._wohlufzm3e2uivsz4zdi7ax2py/node_modules/@privy-io/react-auth/dist/esm/get-is-unified-wallet-DXko-EzF.mjs (1:8185): A comment
#17 15.56 
#17 15.56 "/*#__PURE__*/"
#17 15.56 
#17 15.56 in "../../node_modules/.pnpm/@privy-io+react-auth@3.8.1_@react-native-async-storage+async-storage@2.2.0_react-native@0.81._wohlufzm3e2uivsz4zdi7ax2py/node_modules/@privy-io/react-auth/dist/esm/get-is-unified-wallet-DXko-EzF.mjs" contains an annotation that Rollup cannot interpret due to the position of the comment. The comment will be removed to avoid issues.
#17 15.56 ../../node_modules/.pnpm/@privy-io+react-auth@3.8.1_@react-native-async-storage+async-storage@2.2.0_react-native@0.81._wohlufzm3e2uivsz4zdi7ax2py/node_modules/@privy-io/react-auth/dist/esm/get-is-unified-wallet-DXko-EzF.mjs (1:8837): A comment
#17 15.56 
#17 15.56 "/*#__PURE__*/"
#17 15.56 
#17 15.56 in "../../node_modules/.pnpm/@privy-io+react-auth@3.8.1_@react-native-async-storage+async-storage@2.2.0_react-native@0.81._wohlufzm3e2uivsz4zdi7ax2py/node_modules/@privy-io/react-auth/dist/esm/get-is-unified-wallet-DXko-EzF.mjs" contains an annotation that Rollup cannot interpret due to the position of the comment. The comment will be removed to avoid issues.
#17 16.92 ../../node_modules/.pnpm/@privy-io+react-auth@3.8.1_@react-native-async-storage+async-storage@2.2.0_react-native@0.81._wohlufzm3e2uivsz4zdi7ax2py/node_modules/@privy-io/react-auth/dist/esm/prepareFundingModalData-CndHQFiM.mjs (1:5184): A comment
#17 16.92 
#17 16.92 "/*#__PURE__*/"
#17 16.92 
#17 16.92 in "../../node_modules/.pnpm/@privy-io+react-auth@3.8.1_@react-native-async-storage+async-storage@2.2.0_react-native@0.81._wohlufzm3e2uivsz4zdi7ax2py/node_modules/@privy-io/react-auth/dist/esm/prepareFundingModalData-CndHQFiM.mjs" contains an annotation that Rollup cannot interpret due to the position of the comment. The comment will be removed to avoid issues.
#17 23.00 ../../node_modules/.pnpm/@privy-io+react-auth@3.8.1_@react-native-async-storage+async-storage@2.2.0_react-native@0.81._wohlufzm3e2uivsz4zdi7ax2py/node_modules/@privy-io/react-auth/dist/esm/HCaptchaWrapper-Dl2Jt_Df.mjs (1:176): A comment
#17 23.00 
#17 23.00 "/*#__PURE__*/"
#17 23.00 
#17 23.00 in "../../node_modules/.pnpm/@privy-io+react-auth@3.8.1_@react-native-async-storage+async-storage@2.2.0_react-native@0.81._wohlufzm3e2uivsz4zdi7ax2py/node_modules/@privy-io/react-auth/dist/esm/HCaptchaWrapper-Dl2Jt_Df.mjs" contains an annotation that Rollup cannot interpret due to the position of the comment. The comment will be removed to avoid issues.
#17 23.02 ../../node_modules/.pnpm/@privy-io+react-auth@3.8.1_@react-native-async-storage+async-storage@2.2.0_react-native@0.81._wohlufzm3e2uivsz4zdi7ax2py/node_modules/@privy-io/react-auth/dist/esm/TurnstileWrapper-Co-t5mTh.mjs (1:217): A comment
#17 23.02 
#17 23.02 "/*#__PURE__*/"
#17 23.02 
#17 23.02 in "../../node_modules/.pnpm/@privy-io+react-auth@3.8.1_@react-native-async-storage+async-storage@2.2.0_react-native@0.81._wohlufzm3e2uivsz4zdi7ax2py/node_modules/@privy-io/react-auth/dist/esm/TurnstileWrapper-Co-t5mTh.mjs" contains an annotation that Rollup cannot interpret due to the position of the comment. The comment will be removed to avoid issues.
#17 23.08 ../../node_modules/.pnpm/@privy-io+react-auth@3.8.1_@react-native-async-storage+async-storage@2.2.0_react-native@0.81._wohlufzm3e2uivsz4zdi7ax2py/node_modules/@privy-io/react-auth/dist/esm/AffirmativeConsentScreen-BU4I5ISJ.mjs (1:1968): A comment
#17 23.08 
#17 23.08 "/*#__PURE__*/"
#17 23.08 
#17 23.08 in "../../node_modules/.pnpm/@privy-io+react-auth@3.8.1_@react-native-async-storage+async-storage@2.2.0_react-native@0.81._wohlufzm3e2uivsz4zdi7ax2py/node_modules/@privy-io/react-auth/dist/esm/AffirmativeConsentScreen-BU4I5ISJ.mjs" contains an annotation that Rollup cannot interpret due to the position of the comment. The comment will be removed to avoid issues.
#17 23.11 ../../node_modules/.pnpm/@privy-io+react-auth@3.8.1_@react-native-async-storage+async-storage@2.2.0_react-native@0.81._wohlufzm3e2uivsz4zdi7ax2py/node_modules/@privy-io/react-auth/dist/esm/AllowlistRejectionScreen-WgcCN6CH.mjs (1:1552): A comment
#17 23.11 
#17 23.11 "/*#__PURE__*/"
#17 23.11 
#17 23.11 in "../../node_modules/.pnpm/@privy-io+react-auth@3.8.1_@react-native-async-storage+async-storage@2.2.0_react-native@0.81._wohlufzm3e2uivsz4zdi7ax2py/node_modules/@privy-io/react-auth/dist/esm/AllowlistRejectionScreen-WgcCN6CH.mjs" contains an annotation that Rollup cannot interpret due to the position of the comment. The comment will be removed to avoid issues.
#17 23.12 ../../node_modules/.pnpm/@privy-io+react-auth@3.8.1_@react-native-async-storage+async-storage@2.2.0_react-native@0.81._wohlufzm3e2uivsz4zdi7ax2py/node_modules/@privy-io/react-auth/dist/esm/AccountNotFoundScreen-DQR0FatT.mjs (1:1401): A comment
#17 23.12 
#17 23.12 "/*#__PURE__*/"
#17 23.12 
#17 23.12 in "../../node_modules/.pnpm/@privy-io+react-auth@3.8.1_@react-native-async-storage+async-storage@2.2.0_react-native@0.81._wohlufzm3e2uivsz4zdi7ax2py/node_modules/@privy-io/react-auth/dist/esm/AccountNotFoundScreen-DQR0FatT.mjs" contains an annotation that Rollup cannot interpret due to the position of the comment. The comment will be removed to avoid issues.
#17 23.13 ../../node_modules/.pnpm/@privy-io+react-auth@3.8.1_@react-native-async-storage+async-storage@2.2.0_react-native@0.81._wohlufzm3e2uivsz4zdi7ax2py/node_modules/@privy-io/react-auth/dist/esm/AuthenticateWithWalletScreen-D6Zy69An.mjs (1:1759): A comment
#17 23.13 
#17 23.13 "/*#__PURE__*/"
#17 23.13 
#17 23.13 in "../../node_modules/.pnpm/@privy-io+react-auth@3.8.1_@react-native-async-storage+async-storage@2.2.0_react-native@0.81._wohlufzm3e2uivsz4zdi7ax2py/node_modules/@privy-io/react-auth/dist/esm/AuthenticateWithWalletScreen-D6Zy69An.mjs" contains an annotation that Rollup cannot interpret due to the position of the comment. The comment will be removed to avoid issues.
#17 23.17 ../../node_modules/.pnpm/@privy-io+react-auth@3.8.1_@react-native-async-storage+async-storage@2.2.0_react-native@0.81._wohlufzm3e2uivsz4zdi7ax2py/node_modules/@privy-io/react-auth/dist/esm/AwaitingPasswordlessCodeScreen-itJ4854u.mjs (1:2752): A comment
#17 23.17 
#17 23.17 "/*#__PURE__*/"
#17 23.17 
#17 23.17 in "../../node_modules/.pnpm/@privy-io+react-auth@3.8.1_@react-native-async-storage+async-storage@2.2.0_react-native@0.81._wohlufzm3e2uivsz4zdi7ax2py/node_modules/@privy-io/react-auth/dist/esm/AwaitingPasswordlessCodeScreen-itJ4854u.mjs" contains an annotation that Rollup cannot interpret due to the position of the comment. The comment will be removed to avoid issues.
#17 23.17 ../../node_modules/.pnpm/@privy-io+react-auth@3.8.1_@react-native-async-storage+async-storage@2.2.0_react-native@0.81._wohlufzm3e2uivsz4zdi7ax2py/node_modules/@privy-io/react-auth/dist/esm/AwaitingPasswordlessCodeScreen-itJ4854u.mjs (1:5760): A comment
#17 23.17 
#17 23.17 "/*#__PURE__*/"
#17 23.17 
#17 23.17 in "../../node_modules/.pnpm/@privy-io+react-auth@3.8.1_@react-native-async-storage+async-storage@2.2.0_react-native@0.81._wohlufzm3e2uivsz4zdi7ax2py/node_modules/@privy-io/react-auth/dist/esm/AwaitingPasswordlessCodeScreen-itJ4854u.mjs" contains an annotation that Rollup cannot interpret due to the position of the comment. The comment will be removed to avoid issues.
#17 23.26 ../../node_modules/.pnpm/@privy-io+react-auth@3.8.1_@react-native-async-storage+async-storage@2.2.0_react-native@0.81._wohlufzm3e2uivsz4zdi7ax2py/node_modules/@privy-io/react-auth/dist/esm/AwaitingExternalEthereumTransferScreen-Bq0rCErj.mjs (1:9474): A comment
#17 23.26 
#17 23.26 "/*#__PURE__*/"
#17 23.26 
#17 23.26 in "../../node_modules/.pnpm/@privy-io+react-auth@3.8.1_@react-native-async-storage+async-storage@2.2.0_react-native@0.81._wohlufzm3e2uivsz4zdi7ax2py/node_modules/@privy-io/react-auth/dist/esm/AwaitingExternalEthereumTransferScreen-Bq0rCErj.mjs" contains an annotation that Rollup cannot interpret due to the position of the comment. The comment will be removed to avoid issues.
#17 23.29 ../../node_modules/.pnpm/@privy-io+react-auth@3.8.1_@react-native-async-storage+async-storage@2.2.0_react-native@0.81._wohlufzm3e2uivsz4zdi7ax2py/node_modules/@privy-io/react-auth/dist/esm/AwaitingEvmToSolBridgingScreen-ByIVuwRF.mjs (1:7516): A comment
#17 23.29 
#17 23.29 "/*#__PURE__*/"
#17 23.29 
#17 23.29 in "../../node_modules/.pnpm/@privy-io+react-auth@3.8.1_@react-native-async-storage+async-storage@2.2.0_react-native@0.81._wohlufzm3e2uivsz4zdi7ax2py/node_modules/@privy-io/react-auth/dist/esm/AwaitingEvmToSolBridgingScreen-ByIVuwRF.mjs" contains an annotation that Rollup cannot interpret due to the position of the comment. The comment will be removed to avoid issues.
#17 23.32 ../../node_modules/.pnpm/@privy-io+react-auth@3.8.1_@react-native-async-storage+async-storage@2.2.0_react-native@0.81._wohlufzm3e2uivsz4zdi7ax2py/node_modules/@privy-io/react-auth/dist/esm/CaptchaScreen-BBjPbV4B.mjs (1:2100): A comment
#17 23.32 
#17 23.32 "/*#__PURE__*/"
#17 23.32 
#17 23.32 in "../../node_modules/.pnpm/@privy-io+react-auth@3.8.1_@react-native-async-storage+async-storage@2.2.0_react-native@0.81._wohlufzm3e2uivsz4zdi7ax2py/node_modules/@privy-io/react-auth/dist/esm/CaptchaScreen-BBjPbV4B.mjs" contains an annotation that Rollup cannot interpret due to the position of the comment. The comment will be removed to avoid issues.
#17 23.33 ../../node_modules/.pnpm/@privy-io+react-auth@3.8.1_@react-native-async-storage+async-storage@2.2.0_react-native@0.81._wohlufzm3e2uivsz4zdi7ax2py/node_modules/@privy-io/react-auth/dist/esm/CaptchaScreen-BBjPbV4B.mjs (1:3413): A comment
#17 23.33 
#17 23.33 "/*#__PURE__*/"
#17 23.33 
#17 23.33 in "../../node_modules/.pnpm/@privy-io+react-auth@3.8.1_@react-native-async-storage+async-storage@2.2.0_react-native@0.81._wohlufzm3e2uivsz4zdi7ax2py/node_modules/@privy-io/react-auth/dist/esm/CaptchaScreen-BBjPbV4B.mjs" contains an annotation that Rollup cannot interpret due to the position of the comment. The comment will be removed to avoid issues.
#17 23.33 ../../node_modules/.pnpm/@privy-io+react-auth@3.8.1_@react-native-async-storage+async-storage@2.2.0_react-native@0.81._wohlufzm3e2uivsz4zdi7ax2py/node_modules/@privy-io/react-auth/dist/esm/ConnectOnlyLandingScreen-CjVJO9uh.mjs (1:1615): A comment
#17 23.33 
#17 23.33 "/*#__PURE__*/"
#17 23.33 
#17 23.33 in "../../node_modules/.pnpm/@privy-io+react-auth@3.8.1_@react-native-async-storage+async-storage@2.2.0_react-native@0.81._wohlufzm3e2uivsz4zdi7ax2py/node_modules/@privy-io/react-auth/dist/esm/ConnectOnlyLandingScreen-CjVJO9uh.mjs" contains an annotation that Rollup cannot interpret due to the position of the comment. The comment will be removed to avoid issues.
#17 23.33 ../../node_modules/.pnpm/@privy-io+react-auth@3.8.1_@react-native-async-storage+async-storage@2.2.0_react-native@0.81._wohlufzm3e2uivsz4zdi7ax2py/node_modules/@privy-io/react-auth/dist/esm/ConnectLedgerScreen-TCVn5s4x.mjs (1:3008): A comment
#17 23.33 
#17 23.33 "/*#__PURE__*/"
#17 23.33 
#17 23.33 in "../../node_modules/.pnpm/@privy-io+react-auth@3.8.1_@react-native-async-storage+async-storage@2.2.0_react-native@0.81._wohlufzm3e2uivsz4zdi7ax2py/node_modules/@privy-io/react-auth/dist/esm/ConnectLedgerScreen-TCVn5s4x.mjs" contains an annotation that Rollup cannot interpret due to the position of the comment. The comment will be removed to avoid issues.
#17 23.42 ../../node_modules/.pnpm/@privy-io+react-auth@3.8.1_@react-native-async-storage+async-storage@2.2.0_react-native@0.81._wohlufzm3e2uivsz4zdi7ax2py/node_modules/@privy-io/react-auth/dist/esm/ConnectionStatusScreen-B3NfUQx_.mjs (1:3142): A comment
#17 23.42 
#17 23.42 "/*#__PURE__*/"
#17 23.42 
#17 23.42 in "../../node_modules/.pnpm/@privy-io+react-auth@3.8.1_@react-native-async-storage+async-storage@2.2.0_react-native@0.81._wohlufzm3e2uivsz4zdi7ax2py/node_modules/@privy-io/react-auth/dist/esm/ConnectionStatusScreen-B3NfUQx_.mjs" contains an annotation that Rollup cannot interpret due to the position of the comment. The comment will be removed to avoid issues.
#17 23.42 ../../node_modules/.pnpm/@privy-io+react-auth@3.8.1_@react-native-async-storage+async-storage@2.2.0_react-native@0.81._wohlufzm3e2uivsz4zdi7ax2py/node_modules/@privy-io/react-auth/dist/esm/ConnectionStatusScreen-B3NfUQx_.mjs (1:9414): A comment
#17 23.42 
#17 23.42 "/*#__PURE__*/"
#17 23.42 
#17 23.42 in "../../node_modules/.pnpm/@privy-io+react-auth@3.8.1_@react-native-async-storage+async-storage@2.2.0_react-native@0.81._wohlufzm3e2uivsz4zdi7ax2py/node_modules/@privy-io/react-auth/dist/esm/ConnectionStatusScreen-B3NfUQx_.mjs" contains an annotation that Rollup cannot interpret due to the position of the comment. The comment will be removed to avoid issues.
#17 23.44 ../../node_modules/.pnpm/@privy-io+react-auth@3.8.1_@react-native-async-storage+async-storage@2.2.0_react-native@0.81._wohlufzm3e2uivsz4zdi7ax2py/node_modules/@privy-io/react-auth/dist/esm/CrossAppAuthScreen-CnvB1lhx.mjs (1:2035): A comment
#17 23.44 
#17 23.44 "/*#__PURE__*/"
#17 23.44 
#17 23.44 in "../../node_modules/.pnpm/@privy-io+react-auth@3.8.1_@react-native-async-storage+async-storage@2.2.0_react-native@0.81._wohlufzm3e2uivsz4zdi7ax2py/node_modules/@privy-io/react-auth/dist/esm/CrossAppAuthScreen-CnvB1lhx.mjs" contains an annotation that Rollup cannot interpret due to the position of the comment. The comment will be removed to avoid issues.
#17 23.48 ../../node_modules/.pnpm/@privy-io+react-auth@3.8.1_@react-native-async-storage+async-storage@2.2.0_react-native@0.81._wohlufzm3e2uivsz4zdi7ax2py/node_modules/@privy-io/react-auth/dist/esm/EmbeddedWalletKeyExportScreen-CEo3FI_N.mjs (1:3690): A comment
#17 23.48 
#17 23.48 "/*#__PURE__*/"
#17 23.48 
#17 23.48 in "../../node_modules/.pnpm/@privy-io+react-auth@3.8.1_@react-native-async-storage+async-storage@2.2.0_react-native@0.81._wohlufzm3e2uivsz4zdi7ax2py/node_modules/@privy-io/react-auth/dist/esm/EmbeddedWalletKeyExportScreen-CEo3FI_N.mjs" contains an annotation that Rollup cannot interpret due to the position of the comment. The comment will be removed to avoid issues.
#17 23.49 ../../node_modules/.pnpm/@privy-io+react-auth@3.8.1_@react-native-async-storage+async-storage@2.2.0_react-native@0.81._wohlufzm3e2uivsz4zdi7ax2py/node_modules/@privy-io/react-auth/dist/esm/EmbeddedWalletOnAccountCreateScreen-C7cawTmQ.mjs (1:3522): A comment
#17 23.49 
#17 23.49 "/*#__PURE__*/"
#17 23.49 
#17 23.49 in "../../node_modules/.pnpm/@privy-io+react-auth@3.8.1_@react-native-async-storage+async-storage@2.2.0_react-native@0.81._wohlufzm3e2uivsz4zdi7ax2py/node_modules/@privy-io/react-auth/dist/esm/EmbeddedWalletOnAccountCreateScreen-C7cawTmQ.mjs" contains an annotation that Rollup cannot interpret due to the position of the comment. The comment will be removed to avoid issues.
#17 23.67 ../../node_modules/.pnpm/@privy-io+react-auth@3.8.1_@react-native-async-storage+async-storage@2.2.0_react-native@0.81._wohlufzm3e2uivsz4zdi7ax2py/node_modules/@privy-io/react-auth/dist/esm/EmbeddedWalletPasswordUpdateScreen-GdNNmtZR.mjs (1:2481): A comment
#17 23.67 
#17 23.67 "/*#__PURE__*/"
#17 23.67 
#17 23.67 in "../../node_modules/.pnpm/@privy-io+react-auth@3.8.1_@react-native-async-storage+async-storage@2.2.0_react-native@0.81._wohlufzm3e2uivsz4zdi7ax2py/node_modules/@privy-io/react-auth/dist/esm/EmbeddedWalletPasswordUpdateScreen-GdNNmtZR.mjs" contains an annotation that Rollup cannot interpret due to the position of the comment. The comment will be removed to avoid issues.
#17 23.88 ../../node_modules/.pnpm/@privy-io+react-auth@3.8.1_@react-native-async-storage+async-storage@2.2.0_react-native@0.81._wohlufzm3e2uivsz4zdi7ax2py/node_modules/@privy-io/react-auth/dist/esm/FarcasterSignerStatusScreen-MQ2QrijY.mjs (1:4675): A comment
#17 23.88 
#17 23.88 "/*#__PURE__*/"
#17 23.88 
#17 23.88 in "../../node_modules/.pnpm/@privy-io+react-auth@3.8.1_@react-native-async-storage+async-storage@2.2.0_react-native@0.81._wohlufzm3e2uivsz4zdi7ax2py/node_modules/@privy-io/react-auth/dist/esm/FarcasterSignerStatusScreen-MQ2QrijY.mjs" contains an annotation that Rollup cannot interpret due to the position of the comment. The comment will be removed to avoid issues.
#17 23.92 ../../node_modules/.pnpm/@privy-io+react-auth@3.8.1_@react-native-async-storage+async-storage@2.2.0_react-native@0.81._wohlufzm3e2uivsz4zdi7ax2py/node_modules/@privy-io/react-auth/dist/esm/RecoveryPasswordCreateScreen-DdzD09T3.mjs (1:3531): A comment
#17 23.92 
#17 23.92 "/*#__PURE__*/"
#17 23.92 
#17 23.92 in "../../node_modules/.pnpm/@privy-io+react-auth@3.8.1_@react-native-async-storage+async-storage@2.2.0_react-native@0.81._wohlufzm3e2uivsz4zdi7ax2py/node_modules/@privy-io/react-auth/dist/esm/RecoveryPasswordCreateScreen-DdzD09T3.mjs" contains an annotation that Rollup cannot interpret due to the position of the comment. The comment will be removed to avoid issues.
#17 23.99 ../../node_modules/.pnpm/@privy-io+react-auth@3.8.1_@react-native-async-storage+async-storage@2.2.0_react-native@0.81._wohlufzm3e2uivsz4zdi7ax2py/node_modules/@privy-io/react-auth/dist/esm/FundingEditAmountScreen-DiZ2-4XS.mjs (1:1659): A comment
#17 23.99 
#17 23.99 "/*#__PURE__*/"
#17 23.99 
#17 23.99 in "../../node_modules/.pnpm/@privy-io+react-auth@3.8.1_@react-native-async-storage+async-storage@2.2.0_react-native@0.81._wohlufzm3e2uivsz4zdi7ax2py/node_modules/@privy-io/react-auth/dist/esm/FundingEditAmountScreen-DiZ2-4XS.mjs" contains an annotation that Rollup cannot interpret due to the position of the comment. The comment will be removed to avoid issues.
#17 24.00 ../../node_modules/.pnpm/@privy-io+react-auth@3.8.1_@react-native-async-storage+async-storage@2.2.0_react-native@0.81._wohlufzm3e2uivsz4zdi7ax2py/node_modules/@privy-io/react-auth/dist/esm/FundSolWalletWithExternalSolanaWallet-DVaHCgDh.mjs (1:2531): A comment
#17 24.00 
#17 24.00 "/*#__PURE__*/"
#17 24.00 
#17 24.00 in "../../node_modules/.pnpm/@privy-io+react-auth@3.8.1_@react-native-async-storage+async-storage@2.2.0_react-native@0.81._wohlufzm3e2uivsz4zdi7ax2py/node_modules/@privy-io/react-auth/dist/esm/FundSolWalletWithExternalSolanaWallet-DVaHCgDh.mjs" contains an annotation that Rollup cannot interpret due to the position of the comment. The comment will be removed to avoid issues.
#17 24.20 ../../node_modules/.pnpm/@privy-io+react-auth@3.8.1_@react-native-async-storage+async-storage@2.2.0_react-native@0.81._wohlufzm3e2uivsz4zdi7ax2py/node_modules/@privy-io/react-auth/dist/esm/LinkEmailScreen-x_TPODcx.mjs (1:2059): A comment
#17 24.20 
#17 24.20 "/*#__PURE__*/"
#17 24.20 
#17 24.20 in "../../node_modules/.pnpm/@privy-io+react-auth@3.8.1_@react-native-async-storage+async-storage@2.2.0_react-native@0.81._wohlufzm3e2uivsz4zdi7ax2py/node_modules/@privy-io/react-auth/dist/esm/LinkEmailScreen-x_TPODcx.mjs" contains an annotation that Rollup cannot interpret due to the position of the comment. The comment will be removed to avoid issues.
#17 24.20 ../../node_modules/.pnpm/@privy-io+react-auth@3.8.1_@react-native-async-storage+async-storage@2.2.0_react-native@0.81._wohlufzm3e2uivsz4zdi7ax2py/node_modules/@privy-io/react-auth/dist/esm/InAppBrowserLoginNotPossible-CTnPeOBa.mjs (1:1285): A comment
#17 24.20 
#17 24.20 "/*#__PURE__*/"
#17 24.20 
#17 24.20 in "../../node_modules/.pnpm/@privy-io+react-auth@3.8.1_@react-native-async-storage+async-storage@2.2.0_react-native@0.81._wohlufzm3e2uivsz4zdi7ax2py/node_modules/@privy-io/react-auth/dist/esm/InAppBrowserLoginNotPossible-CTnPeOBa.mjs" contains an annotation that Rollup cannot interpret due to the position of the comment. The comment will be removed to avoid issues.
#17 24.20 ../../node_modules/.pnpm/@privy-io+react-auth@3.8.1_@react-native-async-storage+async-storage@2.2.0_react-native@0.81._wohlufzm3e2uivsz4zdi7ax2py/node_modules/@privy-io/react-auth/dist/esm/ErrorScreen-NoHFWbKU.mjs (1:4225): A comment
#17 24.20 
#17 24.20 "/*#__PURE__*/"
#17 24.20 
#17 24.20 in "../../node_modules/.pnpm/@privy-io+react-auth@3.8.1_@react-native-async-storage+async-storage@2.2.0_react-native@0.81._wohlufzm3e2uivsz4zdi7ax2py/node_modules/@privy-io/react-auth/dist/esm/ErrorScreen-NoHFWbKU.mjs" contains an annotation that Rollup cannot interpret due to the position of the comment. The comment will be removed to avoid issues.
#17 24.20 ../../node_modules/.pnpm/@privy-io+react-auth@3.8.1_@react-native-async-storage+async-storage@2.2.0_react-native@0.81._wohlufzm3e2uivsz4zdi7ax2py/node_modules/@privy-io/react-auth/dist/esm/ErrorScreen-NoHFWbKU.mjs (1:4706): A comment
#17 24.20 
#17 24.20 "/*#__PURE__*/"
#17 24.20 
#17 24.20 in "../../node_modules/.pnpm/@privy-io+react-auth@3.8.1_@react-native-async-storage+async-storage@2.2.0_react-native@0.81._wohlufzm3e2uivsz4zdi7ax2py/node_modules/@privy-io/react-auth/dist/esm/ErrorScreen-NoHFWbKU.mjs" contains an annotation that Rollup cannot interpret due to the position of the comment. The comment will be removed to avoid issues.
#17 24.26 ../../node_modules/.pnpm/@privy-io+react-auth@3.8.1_@react-native-async-storage+async-storage@2.2.0_react-native@0.81._wohlufzm3e2uivsz4zdi7ax2py/node_modules/@privy-io/react-auth/dist/esm/FundingMethodSelectionScreen-yZenKs6o.mjs (1:9764): A comment
#17 24.26 
#17 24.26 "/*#__PURE__*/"
#17 24.26 
#17 24.26 in "../../node_modules/.pnpm/@privy-io+react-auth@3.8.1_@react-native-async-storage+async-storage@2.2.0_react-native@0.81._wohlufzm3e2uivsz4zdi7ax2py/node_modules/@privy-io/react-auth/dist/esm/FundingMethodSelectionScreen-yZenKs6o.mjs" contains an annotation that Rollup cannot interpret due to the position of the comment. The comment will be removed to avoid issues.
#17 24.29 ../../node_modules/.pnpm/@privy-io+react-auth@3.8.1_@react-native-async-storage+async-storage@2.2.0_react-native@0.81._wohlufzm3e2uivsz4zdi7ax2py/node_modules/@privy-io/react-auth/dist/esm/LoginFailedScreen-CoukYLVP.mjs (1:1411): A comment
#17 24.29 
#17 24.29 "/*#__PURE__*/"
#17 24.29 
#17 24.29 in "../../node_modules/.pnpm/@privy-io+react-auth@3.8.1_@react-native-async-storage+async-storage@2.2.0_react-native@0.81._wohlufzm3e2uivsz4zdi7ax2py/node_modules/@privy-io/react-auth/dist/esm/LoginFailedScreen-CoukYLVP.mjs" contains an annotation that Rollup cannot interpret due to the position of the comment. The comment will be removed to avoid issues.
#17 24.32 ../../node_modules/.pnpm/@privy-io+react-auth@3.8.1_@react-native-async-storage+async-storage@2.2.0_react-native@0.81._wohlufzm3e2uivsz4zdi7ax2py/node_modules/@privy-io/react-auth/dist/esm/LinkPasskeyScreen-D9IfHaec.mjs (1:2099): A comment
#17 24.32 
#17 24.32 "/*#__PURE__*/"
#17 24.32 
#17 24.32 in "../../node_modules/.pnpm/@privy-io+react-auth@3.8.1_@react-native-async-storage+async-storage@2.2.0_react-native@0.81._wohlufzm3e2uivsz4zdi7ax2py/node_modules/@privy-io/react-auth/dist/esm/LinkPasskeyScreen-D9IfHaec.mjs" contains an annotation that Rollup cannot interpret due to the position of the comment. The comment will be removed to avoid issues.
#17 24.32 ../../node_modules/.pnpm/@privy-io+react-auth@3.8.1_@react-native-async-storage+async-storage@2.2.0_react-native@0.81._wohlufzm3e2uivsz4zdi7ax2py/node_modules/@privy-io/react-auth/dist/esm/LinkPasskeyScreen-D9IfHaec.mjs (1:2233): A comment
#17 24.32 
#17 24.32 "/*#__PURE__*/"
#17 24.32 
#17 24.32 in "../../node_modules/.pnpm/@privy-io+react-auth@3.8.1_@react-native-async-storage+async-storage@2.2.0_react-native@0.81._wohlufzm3e2uivsz4zdi7ax2py/node_modules/@privy-io/react-auth/dist/esm/LinkPasskeyScreen-D9IfHaec.mjs" contains an annotation that Rollup cannot interpret due to the position of the comment. The comment will be removed to avoid issues.
#17 24.34 ../../node_modules/.pnpm/@privy-io+react-auth@3.8.1_@react-native-async-storage+async-storage@2.2.0_react-native@0.81._wohlufzm3e2uivsz4zdi7ax2py/node_modules/@privy-io/react-auth/dist/esm/LinkPhoneScreen-DaK-7otl.mjs (1:1343): A comment
#17 24.34 
#17 24.34 "/*#__PURE__*/"
#17 24.34 
#17 24.34 in "../../node_modules/.pnpm/@privy-io+react-auth@3.8.1_@react-native-async-storage+async-storage@2.2.0_react-native@0.81._wohlufzm3e2uivsz4zdi7ax2py/node_modules/@privy-io/react-auth/dist/esm/LinkPhoneScreen-DaK-7otl.mjs" contains an annotation that Rollup cannot interpret due to the position of the comment. The comment will be removed to avoid issues.
#17 24.34 ../../node_modules/.pnpm/@privy-io+react-auth@3.8.1_@react-native-async-storage+async-storage@2.2.0_react-native@0.81._wohlufzm3e2uivsz4zdi7ax2py/node_modules/@privy-io/react-auth/dist/esm/LinkPhoneScreen-DaK-7otl.mjs (1:1704): A comment
#17 24.34 
#17 24.34 "/*#__PURE__*/"
#17 24.34 
#17 24.34 in "../../node_modules/.pnpm/@privy-io+react-auth@3.8.1_@react-native-async-storage+async-storage@2.2.0_react-native@0.81._wohlufzm3e2uivsz4zdi7ax2py/node_modules/@privy-io/react-auth/dist/esm/LinkPhoneScreen-DaK-7otl.mjs" contains an annotation that Rollup cannot interpret due to the position of the comment. The comment will be removed to avoid issues.
#17 24.34 ../../node_modules/.pnpm/@privy-io+react-auth@3.8.1_@react-native-async-storage+async-storage@2.2.0_react-native@0.81._wohlufzm3e2uivsz4zdi7ax2py/node_modules/@privy-io/react-auth/dist/esm/LinkConflictScreen-BnoDRUE0.mjs (1:1847): A comment
#17 24.34 
#17 24.34 "/*#__PURE__*/"
#17 24.34 
#17 24.34 in "../../node_modules/.pnpm/@privy-io+react-auth@3.8.1_@react-native-async-storage+async-storage@2.2.0_react-native@0.81._wohlufzm3e2uivsz4zdi7ax2py/node_modules/@privy-io/react-auth/dist/esm/LinkConflictScreen-BnoDRUE0.mjs" contains an annotation that Rollup cannot interpret due to the position of the comment. The comment will be removed to avoid issues.
#17 24.34 ../../node_modules/.pnpm/@privy-io+react-auth@3.8.1_@react-native-async-storage+async-storage@2.2.0_react-native@0.81._wohlufzm3e2uivsz4zdi7ax2py/node_modules/@privy-io/react-auth/dist/esm/LinkConflictScreen-BnoDRUE0.mjs (1:4448): A comment
#17 24.34 
#17 24.34 "/*#__PURE__*/"
#17 24.34 
#17 24.34 in "../../node_modules/.pnpm/@privy-io+react-auth@3.8.1_@react-native-async-storage+async-storage@2.2.0_react-native@0.81._wohlufzm3e2uivsz4zdi7ax2py/node_modules/@privy-io/react-auth/dist/esm/LinkConflictScreen-BnoDRUE0.mjs" contains an annotation that Rollup cannot interpret due to the position of the comment. The comment will be removed to avoid issues.
#17 24.34 ../../node_modules/.pnpm/@privy-io+react-auth@3.8.1_@react-native-async-storage+async-storage@2.2.0_react-native@0.81._wohlufzm3e2uivsz4zdi7ax2py/node_modules/@privy-io/react-auth/dist/esm/LinkConflictScreen-BnoDRUE0.mjs (1:7163): A comment
#17 24.34 
#17 24.34 "/*#__PURE__*/"
#17 24.34 
#17 24.34 in "../../node_modules/.pnpm/@privy-io+react-auth@3.8.1_@react-native-async-storage+async-storage@2.2.0_react-native@0.81._wohlufzm3e2uivsz4zdi7ax2py/node_modules/@privy-io/react-auth/dist/esm/LinkConflictScreen-BnoDRUE0.mjs" contains an annotation that Rollup cannot interpret due to the position of the comment. The comment will be removed to avoid issues.
#17 24.47 ../../node_modules/.pnpm/@privy-io+react-auth@3.8.1_@react-native-async-storage+async-storage@2.2.0_react-native@0.81._wohlufzm3e2uivsz4zdi7ax2py/node_modules/@privy-io/react-auth/dist/esm/ManualTransferScreen-DdumQnbt.mjs (1:5399): A comment
#17 24.47 
#17 24.47 "/*#__PURE__*/"
#17 24.47 
#17 24.47 in "../../node_modules/.pnpm/@privy-io+react-auth@3.8.1_@react-native-async-storage+async-storage@2.2.0_react-native@0.81._wohlufzm3e2uivsz4zdi7ax2py/node_modules/@privy-io/react-auth/dist/esm/ManualTransferScreen-DdumQnbt.mjs" contains an annotation that Rollup cannot interpret due to the position of the comment. The comment will be removed to avoid issues.
#17 24.50 ../../node_modules/.pnpm/@privy-io+react-auth@3.8.1_@react-native-async-storage+async-storage@2.2.0_react-native@0.81._wohlufzm3e2uivsz4zdi7ax2py/node_modules/@privy-io/react-auth/dist/esm/MfaAuthEnrollmentFlowScreen-BsRpCR72.mjs (1:3655): A comment
#17 24.50 
#17 24.50 "/*#__PURE__*/"
#17 24.50 
#17 24.50 in "../../node_modules/.pnpm/@privy-io+react-auth@3.8.1_@react-native-async-storage+async-storage@2.2.0_react-native@0.81._wohlufzm3e2uivsz4zdi7ax2py/node_modules/@privy-io/react-auth/dist/esm/MfaAuthEnrollmentFlowScreen-BsRpCR72.mjs" contains an annotation that Rollup cannot interpret due to the position of the comment. The comment will be removed to avoid issues.
#17 24.50 ../../node_modules/.pnpm/@privy-io+react-auth@3.8.1_@react-native-async-storage+async-storage@2.2.0_react-native@0.81._wohlufzm3e2uivsz4zdi7ax2py/node_modules/@privy-io/react-auth/dist/esm/MfaAuthEnrollmentFlowScreen-BsRpCR72.mjs (1:3901): A comment
#17 24.50 
#17 24.50 "/*#__PURE__*/"
#17 24.50 
#17 24.50 in "../../node_modules/.pnpm/@privy-io+react-auth@3.8.1_@react-native-async-storage+async-storage@2.2.0_react-native@0.81._wohlufzm3e2uivsz4zdi7ax2py/node_modules/@privy-io/react-auth/dist/esm/MfaAuthEnrollmentFlowScreen-BsRpCR72.mjs" contains an annotation that Rollup cannot interpret due to the position of the comment. The comment will be removed to avoid issues.
#17 24.51 ../../node_modules/.pnpm/@privy-io+react-auth@3.8.1_@react-native-async-storage+async-storage@2.2.0_react-native@0.81._wohlufzm3e2uivsz4zdi7ax2py/node_modules/@privy-io/react-auth/dist/esm/MfaAuthEnrollmentFlowScreen-BsRpCR72.mjs (1:4590): A comment
#17 24.51 
#17 24.51 "/*#__PURE__*/"
#17 24.51 
#17 24.51 in "../../node_modules/.pnpm/@privy-io+react-auth@3.8.1_@react-native-async-storage+async-storage@2.2.0_react-native@0.81._wohlufzm3e2uivsz4zdi7ax2py/node_modules/@privy-io/react-auth/dist/esm/MfaAuthEnrollmentFlowScreen-BsRpCR72.mjs" contains an annotation that Rollup cannot interpret due to the position of the comment. The comment will be removed to avoid issues.
#17 24.56 ../../node_modules/.pnpm/@privy-io+react-auth@3.8.1_@react-native-async-storage+async-storage@2.2.0_react-native@0.81._wohlufzm3e2uivsz4zdi7ax2py/node_modules/@privy-io/react-auth/dist/esm/PasskeySelectSignupOrLogin-Dvxli58H.mjs (1:2045): A comment
#17 24.56 
#17 24.56 "/*#__PURE__*/"
#17 24.56 
#17 24.56 in "../../node_modules/.pnpm/@privy-io+react-auth@3.8.1_@react-native-async-storage+async-storage@2.2.0_react-native@0.81._wohlufzm3e2uivsz4zdi7ax2py/node_modules/@privy-io/react-auth/dist/esm/PasskeySelectSignupOrLogin-Dvxli58H.mjs" contains an annotation that Rollup cannot interpret due to the position of the comment. The comment will be removed to avoid issues.
#17 24.61 ../../node_modules/.pnpm/@privy-io+react-auth@3.8.1_@react-native-async-storage+async-storage@2.2.0_react-native@0.81._wohlufzm3e2uivsz4zdi7ax2py/node_modules/@privy-io/react-auth/dist/esm/MoonpayStatusScreen-DhMZLroP.mjs (1:2926): A comment
#17 24.61 
#17 24.61 "/*#__PURE__*/"
#17 24.61 
#17 24.61 in "../../node_modules/.pnpm/@privy-io+react-auth@3.8.1_@react-native-async-storage+async-storage@2.2.0_react-native@0.81._wohlufzm3e2uivsz4zdi7ax2py/node_modules/@privy-io/react-auth/dist/esm/MoonpayStatusScreen-DhMZLroP.mjs" contains an annotation that Rollup cannot interpret due to the position of the comment. The comment will be removed to avoid issues.
#17 24.61 ../../node_modules/.pnpm/@privy-io+react-auth@3.8.1_@react-native-async-storage+async-storage@2.2.0_react-native@0.81._wohlufzm3e2uivsz4zdi7ax2py/node_modules/@privy-io/react-auth/dist/esm/MoonpayStatusScreen-DhMZLroP.mjs (1:3758): A comment
#17 24.61 
#17 24.61 "/*#__PURE__*/"
#17 24.61 
#17 24.61 in "../../node_modules/.pnpm/@privy-io+react-auth@3.8.1_@react-native-async-storage+async-storage@2.2.0_react-native@0.81._wohlufzm3e2uivsz4zdi7ax2py/node_modules/@privy-io/react-auth/dist/esm/MoonpayStatusScreen-DhMZLroP.mjs" contains an annotation that Rollup cannot interpret due to the position of the comment. The comment will be removed to avoid issues.
#17 24.61 ../../node_modules/.pnpm/@privy-io+react-auth@3.8.1_@react-native-async-storage+async-storage@2.2.0_react-native@0.81._wohlufzm3e2uivsz4zdi7ax2py/node_modules/@privy-io/react-auth/dist/esm/MoonpayStatusScreen-DhMZLroP.mjs (1:4076): A comment
#17 24.61 
#17 24.61 "/*#__PURE__*/"
#17 24.61 
#17 24.61 in "../../node_modules/.pnpm/@privy-io+react-auth@3.8.1_@react-native-async-storage+async-storage@2.2.0_react-native@0.81._wohlufzm3e2uivsz4zdi7ax2py/node_modules/@privy-io/react-auth/dist/esm/MoonpayStatusScreen-DhMZLroP.mjs" contains an annotation that Rollup cannot interpret due to the position of the comment. The comment will be removed to avoid issues.
#17 24.62 ../../node_modules/.pnpm/@privy-io+react-auth@3.8.1_@react-native-async-storage+async-storage@2.2.0_react-native@0.81._wohlufzm3e2uivsz4zdi7ax2py/node_modules/@privy-io/react-auth/dist/esm/MoonpayStatusScreen-DhMZLroP.mjs (1:4872): A comment
#17 24.62 
#17 24.62 "/*#__PURE__*/"
#17 24.62 
#17 24.62 in "../../node_modules/.pnpm/@privy-io+react-auth@3.8.1_@react-native-async-storage+async-storage@2.2.0_react-native@0.81._wohlufzm3e2uivsz4zdi7ax2py/node_modules/@privy-io/react-auth/dist/esm/MoonpayStatusScreen-DhMZLroP.mjs" contains an annotation that Rollup cannot interpret due to the position of the comment. The comment will be removed to avoid issues.
#17 24.63 ../../node_modules/.pnpm/@privy-io+react-auth@3.8.1_@react-native-async-storage+async-storage@2.2.0_react-native@0.81._wohlufzm3e2uivsz4zdi7ax2py/node_modules/@privy-io/react-auth/dist/esm/MfaEnrollmentFlowScreen-CXyaDU1D.mjs (1:6518): A comment
#17 24.63 
#17 24.63 "/*#__PURE__*/"
#17 24.63 
#17 24.63 in "../../node_modules/.pnpm/@privy-io+react-auth@3.8.1_@react-native-async-storage+async-storage@2.2.0_react-native@0.81._wohlufzm3e2uivsz4zdi7ax2py/node_modules/@privy-io/react-auth/dist/esm/MfaEnrollmentFlowScreen-CXyaDU1D.mjs" contains an annotation that Rollup cannot interpret due to the position of the comment. The comment will be removed to avoid issues.
#17 24.63 ../../node_modules/.pnpm/@privy-io+react-auth@3.8.1_@react-native-async-storage+async-storage@2.2.0_react-native@0.81._wohlufzm3e2uivsz4zdi7ax2py/node_modules/@privy-io/react-auth/dist/esm/MfaEnrollmentFlowScreen-CXyaDU1D.mjs (1:6731): A comment
#17 24.63 
#17 24.63 "/*#__PURE__*/"
#17 24.63 
#17 24.63 in "../../node_modules/.pnpm/@privy-io+react-auth@3.8.1_@react-native-async-storage+async-storage@2.2.0_react-native@0.81._wohlufzm3e2uivsz4zdi7ax2py/node_modules/@privy-io/react-auth/dist/esm/MfaEnrollmentFlowScreen-CXyaDU1D.mjs" contains an annotation that Rollup cannot interpret due to the position of the comment. The comment will be removed to avoid issues.
#17 24.63 ../../node_modules/.pnpm/@privy-io+react-auth@3.8.1_@react-native-async-storage+async-storage@2.2.0_react-native@0.81._wohlufzm3e2uivsz4zdi7ax2py/node_modules/@privy-io/react-auth/dist/esm/MfaEnrollmentFlowScreen-CXyaDU1D.mjs (1:7287): A comment
#17 24.63 
#17 24.63 "/*#__PURE__*/"
#17 24.63 
#17 24.63 in "../../node_modules/.pnpm/@privy-io+react-auth@3.8.1_@react-native-async-storage+async-storage@2.2.0_react-native@0.81._wohlufzm3e2uivsz4zdi7ax2py/node_modules/@privy-io/react-auth/dist/esm/MfaEnrollmentFlowScreen-CXyaDU1D.mjs" contains an annotation that Rollup cannot interpret due to the position of the comment. The comment will be removed to avoid issues.
#17 24.63 ../../node_modules/.pnpm/@privy-io+react-auth@3.8.1_@react-native-async-storage+async-storage@2.2.0_react-native@0.81._wohlufzm3e2uivsz4zdi7ax2py/node_modules/@privy-io/react-auth/dist/esm/MfaEnrollmentFlowScreen-CXyaDU1D.mjs (1:7919): A comment
#17 24.63 
#17 24.63 "/*#__PURE__*/"
#17 24.63 
#17 24.63 in "../../node_modules/.pnpm/@privy-io+react-auth@3.8.1_@react-native-async-storage+async-storage@2.2.0_react-native@0.81._wohlufzm3e2uivsz4zdi7ax2py/node_modules/@privy-io/react-auth/dist/esm/MfaEnrollmentFlowScreen-CXyaDU1D.mjs" contains an annotation that Rollup cannot interpret due to the position of the comment. The comment will be removed to avoid issues.
#17 24.63 ../../node_modules/.pnpm/@privy-io+react-auth@3.8.1_@react-native-async-storage+async-storage@2.2.0_react-native@0.81._wohlufzm3e2uivsz4zdi7ax2py/node_modules/@privy-io/react-auth/dist/esm/MfaEnrollmentFlowScreen-CXyaDU1D.mjs (1:8620): A comment
#17 24.63 
#17 24.63 "/*#__PURE__*/"
#17 24.63 
#17 24.63 in "../../node_modules/.pnpm/@privy-io+react-auth@3.8.1_@react-native-async-storage+async-storage@2.2.0_react-native@0.81._wohlufzm3e2uivsz4zdi7ax2py/node_modules/@privy-io/react-auth/dist/esm/MfaEnrollmentFlowScreen-CXyaDU1D.mjs" contains an annotation that Rollup cannot interpret due to the position of the comment. The comment will be removed to avoid issues.
#17 24.66 ../../node_modules/.pnpm/@privy-io+react-auth@3.8.1_@react-native-async-storage+async-storage@2.2.0_react-native@0.81._wohlufzm3e2uivsz4zdi7ax2py/node_modules/@privy-io/react-auth/dist/esm/RecoveryOAuthStatusScreen-Dp7fnj5t.mjs (1:8623): A comment
#17 24.66 
#17 24.66 "/*#__PURE__*/"
#17 24.66 
#17 24.66 in "../../node_modules/.pnpm/@privy-io+react-auth@3.8.1_@react-native-async-storage+async-storage@2.2.0_react-native@0.81._wohlufzm3e2uivsz4zdi7ax2py/node_modules/@privy-io/react-auth/dist/esm/RecoveryOAuthStatusScreen-Dp7fnj5t.mjs" contains an annotation that Rollup cannot interpret due to the position of the comment. The comment will be removed to avoid issues.
#17 24.66 ../../node_modules/.pnpm/@privy-io+react-auth@3.8.1_@react-native-async-storage+async-storage@2.2.0_react-native@0.81._wohlufzm3e2uivsz4zdi7ax2py/node_modules/@privy-io/react-auth/dist/esm/RecoverySelectionScreen-D2nDGt4R.mjs (1:4141): A comment
#17 24.66 
#17 24.66 "/*#__PURE__*/"
#17 24.66 
#17 24.66 in "../../node_modules/.pnpm/@privy-io+react-auth@3.8.1_@react-native-async-storage+async-storage@2.2.0_react-native@0.81._wohlufzm3e2uivsz4zdi7ax2py/node_modules/@privy-io/react-auth/dist/esm/RecoverySelectionScreen-D2nDGt4R.mjs" contains an annotation that Rollup cannot interpret due to the position of the comment. The comment will be removed to avoid issues.
#17 24.66 ../../node_modules/.pnpm/@privy-io+react-auth@3.8.1_@react-native-async-storage+async-storage@2.2.0_react-native@0.81._wohlufzm3e2uivsz4zdi7ax2py/node_modules/@privy-io/react-auth/dist/esm/RecoverySelectionScreen-D2nDGt4R.mjs (1:4316): A comment
#17 24.66 
#17 24.66 "/*#__PURE__*/"
#17 24.66 
#17 24.66 in "../../node_modules/.pnpm/@privy-io+react-auth@3.8.1_@react-native-async-storage+async-storage@2.2.0_react-native@0.81._wohlufzm3e2uivsz4zdi7ax2py/node_modules/@privy-io/react-auth/dist/esm/RecoverySelectionScreen-D2nDGt4R.mjs" contains an annotation that Rollup cannot interpret due to the position of the comment. The comment will be removed to avoid issues.
#17 24.66 ../../node_modules/.pnpm/@privy-io+react-auth@3.8.1_@react-native-async-storage+async-storage@2.2.0_react-native@0.81._wohlufzm3e2uivsz4zdi7ax2py/node_modules/@privy-io/react-auth/dist/esm/RecoverySelectionScreen-D2nDGt4R.mjs (1:4492): A comment
#17 24.66 
#17 24.66 "/*#__PURE__*/"
#17 24.66 
#17 24.66 in "../../node_modules/.pnpm/@privy-io+react-auth@3.8.1_@react-native-async-storage+async-storage@2.2.0_react-native@0.81._wohlufzm3e2uivsz4zdi7ax2py/node_modules/@privy-io/react-auth/dist/esm/RecoverySelectionScreen-D2nDGt4R.mjs" contains an annotation that Rollup cannot interpret due to the position of the comment. The comment will be removed to avoid issues.
#17 24.67 ../../node_modules/.pnpm/@privy-io+react-auth@3.8.1_@react-native-async-storage+async-storage@2.2.0_react-native@0.81._wohlufzm3e2uivsz4zdi7ax2py/node_modules/@privy-io/react-auth/dist/esm/PasswordRecoveryScreen-CsdO4G6h.mjs (1:2494): A comment
#17 24.67 
#17 24.67 "/*#__PURE__*/"
#17 24.67 
#17 24.67 in "../../node_modules/.pnpm/@privy-io+react-auth@3.8.1_@react-native-async-storage+async-storage@2.2.0_react-native@0.81._wohlufzm3e2uivsz4zdi7ax2py/node_modules/@privy-io/react-auth/dist/esm/PasswordRecoveryScreen-CsdO4G6h.mjs" contains an annotation that Rollup cannot interpret due to the position of the comment. The comment will be removed to avoid issues.
#17 24.67 ../../node_modules/.pnpm/@privy-io+react-auth@3.8.1_@react-native-async-storage+async-storage@2.2.0_react-native@0.81._wohlufzm3e2uivsz4zdi7ax2py/node_modules/@privy-io/react-auth/dist/esm/SetAutomaticRecoveryScreen-g1kDOe61.mjs (1:1940): A comment
#17 24.67 
#17 24.67 "/*#__PURE__*/"
#17 24.67 
#17 24.67 in "../../node_modules/.pnpm/@privy-io+react-auth@3.8.1_@react-native-async-storage+async-storage@2.2.0_react-native@0.81._wohlufzm3e2uivsz4zdi7ax2py/node_modules/@privy-io/react-auth/dist/esm/SetAutomaticRecoveryScreen-g1kDOe61.mjs" contains an annotation that Rollup cannot interpret due to the position of the comment. The comment will be removed to avoid issues.
#17 24.72 ../../node_modules/.pnpm/@privy-io+react-auth@3.8.1_@react-native-async-storage+async-storage@2.2.0_react-native@0.81._wohlufzm3e2uivsz4zdi7ax2py/node_modules/@privy-io/react-auth/dist/esm/TelegramAuthScreen-B5uYbdxP.mjs (1:1880): A comment
#17 24.72 
#17 24.72 "/*#__PURE__*/"
#17 24.72 
#17 24.72 in "../../node_modules/.pnpm/@privy-io+react-auth@3.8.1_@react-native-async-storage+async-storage@2.2.0_react-native@0.81._wohlufzm3e2uivsz4zdi7ax2py/node_modules/@privy-io/react-auth/dist/esm/TelegramAuthScreen-B5uYbdxP.mjs" contains an annotation that Rollup cannot interpret due to the position of the comment. The comment will be removed to avoid issues.
#17 24.72 ../../node_modules/.pnpm/@privy-io+react-auth@3.8.1_@react-native-async-storage+async-storage@2.2.0_react-native@0.81._wohlufzm3e2uivsz4zdi7ax2py/node_modules/@privy-io/react-auth/dist/esm/TelegramAuthScreen-B5uYbdxP.mjs (1:4203): A comment
#17 24.72 
#17 24.72 "/*#__PURE__*/"
#17 24.72 
#17 24.72 in "../../node_modules/.pnpm/@privy-io+react-auth@3.8.1_@react-native-async-storage+async-storage@2.2.0_react-native@0.81._wohlufzm3e2uivsz4zdi7ax2py/node_modules/@privy-io/react-auth/dist/esm/TelegramAuthScreen-B5uYbdxP.mjs" contains an annotation that Rollup cannot interpret due to the position of the comment. The comment will be removed to avoid issues.
#17 24.73 ../../node_modules/.pnpm/@privy-io+react-auth@3.8.1_@react-native-async-storage+async-storage@2.2.0_react-native@0.81._wohlufzm3e2uivsz4zdi7ax2py/node_modules/@privy-io/react-auth/dist/esm/SignRequestScreen-DjLHkDxK.mjs (1:1851): A comment
#17 24.73 
#17 24.73 "/*#__PURE__*/"
#17 24.73 
#17 24.73 in "../../node_modules/.pnpm/@privy-io+react-auth@3.8.1_@react-native-async-storage+async-storage@2.2.0_react-native@0.81._wohlufzm3e2uivsz4zdi7ax2py/node_modules/@privy-io/react-auth/dist/esm/SignRequestScreen-DjLHkDxK.mjs" contains an annotation that Rollup cannot interpret due to the position of the comment. The comment will be removed to avoid issues.
#17 24.74 ../../node_modules/.pnpm/@privy-io+react-auth@3.8.1_@react-native-async-storage+async-storage@2.2.0_react-native@0.81._wohlufzm3e2uivsz4zdi7ax2py/node_modules/@privy-io/react-auth/dist/esm/SignRequestScreen-DjLHkDxK.mjs (1:3676): A comment
#17 24.74 
#17 24.74 "/*#__PURE__*/"
#17 24.74 
#17 24.74 in "../../node_modules/.pnpm/@privy-io+react-auth@3.8.1_@react-native-async-storage+async-storage@2.2.0_react-native@0.81._wohlufzm3e2uivsz4zdi7ax2py/node_modules/@privy-io/react-auth/dist/esm/SignRequestScreen-DjLHkDxK.mjs" contains an annotation that Rollup cannot interpret due to the position of the comment. The comment will be removed to avoid issues.
#17 24.74 ../../node_modules/.pnpm/@privy-io+react-auth@3.8.1_@react-native-async-storage+async-storage@2.2.0_react-native@0.81._wohlufzm3e2uivsz4zdi7ax2py/node_modules/@privy-io/react-auth/dist/esm/UpdatePhoneScreen-BoEnTnCl.mjs (1:1352): A comment
#17 24.74 
#17 24.74 "/*#__PURE__*/"
#17 24.74 
#17 24.74 in "../../node_modules/.pnpm/@privy-io+react-auth@3.8.1_@react-native-async-storage+async-storage@2.2.0_react-native@0.81._wohlufzm3e2uivsz4zdi7ax2py/node_modules/@privy-io/react-auth/dist/esm/UpdatePhoneScreen-BoEnTnCl.mjs" contains an annotation that Rollup cannot interpret due to the position of the comment. The comment will be removed to avoid issues.
#17 24.74 ../../node_modules/.pnpm/@privy-io+react-auth@3.8.1_@react-native-async-storage+async-storage@2.2.0_react-native@0.81._wohlufzm3e2uivsz4zdi7ax2py/node_modules/@privy-io/react-auth/dist/esm/UpdatePhoneScreen-BoEnTnCl.mjs (1:1774): A comment
#17 24.74 
#17 24.74 "/*#__PURE__*/"
#17 24.74 
#17 24.74 in "../../node_modules/.pnpm/@privy-io+react-auth@3.8.1_@react-native-async-storage+async-storage@2.2.0_react-native@0.81._wohlufzm3e2uivsz4zdi7ax2py/node_modules/@privy-io/react-auth/dist/esm/UpdatePhoneScreen-BoEnTnCl.mjs" contains an annotation that Rollup cannot interpret due to the position of the comment. The comment will be removed to avoid issues.
#17 24.75 ../../node_modules/.pnpm/@privy-io+react-auth@3.8.1_@react-native-async-storage+async-storage@2.2.0_react-native@0.81._wohlufzm3e2uivsz4zdi7ax2py/node_modules/@privy-io/react-auth/dist/esm/UpdateEmailScreen-DoDVvVCw.mjs (1:2861): A comment
#17 24.75 
#17 24.75 "/*#__PURE__*/"
#17 24.75 
#17 24.75 in "../../node_modules/.pnpm/@privy-io+react-auth@3.8.1_@react-native-async-storage+async-storage@2.2.0_react-native@0.81._wohlufzm3e2uivsz4zdi7ax2py/node_modules/@privy-io/react-auth/dist/esm/UpdateEmailScreen-DoDVvVCw.mjs" contains an annotation that Rollup cannot interpret due to the position of the comment. The comment will be removed to avoid issues.
#17 24.78 ../../node_modules/.pnpm/@privy-io+react-auth@3.8.1_@react-native-async-storage+async-storage@2.2.0_react-native@0.81._wohlufzm3e2uivsz4zdi7ax2py/node_modules/@privy-io/react-auth/dist/esm/index-Ce4cEnEO.mjs (1:15102): A comment
#17 24.78 
#17 24.78 "/*#__PURE__*/"
#17 24.78 
#17 24.78 in "../../node_modules/.pnpm/@privy-io+react-auth@3.8.1_@react-native-async-storage+async-storage@2.2.0_react-native@0.81._wohlufzm3e2uivsz4zdi7ax2py/node_modules/@privy-io/react-auth/dist/esm/index-Ce4cEnEO.mjs" contains an annotation that Rollup cannot interpret due to the position of the comment. The comment will be removed to avoid issues.
#17 24.78 ../../node_modules/.pnpm/@privy-io+react-auth@3.8.1_@react-native-async-storage+async-storage@2.2.0_react-native@0.81._wohlufzm3e2uivsz4zdi7ax2py/node_modules/@privy-io/react-auth/dist/esm/index-Ce4cEnEO.mjs (1:17904): A comment
#17 24.78 
#17 24.78 "/*#__PURE__*/"
#17 24.78 
#17 24.78 in "../../node_modules/.pnpm/@privy-io+react-auth@3.8.1_@react-native-async-storage+async-storage@2.2.0_react-native@0.81._wohlufzm3e2uivsz4zdi7ax2py/node_modules/@privy-io/react-auth/dist/esm/index-Ce4cEnEO.mjs" contains an annotation that Rollup cannot interpret due to the position of the comment. The comment will be removed to avoid issues.
#17 24.78 ../../node_modules/.pnpm/@privy-io+react-auth@3.8.1_@react-native-async-storage+async-storage@2.2.0_react-native@0.81._wohlufzm3e2uivsz4zdi7ax2py/node_modules/@privy-io/react-auth/dist/esm/index-Ce4cEnEO.mjs (1:18170): A comment
#17 24.78 
#17 24.78 "/*#__PURE__*/"
#17 24.78 
#17 24.78 in "../../node_modules/.pnpm/@privy-io+react-auth@3.8.1_@react-native-async-storage+async-storage@2.2.0_react-native@0.81._wohlufzm3e2uivsz4zdi7ax2py/node_modules/@privy-io/react-auth/dist/esm/index-Ce4cEnEO.mjs" contains an annotation that Rollup cannot interpret due to the position of the comment. The comment will be removed to avoid issues.
#17 24.78 ../../node_modules/.pnpm/@privy-io+react-auth@3.8.1_@react-native-async-storage+async-storage@2.2.0_react-native@0.81._wohlufzm3e2uivsz4zdi7ax2py/node_modules/@privy-io/react-auth/dist/esm/index-Ce4cEnEO.mjs (1:20300): A comment
#17 24.78 
#17 24.78 "/*#__PURE__*/"
#17 24.78 
#17 24.78 in "../../node_modules/.pnpm/@privy-io+react-auth@3.8.1_@react-native-async-storage+async-storage@2.2.0_react-native@0.81._wohlufzm3e2uivsz4zdi7ax2py/node_modules/@privy-io/react-auth/dist/esm/index-Ce4cEnEO.mjs" contains an annotation that Rollup cannot interpret due to the position of the comment. The comment will be removed to avoid issues.
#17 24.78 ../../node_modules/.pnpm/@privy-io+react-auth@3.8.1_@react-native-async-storage+async-storage@2.2.0_react-native@0.81._wohlufzm3e2uivsz4zdi7ax2py/node_modules/@privy-io/react-auth/dist/esm/index-Ce4cEnEO.mjs (1:20584): A comment
#17 24.78 
#17 24.78 "/*#__PURE__*/"
#17 24.78 
#17 24.78 in "../../node_modules/.pnpm/@privy-io+react-auth@3.8.1_@react-native-async-storage+async-storage@2.2.0_react-native@0.81._wohlufzm3e2uivsz4zdi7ax2py/node_modules/@privy-io/react-auth/dist/esm/index-Ce4cEnEO.mjs" contains an annotation that Rollup cannot interpret due to the position of the comment. The comment will be removed to avoid issues.
#17 24.79 ../../node_modules/.pnpm/@privy-io+react-auth@3.8.1_@react-native-async-storage+async-storage@2.2.0_react-native@0.81._wohlufzm3e2uivsz4zdi7ax2py/node_modules/@privy-io/react-auth/dist/esm/InstallWalletScreen-CBxWJiQf.mjs (1:1272): A comment
#17 24.79 
#17 24.79 "/*#__PURE__*/"
#17 24.79 
#17 24.79 in "../../node_modules/.pnpm/@privy-io+react-auth@3.8.1_@react-native-async-storage+async-storage@2.2.0_react-native@0.81._wohlufzm3e2uivsz4zdi7ax2py/node_modules/@privy-io/react-auth/dist/esm/InstallWalletScreen-CBxWJiQf.mjs" contains an annotation that Rollup cannot interpret due to the position of the comment. The comment will be removed to avoid issues.
#17 24.79 ../../node_modules/.pnpm/@privy-io+react-auth@3.8.1_@react-native-async-storage+async-storage@2.2.0_react-native@0.81._wohlufzm3e2uivsz4zdi7ax2py/node_modules/@privy-io/react-auth/dist/esm/InstallWalletScreen-CBxWJiQf.mjs (1:2152): A comment
#17 24.79 
#17 24.79 "/*#__PURE__*/"
#17 24.79 
#17 24.79 in "../../node_modules/.pnpm/@privy-io+react-auth@3.8.1_@react-native-async-storage+async-storage@2.2.0_react-native@0.81._wohlufzm3e2uivsz4zdi7ax2py/node_modules/@privy-io/react-auth/dist/esm/InstallWalletScreen-CBxWJiQf.mjs" contains an annotation that Rollup cannot interpret due to the position of the comment. The comment will be removed to avoid issues.
#17 25.15 ../../node_modules/.pnpm/@privy-io+react-auth@3.8.1_@react-native-async-storage+async-storage@2.2.0_react-native@0.81._wohlufzm3e2uivsz4zdi7ax2py/node_modules/@privy-io/react-auth/dist/esm/OAuthStatusScreen-BFVDc4G4.mjs (1:4254): A comment
#17 25.15 
#17 25.15 "/*#__PURE__*/"
#17 25.15 
#17 25.15 in "../../node_modules/.pnpm/@privy-io+react-auth@3.8.1_@react-native-async-storage+async-storage@2.2.0_react-native@0.81._wohlufzm3e2uivsz4zdi7ax2py/node_modules/@privy-io/react-auth/dist/esm/OAuthStatusScreen-BFVDc4G4.mjs" contains an annotation that Rollup cannot interpret due to the position of the comment. The comment will be removed to avoid issues.
#17 25.16 ../../node_modules/.pnpm/@privy-io+react-auth@3.8.1_@react-native-async-storage+async-storage@2.2.0_react-native@0.81._wohlufzm3e2uivsz4zdi7ax2py/node_modules/@privy-io/react-auth/dist/esm/CoinbaseOnrampStatusScreen-CZpfBNiz.mjs (1:3644): A comment
#17 25.16 
#17 25.16 "/*#__PURE__*/"
#17 25.16 
#17 25.16 in "../../node_modules/.pnpm/@privy-io+react-auth@3.8.1_@react-native-async-storage+async-storage@2.2.0_react-native@0.81._wohlufzm3e2uivsz4zdi7ax2py/node_modules/@privy-io/react-auth/dist/esm/CoinbaseOnrampStatusScreen-CZpfBNiz.mjs" contains an annotation that Rollup cannot interpret due to the position of the comment. The comment will be removed to avoid issues.
#17 25.16 ../../node_modules/.pnpm/@privy-io+react-auth@3.8.1_@react-native-async-storage+async-storage@2.2.0_react-native@0.81._wohlufzm3e2uivsz4zdi7ax2py/node_modules/@privy-io/react-auth/dist/esm/CoinbaseOnrampStatusScreen-CZpfBNiz.mjs (1:3967): A comment
#17 25.16 
#17 25.16 "/*#__PURE__*/"
#17 25.16 
#17 25.16 in "../../node_modules/.pnpm/@privy-io+react-auth@3.8.1_@react-native-async-storage+async-storage@2.2.0_react-native@0.81._wohlufzm3e2uivsz4zdi7ax2py/node_modules/@privy-io/react-auth/dist/esm/CoinbaseOnrampStatusScreen-CZpfBNiz.mjs" contains an annotation that Rollup cannot interpret due to the position of the comment. The comment will be removed to avoid issues.
#17 25.16 ../../node_modules/.pnpm/@privy-io+react-auth@3.8.1_@react-native-async-storage+async-storage@2.2.0_react-native@0.81._wohlufzm3e2uivsz4zdi7ax2py/node_modules/@privy-io/react-auth/dist/esm/CoinbaseOnrampStatusScreen-CZpfBNiz.mjs (1:4504): A comment
#17 25.16 
#17 25.16 "/*#__PURE__*/"
#17 25.16 
#17 25.16 in "../../node_modules/.pnpm/@privy-io+react-auth@3.8.1_@react-native-async-storage+async-storage@2.2.0_react-native@0.81._wohlufzm3e2uivsz4zdi7ax2py/node_modules/@privy-io/react-auth/dist/esm/CoinbaseOnrampStatusScreen-CZpfBNiz.mjs" contains an annotation that Rollup cannot interpret due to the position of the comment. The comment will be removed to avoid issues.
#17 25.20 ../../node_modules/.pnpm/@privy-io+react-auth@3.8.1_@react-native-async-storage+async-storage@2.2.0_react-native@0.81._wohlufzm3e2uivsz4zdi7ax2py/node_modules/@privy-io/react-auth/dist/esm/StandardSignAndSendTransactionScreen-CFqthHKF.mjs (1:17087): A comment
#17 25.20 
#17 25.20 "/*#__PURE__*/"
#17 25.20 
#17 25.20 in "../../node_modules/.pnpm/@privy-io+react-auth@3.8.1_@react-native-async-storage+async-storage@2.2.0_react-native@0.81._wohlufzm3e2uivsz4zdi7ax2py/node_modules/@privy-io/react-auth/dist/esm/StandardSignAndSendTransactionScreen-CFqthHKF.mjs" contains an annotation that Rollup cannot interpret due to the position of the comment. The comment will be removed to avoid issues.
#17 25.20 ../../node_modules/.pnpm/@privy-io+react-auth@3.8.1_@react-native-async-storage+async-storage@2.2.0_react-native@0.81._wohlufzm3e2uivsz4zdi7ax2py/node_modules/@privy-io/react-auth/dist/esm/StandardSignAndSendTransactionScreen-CFqthHKF.mjs (1:18095): A comment
#17 25.20 
#17 25.20 "/*#__PURE__*/"
#17 25.20 
#17 25.20 in "../../node_modules/.pnpm/@privy-io+react-auth@3.8.1_@react-native-async-storage+async-storage@2.2.0_react-native@0.81._wohlufzm3e2uivsz4zdi7ax2py/node_modules/@privy-io/react-auth/dist/esm/StandardSignAndSendTransactionScreen-CFqthHKF.mjs" contains an annotation that Rollup cannot interpret due to the position of the comment. The comment will be removed to avoid issues.
#17 25.34 ../../node_modules/.pnpm/@privy-io+react-auth@3.8.1_@react-native-async-storage+async-storage@2.2.0_react-native@0.81._wohlufzm3e2uivsz4zdi7ax2py/node_modules/@privy-io/react-auth/dist/esm/UserLimitReachedScreen-68Vv3bFU.mjs (1:1792): A comment
#17 25.34 
#17 25.34 "/*#__PURE__*/"
#17 25.34 
#17 25.34 in "../../node_modules/.pnpm/@privy-io+react-auth@3.8.1_@react-native-async-storage+async-storage@2.2.0_react-native@0.81._wohlufzm3e2uivsz4zdi7ax2py/node_modules/@privy-io/react-auth/dist/esm/UserLimitReachedScreen-68Vv3bFU.mjs" contains an annotation that Rollup cannot interpret due to the position of the comment. The comment will be removed to avoid issues.
#17 29.00 ../../node_modules/.pnpm/@privy-io+react-auth@3.8.1_@react-native-async-storage+async-storage@2.2.0_react-native@0.81._wohlufzm3e2uivsz4zdi7ax2py/node_modules/@privy-io/react-auth/dist/esm/Button-OlK_6fKk.mjs (1:265): A comment
#17 29.00 
#17 29.00 "/*#__PURE__*/"
#17 29.00 
#17 29.00 in "../../node_modules/.pnpm/@privy-io+react-auth@3.8.1_@react-native-async-storage+async-storage@2.2.0_react-native@0.81._wohlufzm3e2uivsz4zdi7ax2py/node_modules/@privy-io/react-auth/dist/esm/Button-OlK_6fKk.mjs" contains an annotation that Rollup cannot interpret due to the position of the comment. The comment will be removed to avoid issues.
#17 29.00 ../../node_modules/.pnpm/@privy-io+react-auth@3.8.1_@react-native-async-storage+async-storage@2.2.0_react-native@0.81._wohlufzm3e2uivsz4zdi7ax2py/node_modules/@privy-io/react-auth/dist/esm/Button-OlK_6fKk.mjs (1:327): A comment
#17 29.00 
#17 29.00 "/*#__PURE__*/"
#17 29.00 
#17 29.00 in "../../node_modules/.pnpm/@privy-io+react-auth@3.8.1_@react-native-async-storage+async-storage@2.2.0_react-native@0.81._wohlufzm3e2uivsz4zdi7ax2py/node_modules/@privy-io/react-auth/dist/esm/Button-OlK_6fKk.mjs" contains an annotation that Rollup cannot interpret due to the position of the comment. The comment will be removed to avoid issues.
#17 29.00 ../../node_modules/.pnpm/@privy-io+react-auth@3.8.1_@react-native-async-storage+async-storage@2.2.0_react-native@0.81._wohlufzm3e2uivsz4zdi7ax2py/node_modules/@privy-io/react-auth/dist/esm/Button-OlK_6fKk.mjs (1:398): A comment
#17 29.00 
#17 29.00 "/*#__PURE__*/"
#17 29.00 
#17 29.00 in "../../node_modules/.pnpm/@privy-io+react-auth@3.8.1_@react-native-async-storage+async-storage@2.2.0_react-native@0.81._wohlufzm3e2uivsz4zdi7ax2py/node_modules/@privy-io/react-auth/dist/esm/Button-OlK_6fKk.mjs" contains an annotation that Rollup cannot interpret due to the position of the comment. The comment will be removed to avoid issues.
#17 29.00 ../../node_modules/.pnpm/@privy-io+react-auth@3.8.1_@react-native-async-storage+async-storage@2.2.0_react-native@0.81._wohlufzm3e2uivsz4zdi7ax2py/node_modules/@privy-io/react-auth/dist/esm/Button-OlK_6fKk.mjs (1:456): A comment
#17 29.00 
#17 29.00 "/*#__PURE__*/"
#17 29.00 
#17 29.00 in "../../node_modules/.pnpm/@privy-io+react-auth@3.8.1_@react-native-async-storage+async-storage@2.2.0_react-native@0.81._wohlufzm3e2uivsz4zdi7ax2py/node_modules/@privy-io/react-auth/dist/esm/Button-OlK_6fKk.mjs" contains an annotation that Rollup cannot interpret due to the position of the comment. The comment will be removed to avoid issues.
#17 29.00 ../../node_modules/.pnpm/@privy-io+react-auth@3.8.1_@react-native-async-storage+async-storage@2.2.0_react-native@0.81._wohlufzm3e2uivsz4zdi7ax2py/node_modules/@privy-io/react-auth/dist/esm/Button-OlK_6fKk.mjs (1:1145): A comment
#17 29.00 
#17 29.00 "/*#__PURE__*/"
#17 29.00 
#17 29.00 in "../../node_modules/.pnpm/@privy-io+react-auth@3.8.1_@react-native-async-storage+async-storage@2.2.0_react-native@0.81._wohlufzm3e2uivsz4zdi7ax2py/node_modules/@privy-io/react-auth/dist/esm/Button-OlK_6fKk.mjs" contains an annotation that Rollup cannot interpret due to the position of the comment. The comment will be removed to avoid issues.
#17 29.00 ../../node_modules/.pnpm/@privy-io+react-auth@3.8.1_@react-native-async-storage+async-storage@2.2.0_react-native@0.81._wohlufzm3e2uivsz4zdi7ax2py/node_modules/@privy-io/react-auth/dist/esm/Button-OlK_6fKk.mjs (1:3428): A comment
#17 29.00 
#17 29.00 "/*#__PURE__*/"
#17 29.00 
#17 29.00 in "../../node_modules/.pnpm/@privy-io+react-auth@3.8.1_@react-native-async-storage+async-storage@2.2.0_react-native@0.81._wohlufzm3e2uivsz4zdi7ax2py/node_modules/@privy-io/react-auth/dist/esm/Button-OlK_6fKk.mjs" contains an annotation that Rollup cannot interpret due to the position of the comment. The comment will be removed to avoid issues.
#17 29.00 ../../node_modules/.pnpm/@privy-io+react-auth@3.8.1_@react-native-async-storage+async-storage@2.2.0_react-native@0.81._wohlufzm3e2uivsz4zdi7ax2py/node_modules/@privy-io/react-auth/dist/esm/Button-OlK_6fKk.mjs (1:3823): A comment
#17 29.00 
#17 29.00 "/*#__PURE__*/"
#17 29.00 
#17 29.00 in "../../node_modules/.pnpm/@privy-io+react-auth@3.8.1_@react-native-async-storage+async-storage@2.2.0_react-native@0.81._wohlufzm3e2uivsz4zdi7ax2py/node_modules/@privy-io/react-auth/dist/esm/Button-OlK_6fKk.mjs" contains an annotation that Rollup cannot interpret due to the position of the comment. The comment will be removed to avoid issues.
#17 29.00 ../../node_modules/.pnpm/@privy-io+react-auth@3.8.1_@react-native-async-storage+async-storage@2.2.0_react-native@0.81._wohlufzm3e2uivsz4zdi7ax2py/node_modules/@privy-io/react-auth/dist/esm/ScreenLayout-pthdsODa.mjs (1:323): A comment
#17 29.00 
#17 29.00 "/*#__PURE__*/"
#17 29.00 
#17 29.00 in "../../node_modules/.pnpm/@privy-io+react-auth@3.8.1_@react-native-async-storage+async-storage@2.2.0_react-native@0.81._wohlufzm3e2uivsz4zdi7ax2py/node_modules/@privy-io/react-auth/dist/esm/ScreenLayout-pthdsODa.mjs" contains an annotation that Rollup cannot interpret due to the position of the comment. The comment will be removed to avoid issues.
#17 29.00 ../../node_modules/.pnpm/@privy-io+react-auth@3.8.1_@react-native-async-storage+async-storage@2.2.0_react-native@0.81._wohlufzm3e2uivsz4zdi7ax2py/node_modules/@privy-io/react-auth/dist/esm/ScreenLayout-pthdsODa.mjs (1:466): A comment
#17 29.00 
#17 29.00 "/*#__PURE__*/"
#17 29.00 
#17 29.00 in "../../node_modules/.pnpm/@privy-io+react-auth@3.8.1_@react-native-async-storage+async-storage@2.2.0_react-native@0.81._wohlufzm3e2uivsz4zdi7ax2py/node_modules/@privy-io/react-auth/dist/esm/ScreenLayout-pthdsODa.mjs" contains an annotation that Rollup cannot interpret due to the position of the comment. The comment will be removed to avoid issues.
#17 29.00 ../../node_modules/.pnpm/@privy-io+react-auth@3.8.1_@react-native-async-storage+async-storage@2.2.0_react-native@0.81._wohlufzm3e2uivsz4zdi7ax2py/node_modules/@privy-io/react-auth/dist/esm/ScreenLayout-pthdsODa.mjs (1:563): A comment
#17 29.00 
#17 29.00 "/*#__PURE__*/"
#17 29.00 
#17 29.00 in "../../node_modules/.pnpm/@privy-io+react-auth@3.8.1_@react-native-async-storage+async-storage@2.2.0_react-native@0.81._wohlufzm3e2uivsz4zdi7ax2py/node_modules/@privy-io/react-auth/dist/esm/ScreenLayout-pthdsODa.mjs" contains an annotation that Rollup cannot interpret due to the position of the comment. The comment will be removed to avoid issues.
#17 29.02 ../../node_modules/.pnpm/@privy-io+react-auth@3.8.1_@react-native-async-storage+async-storage@2.2.0_react-native@0.81._wohlufzm3e2uivsz4zdi7ax2py/node_modules/@privy-io/react-auth/dist/esm/ModalHeader-CxHK1IKF.mjs (1:429): A comment
#17 29.02 
#17 29.02 "/*#__PURE__*/"
#17 29.02 
#17 29.02 in "../../node_modules/.pnpm/@privy-io+react-auth@3.8.1_@react-native-async-storage+async-storage@2.2.0_react-native@0.81._wohlufzm3e2uivsz4zdi7ax2py/node_modules/@privy-io/react-auth/dist/esm/ModalHeader-CxHK1IKF.mjs" contains an annotation that Rollup cannot interpret due to the position of the comment. The comment will be removed to avoid issues.
#17 29.02 ../../node_modules/.pnpm/@privy-io+react-auth@3.8.1_@react-native-async-storage+async-storage@2.2.0_react-native@0.81._wohlufzm3e2uivsz4zdi7ax2py/node_modules/@privy-io/react-auth/dist/esm/ModalHeader-CxHK1IKF.mjs (3:297): A comment
#17 29.02 
#17 29.02 "/*#__PURE__*/"
#17 29.02 
#17 29.02 in "../../node_modules/.pnpm/@privy-io+react-auth@3.8.1_@react-native-async-storage+async-storage@2.2.0_react-native@0.81._wohlufzm3e2uivsz4zdi7ax2py/node_modules/@privy-io/react-auth/dist/esm/ModalHeader-CxHK1IKF.mjs" contains an annotation that Rollup cannot interpret due to the position of the comment. The comment will be removed to avoid issues.
#17 29.02 ../../node_modules/.pnpm/@privy-io+react-auth@3.8.1_@react-native-async-storage+async-storage@2.2.0_react-native@0.81._wohlufzm3e2uivsz4zdi7ax2py/node_modules/@privy-io/react-auth/dist/esm/ModalHeader-CxHK1IKF.mjs (3:1591): A comment
#17 29.02 
#17 29.02 "/*#__PURE__*/"
#17 29.02 
#17 29.02 in "../../node_modules/.pnpm/@privy-io+react-auth@3.8.1_@react-native-async-storage+async-storage@2.2.0_react-native@0.81._wohlufzm3e2uivsz4zdi7ax2py/node_modules/@privy-io/react-auth/dist/esm/ModalHeader-CxHK1IKF.mjs" contains an annotation that Rollup cannot interpret due to the position of the comment. The comment will be removed to avoid issues.
#17 29.03 ../../node_modules/.pnpm/@privy-io+react-auth@3.8.1_@react-native-async-storage+async-storage@2.2.0_react-native@0.81._wohlufzm3e2uivsz4zdi7ax2py/node_modules/@privy-io/react-auth/dist/esm/QrCode-BI2LxLLg.mjs (2:688): A comment
#17 29.03 
#17 29.03 "/*#__PURE__*/"
#17 29.03 
#17 29.03 in "../../node_modules/.pnpm/@privy-io+react-auth@3.8.1_@react-native-async-storage+async-storage@2.2.0_react-native@0.81._wohlufzm3e2uivsz4zdi7ax2py/node_modules/@privy-io/react-auth/dist/esm/QrCode-BI2LxLLg.mjs" contains an annotation that Rollup cannot interpret due to the position of the comment. The comment will be removed to avoid issues.
#17 29.03 ../../node_modules/.pnpm/@privy-io+react-auth@3.8.1_@react-native-async-storage+async-storage@2.2.0_react-native@0.81._wohlufzm3e2uivsz4zdi7ax2py/node_modules/@privy-io/react-auth/dist/esm/QrCode-BI2LxLLg.mjs (2:827): A comment
#17 29.03 
#17 29.03 "/*#__PURE__*/"
#17 29.03 
#17 29.03 in "../../node_modules/.pnpm/@privy-io+react-auth@3.8.1_@react-native-async-storage+async-storage@2.2.0_react-native@0.81._wohlufzm3e2uivsz4zdi7ax2py/node_modules/@privy-io/react-auth/dist/esm/QrCode-BI2LxLLg.mjs" contains an annotation that Rollup cannot interpret due to the position of the comment. The comment will be removed to avoid issues.
#17 29.03 ../../node_modules/.pnpm/@privy-io+react-auth@3.8.1_@react-native-async-storage+async-storage@2.2.0_react-native@0.81._wohlufzm3e2uivsz4zdi7ax2py/node_modules/@privy-io/react-auth/dist/esm/QrCode-BI2LxLLg.mjs (2:1087): A comment
#17 29.03 
#17 29.03 "/*#__PURE__*/"
#17 29.03 
#17 29.03 in "../../node_modules/.pnpm/@privy-io+react-auth@3.8.1_@react-native-async-storage+async-storage@2.2.0_react-native@0.81._wohlufzm3e2uivsz4zdi7ax2py/node_modules/@privy-io/react-auth/dist/esm/QrCode-BI2LxLLg.mjs" contains an annotation that Rollup cannot interpret due to the position of the comment. The comment will be removed to avoid issues.
#17 29.03 ../../node_modules/.pnpm/@privy-io+react-auth@3.8.1_@react-native-async-storage+async-storage@2.2.0_react-native@0.81._wohlufzm3e2uivsz4zdi7ax2py/node_modules/@privy-io/react-auth/dist/esm/QrCode-BI2LxLLg.mjs (2:2031): A comment
#17 29.03 
#17 29.03 "/*#__PURE__*/"
#17 29.03 
#17 29.03 in "../../node_modules/.pnpm/@privy-io+react-auth@3.8.1_@react-native-async-storage+async-storage@2.2.0_react-native@0.81._wohlufzm3e2uivsz4zdi7ax2py/node_modules/@privy-io/react-auth/dist/esm/QrCode-BI2LxLLg.mjs" contains an annotation that Rollup cannot interpret due to the position of the comment. The comment will be removed to avoid issues.
#17 29.07 ../../node_modules/.pnpm/@privy-io+react-auth@3.8.1_@react-native-async-storage+async-storage@2.2.0_react-native@0.81._wohlufzm3e2uivsz4zdi7ax2py/node_modules/@privy-io/react-auth/dist/esm/FundWalletMethodHeader-RY6-H-Ry.mjs (1:239): A comment
#17 29.07 
#17 29.07 "/*#__PURE__*/"
#17 29.07 
#17 29.07 in "../../node_modules/.pnpm/@privy-io+react-auth@3.8.1_@react-native-async-storage+async-storage@2.2.0_react-native@0.81._wohlufzm3e2uivsz4zdi7ax2py/node_modules/@privy-io/react-auth/dist/esm/FundWalletMethodHeader-RY6-H-Ry.mjs" contains an annotation that Rollup cannot interpret due to the position of the comment. The comment will be removed to avoid issues.
#17 29.18 ../../node_modules/.pnpm/@privy-io+react-auth@3.8.1_@react-native-async-storage+async-storage@2.2.0_react-native@0.81._wohlufzm3e2uivsz4zdi7ax2py/node_modules/@privy-io/react-auth/dist/esm/BridgeNetworkSelectionView-DXjTVIcQ.mjs (1:4464): A comment
#17 29.18 
#17 29.18 "/*#__PURE__*/"
#17 29.18 
#17 29.18 in "../../node_modules/.pnpm/@privy-io+react-auth@3.8.1_@react-native-async-storage+async-storage@2.2.0_react-native@0.81._wohlufzm3e2uivsz4zdi7ax2py/node_modules/@privy-io/react-auth/dist/esm/BridgeNetworkSelectionView-DXjTVIcQ.mjs" contains an annotation that Rollup cannot interpret due to the position of the comment. The comment will be removed to avoid issues.
#17 29.22 ../../node_modules/.pnpm/@privy-io+react-auth@3.8.1_@react-native-async-storage+async-storage@2.2.0_react-native@0.81._wohlufzm3e2uivsz4zdi7ax2py/node_modules/@privy-io/react-auth/dist/esm/NetworkIcon-B48ilzF8.mjs (1:12201): A comment
#17 29.22 
#17 29.22 "/*#__PURE__*/"
#17 29.22 
#17 29.22 in "../../node_modules/.pnpm/@privy-io+react-auth@3.8.1_@react-native-async-storage+async-storage@2.2.0_react-native@0.81._wohlufzm3e2uivsz4zdi7ax2py/node_modules/@privy-io/react-auth/dist/esm/NetworkIcon-B48ilzF8.mjs" contains an annotation that Rollup cannot interpret due to the position of the comment. The comment will be removed to avoid issues.
#17 29.22 ../../node_modules/.pnpm/@privy-io+react-auth@3.8.1_@react-native-async-storage+async-storage@2.2.0_react-native@0.81._wohlufzm3e2uivsz4zdi7ax2py/node_modules/@privy-io/react-auth/dist/esm/NetworkIcon-B48ilzF8.mjs (1:12244): A comment
#17 29.22 
#17 29.22 "/*#__PURE__*/"
#17 29.22 
#17 29.22 in "../../node_modules/.pnpm/@privy-io+react-auth@3.8.1_@react-native-async-storage+async-storage@2.2.0_react-native@0.81._wohlufzm3e2uivsz4zdi7ax2py/node_modules/@privy-io/react-auth/dist/esm/NetworkIcon-B48ilzF8.mjs" contains an annotation that Rollup cannot interpret due to the position of the comment. The comment will be removed to avoid issues.
#17 29.22 ../../node_modules/.pnpm/@privy-io+react-auth@3.8.1_@react-native-async-storage+async-storage@2.2.0_react-native@0.81._wohlufzm3e2uivsz4zdi7ax2py/node_modules/@privy-io/react-auth/dist/esm/Chip-Bsgj4Yc-.mjs (1:919): A comment
#17 29.22 
#17 29.22 "/*#__PURE__*/"
#17 29.22 
#17 29.22 in "../../node_modules/.pnpm/@privy-io+react-auth@3.8.1_@react-native-async-storage+async-storage@2.2.0_react-native@0.81._wohlufzm3e2uivsz4zdi7ax2py/node_modules/@privy-io/react-auth/dist/esm/Chip-Bsgj4Yc-.mjs" contains an annotation that Rollup cannot interpret due to the position of the comment. The comment will be removed to avoid issues.
#17 29.24 ../../node_modules/.pnpm/@privy-io+react-auth@3.8.1_@react-native-async-storage+async-storage@2.2.0_react-native@0.81._wohlufzm3e2uivsz4zdi7ax2py/node_modules/@privy-io/react-auth/dist/esm/ConnectWalletView-tpdAD3K7.mjs (1:1806): A comment
#17 29.24 
#17 29.24 "/*#__PURE__*/"
#17 29.24 
#17 29.24 in "../../node_modules/.pnpm/@privy-io+react-auth@3.8.1_@react-native-async-storage+async-storage@2.2.0_react-native@0.81._wohlufzm3e2uivsz4zdi7ax2py/node_modules/@privy-io/react-auth/dist/esm/ConnectWalletView-tpdAD3K7.mjs" contains an annotation that Rollup cannot interpret due to the position of the comment. The comment will be removed to avoid issues.
#17 29.25 ../../node_modules/.pnpm/@privy-io+react-auth@3.8.1_@react-native-async-storage+async-storage@2.2.0_react-native@0.81._wohlufzm3e2uivsz4zdi7ax2py/node_modules/@privy-io/react-auth/dist/esm/CustomLandingScreenView-DZTOg8z4.mjs (2:499): A comment
#17 29.25 
#17 29.25 "/*#__PURE__*/"
#17 29.25 
#17 29.25 in "../../node_modules/.pnpm/@privy-io+react-auth@3.8.1_@react-native-async-storage+async-storage@2.2.0_react-native@0.81._wohlufzm3e2uivsz4zdi7ax2py/node_modules/@privy-io/react-auth/dist/esm/CustomLandingScreenView-DZTOg8z4.mjs" contains an annotation that Rollup cannot interpret due to the position of the comment. The comment will be removed to avoid issues.
#17 29.26 ../../node_modules/.pnpm/@privy-io+react-auth@3.8.1_@react-native-async-storage+async-storage@2.2.0_react-native@0.81._wohlufzm3e2uivsz4zdi7ax2py/node_modules/@privy-io/react-auth/dist/esm/CustomLandingScreenView-DZTOg8z4.mjs (2:965): A comment
#17 29.26 
#17 29.26 "/*#__PURE__*/"
#17 29.26 
#17 29.26 in "../../node_modules/.pnpm/@privy-io+react-auth@3.8.1_@react-native-async-storage+async-storage@2.2.0_react-native@0.81._wohlufzm3e2uivsz4zdi7ax2py/node_modules/@privy-io/react-auth/dist/esm/CustomLandingScreenView-DZTOg8z4.mjs" contains an annotation that Rollup cannot interpret due to the position of the comment. The comment will be removed to avoid issues.
#17 29.26 ../../node_modules/.pnpm/@privy-io+react-auth@3.8.1_@react-native-async-storage+async-storage@2.2.0_react-native@0.81._wohlufzm3e2uivsz4zdi7ax2py/node_modules/@privy-io/react-auth/dist/esm/CustomLandingScreenView-DZTOg8z4.mjs (2:4921): A comment
#17 29.26 
#17 29.26 "/*#__PURE__*/"
#17 29.26 
#17 29.26 in "../../node_modules/.pnpm/@privy-io+react-auth@3.8.1_@react-native-async-storage+async-storage@2.2.0_react-native@0.81._wohlufzm3e2uivsz4zdi7ax2py/node_modules/@privy-io/react-auth/dist/esm/CustomLandingScreenView-DZTOg8z4.mjs" contains an annotation that Rollup cannot interpret due to the position of the comment. The comment will be removed to avoid issues.
#17 29.26 ../../node_modules/.pnpm/@privy-io+react-auth@3.8.1_@react-native-async-storage+async-storage@2.2.0_react-native@0.81._wohlufzm3e2uivsz4zdi7ax2py/node_modules/@privy-io/react-auth/dist/esm/CustomLandingScreenView-DZTOg8z4.mjs (2:6737): A comment
#17 29.26 
#17 29.26 "/*#__PURE__*/"
#17 29.26 
#17 29.26 in "../../node_modules/.pnpm/@privy-io+react-auth@3.8.1_@react-native-async-storage+async-storage@2.2.0_react-native@0.81._wohlufzm3e2uivsz4zdi7ax2py/node_modules/@privy-io/react-auth/dist/esm/CustomLandingScreenView-DZTOg8z4.mjs" contains an annotation that Rollup cannot interpret due to the position of the comment. The comment will be removed to avoid issues.
#17 29.26 ../../node_modules/.pnpm/@privy-io+react-auth@3.8.1_@react-native-async-storage+async-storage@2.2.0_react-native@0.81._wohlufzm3e2uivsz4zdi7ax2py/node_modules/@privy-io/react-auth/dist/esm/CustomLandingScreenView-DZTOg8z4.mjs (2:7635): A comment
#17 29.26 
#17 29.26 "/*#__PURE__*/"
#17 29.26 
#17 29.26 in "../../node_modules/.pnpm/@privy-io+react-auth@3.8.1_@react-native-async-storage+async-storage@2.2.0_react-native@0.81._wohlufzm3e2uivsz4zdi7ax2py/node_modules/@privy-io/react-auth/dist/esm/CustomLandingScreenView-DZTOg8z4.mjs" contains an annotation that Rollup cannot interpret due to the position of the comment. The comment will be removed to avoid issues.
#17 29.27 ../../node_modules/.pnpm/@privy-io+react-auth@3.8.1_@react-native-async-storage+async-storage@2.2.0_react-native@0.81._wohlufzm3e2uivsz4zdi7ax2py/node_modules/@privy-io/react-auth/dist/esm/CustomLandingScreenView-DZTOg8z4.mjs (2:9820): A comment
#17 29.27 
#17 29.27 "/*#__PURE__*/"
#17 29.27 
#17 29.27 in "../../node_modules/.pnpm/@privy-io+react-auth@3.8.1_@react-native-async-storage+async-storage@2.2.0_react-native@0.81._wohlufzm3e2uivsz4zdi7ax2py/node_modules/@privy-io/react-auth/dist/esm/CustomLandingScreenView-DZTOg8z4.mjs" contains an annotation that Rollup cannot interpret due to the position of the comment. The comment will be removed to avoid issues.
#17 29.27 ../../node_modules/.pnpm/@privy-io+react-auth@3.8.1_@react-native-async-storage+async-storage@2.2.0_react-native@0.81._wohlufzm3e2uivsz4zdi7ax2py/node_modules/@privy-io/react-auth/dist/esm/CustomLandingScreenView-DZTOg8z4.mjs (2:9982): A comment
#17 29.27 
#17 29.27 "/*#__PURE__*/"
#17 29.27 
#17 29.27 in "../../node_modules/.pnpm/@privy-io+react-auth@3.8.1_@react-native-async-storage+async-storage@2.2.0_react-native@0.81._wohlufzm3e2uivsz4zdi7ax2py/node_modules/@privy-io/react-auth/dist/esm/CustomLandingScreenView-DZTOg8z4.mjs" contains an annotation that Rollup cannot interpret due to the position of the comment. The comment will be removed to avoid issues.
#17 29.27 ../../node_modules/.pnpm/@privy-io+react-auth@3.8.1_@react-native-async-storage+async-storage@2.2.0_react-native@0.81._wohlufzm3e2uivsz4zdi7ax2py/node_modules/@privy-io/react-auth/dist/esm/CustomLandingScreenView-DZTOg8z4.mjs (2:10142): A comment
#17 29.27 
#17 29.27 "/*#__PURE__*/"
#17 29.27 
#17 29.27 in "../../node_modules/.pnpm/@privy-io+react-auth@3.8.1_@react-native-async-storage+async-storage@2.2.0_react-native@0.81._wohlufzm3e2uivsz4zdi7ax2py/node_modules/@privy-io/react-auth/dist/esm/CustomLandingScreenView-DZTOg8z4.mjs" contains an annotation that Rollup cannot interpret due to the position of the comment. The comment will be removed to avoid issues.
#17 29.27 ../../node_modules/.pnpm/@privy-io+react-auth@3.8.1_@react-native-async-storage+async-storage@2.2.0_react-native@0.81._wohlufzm3e2uivsz4zdi7ax2py/node_modules/@privy-io/react-auth/dist/esm/CustomLandingScreenView-DZTOg8z4.mjs (2:10206): A comment
#17 29.27 
#17 29.27 "/*#__PURE__*/"
#17 29.27 
#17 29.27 in "../../node_modules/.pnpm/@privy-io+react-auth@3.8.1_@react-native-async-storage+async-storage@2.2.0_react-native@0.81._wohlufzm3e2uivsz4zdi7ax2py/node_modules/@privy-io/react-auth/dist/esm/CustomLandingScreenView-DZTOg8z4.mjs" contains an annotation that Rollup cannot interpret due to the position of the comment. The comment will be removed to avoid issues.
#17 29.27 ../../node_modules/.pnpm/@privy-io+react-auth@3.8.1_@react-native-async-storage+async-storage@2.2.0_react-native@0.81._wohlufzm3e2uivsz4zdi7ax2py/node_modules/@privy-io/react-auth/dist/esm/CustomLandingScreenView-DZTOg8z4.mjs (2:10274): A comment
#17 29.27 
#17 29.27 "/*#__PURE__*/"
#17 29.27 
#17 29.27 in "../../node_modules/.pnpm/@privy-io+react-auth@3.8.1_@react-native-async-storage+async-storage@2.2.0_react-native@0.81._wohlufzm3e2uivsz4zdi7ax2py/node_modules/@privy-io/react-auth/dist/esm/CustomLandingScreenView-DZTOg8z4.mjs" contains an annotation that Rollup cannot interpret due to the position of the comment. The comment will be removed to avoid issues.
#17 29.27 ../../node_modules/.pnpm/@privy-io+react-auth@3.8.1_@react-native-async-storage+async-storage@2.2.0_react-native@0.81._wohlufzm3e2uivsz4zdi7ax2py/node_modules/@privy-io/react-auth/dist/esm/CustomLandingScreenView-DZTOg8z4.mjs (2:10321): A comment
#17 29.27 
#17 29.27 "/*#__PURE__*/"
#17 29.27 
#17 29.27 in "../../node_modules/.pnpm/@privy-io+react-auth@3.8.1_@react-native-async-storage+async-storage@2.2.0_react-native@0.81._wohlufzm3e2uivsz4zdi7ax2py/node_modules/@privy-io/react-auth/dist/esm/CustomLandingScreenView-DZTOg8z4.mjs" contains an annotation that Rollup cannot interpret due to the position of the comment. The comment will be removed to avoid issues.
#17 29.27 ../../node_modules/.pnpm/@privy-io+react-auth@3.8.1_@react-native-async-storage+async-storage@2.2.0_react-native@0.81._wohlufzm3e2uivsz4zdi7ax2py/node_modules/@privy-io/react-auth/dist/esm/CustomLandingScreenView-DZTOg8z4.mjs (2:10385): A comment
#17 29.27 
#17 29.27 "/*#__PURE__*/"
#17 29.27 
#17 29.27 in "../../node_modules/.pnpm/@privy-io+react-auth@3.8.1_@react-native-async-storage+async-storage@2.2.0_react-native@0.81._wohlufzm3e2uivsz4zdi7ax2py/node_modules/@privy-io/react-auth/dist/esm/CustomLandingScreenView-DZTOg8z4.mjs" contains an annotation that Rollup cannot interpret due to the position of the comment. The comment will be removed to avoid issues.
#17 29.28 ../../node_modules/.pnpm/@privy-io+react-auth@3.8.1_@react-native-async-storage+async-storage@2.2.0_react-native@0.81._wohlufzm3e2uivsz4zdi7ax2py/node_modules/@privy-io/react-auth/dist/esm/CustomLandingScreenView-DZTOg8z4.mjs (2:10451): A comment
#17 29.28 
#17 29.28 "/*#__PURE__*/"
#17 29.28 
#17 29.28 in "../../node_modules/.pnpm/@privy-io+react-auth@3.8.1_@react-native-async-storage+async-storage@2.2.0_react-native@0.81._wohlufzm3e2uivsz4zdi7ax2py/node_modules/@privy-io/react-auth/dist/esm/CustomLandingScreenView-DZTOg8z4.mjs" contains an annotation that Rollup cannot interpret due to the position of the comment. The comment will be removed to avoid issues.
#17 29.28 ../../node_modules/.pnpm/@privy-io+react-auth@3.8.1_@react-native-async-storage+async-storage@2.2.0_react-native@0.81._wohlufzm3e2uivsz4zdi7ax2py/node_modules/@privy-io/react-auth/dist/esm/CustomLandingScreenView-DZTOg8z4.mjs (2:10517): A comment
#17 29.28 
#17 29.28 "/*#__PURE__*/"
#17 29.28 
#17 29.28 in "../../node_modules/.pnpm/@privy-io+react-auth@3.8.1_@react-native-async-storage+async-storage@2.2.0_react-native@0.81._wohlufzm3e2uivsz4zdi7ax2py/node_modules/@privy-io/react-auth/dist/esm/CustomLandingScreenView-DZTOg8z4.mjs" contains an annotation that Rollup cannot interpret due to the position of the comment. The comment will be removed to avoid issues.
#17 29.28 ../../node_modules/.pnpm/@privy-io+react-auth@3.8.1_@react-native-async-storage+async-storage@2.2.0_react-native@0.81._wohlufzm3e2uivsz4zdi7ax2py/node_modules/@privy-io/react-auth/dist/esm/CustomLandingScreenView-DZTOg8z4.mjs (2:10579): A comment
#17 29.28 
#17 29.28 "/*#__PURE__*/"
#17 29.28 
#17 29.28 in "../../node_modules/.pnpm/@privy-io+react-auth@3.8.1_@react-native-async-storage+async-storage@2.2.0_react-native@0.81._wohlufzm3e2uivsz4zdi7ax2py/node_modules/@privy-io/react-auth/dist/esm/CustomLandingScreenView-DZTOg8z4.mjs" contains an annotation that Rollup cannot interpret due to the position of the comment. The comment will be removed to avoid issues.
#17 29.28 ../../node_modules/.pnpm/@privy-io+react-auth@3.8.1_@react-native-async-storage+async-storage@2.2.0_react-native@0.81._wohlufzm3e2uivsz4zdi7ax2py/node_modules/@privy-io/react-auth/dist/esm/CustomLandingScreenView-DZTOg8z4.mjs (2:10641): A comment
#17 29.28 
#17 29.28 "/*#__PURE__*/"
#17 29.28 
#17 29.28 in "../../node_modules/.pnpm/@privy-io+react-auth@3.8.1_@react-native-async-storage+async-storage@2.2.0_react-native@0.81._wohlufzm3e2uivsz4zdi7ax2py/node_modules/@privy-io/react-auth/dist/esm/CustomLandingScreenView-DZTOg8z4.mjs" contains an annotation that Rollup cannot interpret due to the position of the comment. The comment will be removed to avoid issues.
#17 29.28 ../../node_modules/.pnpm/@privy-io+react-auth@3.8.1_@react-native-async-storage+async-storage@2.2.0_react-native@0.81._wohlufzm3e2uivsz4zdi7ax2py/node_modules/@privy-io/react-auth/dist/esm/CustomLandingScreenView-DZTOg8z4.mjs (2:10706): A comment
#17 29.28 
#17 29.28 "/*#__PURE__*/"
#17 29.28 
#17 29.28 in "../../node_modules/.pnpm/@privy-io+react-auth@3.8.1_@react-native-async-storage+async-storage@2.2.0_react-native@0.81._wohlufzm3e2uivsz4zdi7ax2py/node_modules/@privy-io/react-auth/dist/esm/CustomLandingScreenView-DZTOg8z4.mjs" contains an annotation that Rollup cannot interpret due to the position of the comment. The comment will be removed to avoid issues.
#17 29.28 ../../node_modules/.pnpm/@privy-io+react-auth@3.8.1_@react-native-async-storage+async-storage@2.2.0_react-native@0.81._wohlufzm3e2uivsz4zdi7ax2py/node_modules/@privy-io/react-auth/dist/esm/CustomLandingScreenView-DZTOg8z4.mjs (2:10774): A comment
#17 29.28 
#17 29.28 "/*#__PURE__*/"
#17 29.28 
#17 29.28 in "../../node_modules/.pnpm/@privy-io+react-auth@3.8.1_@react-native-async-storage+async-storage@2.2.0_react-native@0.81._wohlufzm3e2uivsz4zdi7ax2py/node_modules/@privy-io/react-auth/dist/esm/CustomLandingScreenView-DZTOg8z4.mjs" contains an annotation that Rollup cannot interpret due to the position of the comment. The comment will be removed to avoid issues.
#17 29.28 ../../node_modules/.pnpm/@privy-io+react-auth@3.8.1_@react-native-async-storage+async-storage@2.2.0_react-native@0.81._wohlufzm3e2uivsz4zdi7ax2py/node_modules/@privy-io/react-auth/dist/esm/CustomLandingScreenView-DZTOg8z4.mjs (2:10842): A comment
#17 29.28 
#17 29.28 "/*#__PURE__*/"
#17 29.28 
#17 29.28 in "../../node_modules/.pnpm/@privy-io+react-auth@3.8.1_@react-native-async-storage+async-storage@2.2.0_react-native@0.81._wohlufzm3e2uivsz4zdi7ax2py/node_modules/@privy-io/react-auth/dist/esm/CustomLandingScreenView-DZTOg8z4.mjs" contains an annotation that Rollup cannot interpret due to the position of the comment. The comment will be removed to avoid issues.
#17 29.28 ../../node_modules/.pnpm/@privy-io+react-auth@3.8.1_@react-native-async-storage+async-storage@2.2.0_react-native@0.81._wohlufzm3e2uivsz4zdi7ax2py/node_modules/@privy-io/react-auth/dist/esm/CustomLandingScreenView-DZTOg8z4.mjs (2:10909): A comment
#17 29.28 
#17 29.28 "/*#__PURE__*/"
#17 29.28 
#17 29.28 in "../../node_modules/.pnpm/@privy-io+react-auth@3.8.1_@react-native-async-storage+async-storage@2.2.0_react-native@0.81._wohlufzm3e2uivsz4zdi7ax2py/node_modules/@privy-io/react-auth/dist/esm/CustomLandingScreenView-DZTOg8z4.mjs" contains an annotation that Rollup cannot interpret due to the position of the comment. The comment will be removed to avoid issues.
#17 29.28 ../../node_modules/.pnpm/@privy-io+react-auth@3.8.1_@react-native-async-storage+async-storage@2.2.0_react-native@0.81._wohlufzm3e2uivsz4zdi7ax2py/node_modules/@privy-io/react-auth/dist/esm/CustomLandingScreenView-DZTOg8z4.mjs (2:10948): A comment
#17 29.28 
#17 29.28 "/*#__PURE__*/"
#17 29.28 
#17 29.28 in "../../node_modules/.pnpm/@privy-io+react-auth@3.8.1_@react-native-async-storage+async-storage@2.2.0_react-native@0.81._wohlufzm3e2uivsz4zdi7ax2py/node_modules/@privy-io/react-auth/dist/esm/CustomLandingScreenView-DZTOg8z4.mjs" contains an annotation that Rollup cannot interpret due to the position of the comment. The comment will be removed to avoid issues.
#17 29.28 ../../node_modules/.pnpm/@privy-io+react-auth@3.8.1_@react-native-async-storage+async-storage@2.2.0_react-native@0.81._wohlufzm3e2uivsz4zdi7ax2py/node_modules/@privy-io/react-auth/dist/esm/CustomLandingScreenView-DZTOg8z4.mjs (2:11084): A comment
#17 29.28 
#17 29.28 "/*#__PURE__*/"
#17 29.28 
#17 29.28 in "../../node_modules/.pnpm/@privy-io+react-auth@3.8.1_@react-native-async-storage+async-storage@2.2.0_react-native@0.81._wohlufzm3e2uivsz4zdi7ax2py/node_modules/@privy-io/react-auth/dist/esm/CustomLandingScreenView-DZTOg8z4.mjs" contains an annotation that Rollup cannot interpret due to the position of the comment. The comment will be removed to avoid issues.
#17 29.29 ../../node_modules/.pnpm/@privy-io+react-auth@3.8.1_@react-native-async-storage+async-storage@2.2.0_react-native@0.81._wohlufzm3e2uivsz4zdi7ax2py/node_modules/@privy-io/react-auth/dist/esm/CustomLandingScreenView-DZTOg8z4.mjs (2:12457): A comment
#17 29.29 
#17 29.29 "/*#__PURE__*/"
#17 29.29 
#17 29.29 in "../../node_modules/.pnpm/@privy-io+react-auth@3.8.1_@react-native-async-storage+async-storage@2.2.0_react-native@0.81._wohlufzm3e2uivsz4zdi7ax2py/node_modules/@privy-io/react-auth/dist/esm/CustomLandingScreenView-DZTOg8z4.mjs" contains an annotation that Rollup cannot interpret due to the position of the comment. The comment will be removed to avoid issues.
#17 29.29 ../../node_modules/.pnpm/@privy-io+react-auth@3.8.1_@react-native-async-storage+async-storage@2.2.0_react-native@0.81._wohlufzm3e2uivsz4zdi7ax2py/node_modules/@privy-io/react-auth/dist/esm/CustomLandingScreenView-DZTOg8z4.mjs (2:17100): A comment
#17 29.29 
#17 29.29 "/*#__PURE__*/"
#17 29.29 
#17 29.29 in "../../node_modules/.pnpm/@privy-io+react-auth@3.8.1_@react-native-async-storage+async-storage@2.2.0_react-native@0.81._wohlufzm3e2uivsz4zdi7ax2py/node_modules/@privy-io/react-auth/dist/esm/CustomLandingScreenView-DZTOg8z4.mjs" contains an annotation that Rollup cannot interpret due to the position of the comment. The comment will be removed to avoid issues.
#17 29.30 ../../node_modules/.pnpm/@privy-io+react-auth@3.8.1_@react-native-async-storage+async-storage@2.2.0_react-native@0.81._wohlufzm3e2uivsz4zdi7ax2py/node_modules/@privy-io/react-auth/dist/esm/TransferOrBridgeLoadingScreen-CFRKffkj.mjs (1:846): A comment
#17 29.30 
#17 29.30 "/*#__PURE__*/"
#17 29.30 
#17 29.30 in "../../node_modules/.pnpm/@privy-io+react-auth@3.8.1_@react-native-async-storage+async-storage@2.2.0_react-native@0.81._wohlufzm3e2uivsz4zdi7ax2py/node_modules/@privy-io/react-auth/dist/esm/TransferOrBridgeLoadingScreen-CFRKffkj.mjs" contains an annotation that Rollup cannot interpret due to the position of the comment. The comment will be removed to avoid issues.
#17 29.30 ../../node_modules/.pnpm/@privy-io+react-auth@3.8.1_@react-native-async-storage+async-storage@2.2.0_react-native@0.81._wohlufzm3e2uivsz4zdi7ax2py/node_modules/@privy-io/react-auth/dist/esm/telegram-B-JqnkqZ.mjs (1:64): A comment
#17 29.30 
#17 29.30 "/*#__PURE__*/"
#17 29.30 
#17 29.30 in "../../node_modules/.pnpm/@privy-io+react-auth@3.8.1_@react-native-async-storage+async-storage@2.2.0_react-native@0.81._wohlufzm3e2uivsz4zdi7ax2py/node_modules/@privy-io/react-auth/dist/esm/telegram-B-JqnkqZ.mjs" contains an annotation that Rollup cannot interpret due to the position of the comment. The comment will be removed to avoid issues.
#17 29.30 ../../node_modules/.pnpm/@privy-io+react-auth@3.8.1_@react-native-async-storage+async-storage@2.2.0_react-native@0.81._wohlufzm3e2uivsz4zdi7ax2py/node_modules/@privy-io/react-auth/dist/esm/twitter-6jomarO4.mjs (1:7958): A comment
#17 29.30 
#17 29.30 "/*#__PURE__*/"
#17 29.30 
#17 29.30 in "../../node_modules/.pnpm/@privy-io+react-auth@3.8.1_@react-native-async-storage+async-storage@2.2.0_react-native@0.81._wohlufzm3e2uivsz4zdi7ax2py/node_modules/@privy-io/react-auth/dist/esm/twitter-6jomarO4.mjs" contains an annotation that Rollup cannot interpret due to the position of the comment. The comment will be removed to avoid issues.
#17 29.30 ../../node_modules/.pnpm/@privy-io+react-auth@3.8.1_@react-native-async-storage+async-storage@2.2.0_react-native@0.81._wohlufzm3e2uivsz4zdi7ax2py/node_modules/@privy-io/react-auth/dist/esm/twitter-6jomarO4.mjs (1:12540): A comment
#17 29.30 
#17 29.30 "/*#__PURE__*/"
#17 29.30 
#17 29.30 in "../../node_modules/.pnpm/@privy-io+react-auth@3.8.1_@react-native-async-storage+async-storage@2.2.0_react-native@0.81._wohlufzm3e2uivsz4zdi7ax2py/node_modules/@privy-io/react-auth/dist/esm/twitter-6jomarO4.mjs" contains an annotation that Rollup cannot interpret due to the position of the comment. The comment will be removed to avoid issues.
#17 29.30 ../../node_modules/.pnpm/@privy-io+react-auth@3.8.1_@react-native-async-storage+async-storage@2.2.0_react-native@0.81._wohlufzm3e2uivsz4zdi7ax2py/node_modules/@privy-io/react-auth/dist/esm/twitter-6jomarO4.mjs (1:13625): A comment
#17 29.30 
#17 29.30 "/*#__PURE__*/"
#17 29.30 
#17 29.30 in "../../node_modules/.pnpm/@privy-io+react-auth@3.8.1_@react-native-async-storage+async-storage@2.2.0_react-native@0.81._wohlufzm3e2uivsz4zdi7ax2py/node_modules/@privy-io/react-auth/dist/esm/twitter-6jomarO4.mjs" contains an annotation that Rollup cannot interpret due to the position of the comment. The comment will be removed to avoid issues.
#17 29.30 ../../node_modules/.pnpm/@privy-io+react-auth@3.8.1_@react-native-async-storage+async-storage@2.2.0_react-native@0.81._wohlufzm3e2uivsz4zdi7ax2py/node_modules/@privy-io/react-auth/dist/esm/twitter-6jomarO4.mjs (1:14609): A comment
#17 29.30 
#17 29.30 "/*#__PURE__*/"
#17 29.30 
#17 29.30 in "../../node_modules/.pnpm/@privy-io+react-auth@3.8.1_@react-native-async-storage+async-storage@2.2.0_react-native@0.81._wohlufzm3e2uivsz4zdi7ax2py/node_modules/@privy-io/react-auth/dist/esm/twitter-6jomarO4.mjs" contains an annotation that Rollup cannot interpret due to the position of the comment. The comment will be removed to avoid issues.
#17 29.30 ../../node_modules/.pnpm/@privy-io+react-auth@3.8.1_@react-native-async-storage+async-storage@2.2.0_react-native@0.81._wohlufzm3e2uivsz4zdi7ax2py/node_modules/@privy-io/react-auth/dist/esm/twitch-5IOe4sIQ.mjs (1:64): A comment
#17 29.30 
#17 29.30 "/*#__PURE__*/"
#17 29.30 
#17 29.30 in "../../node_modules/.pnpm/@privy-io+react-auth@3.8.1_@react-native-async-storage+async-storage@2.2.0_react-native@0.81._wohlufzm3e2uivsz4zdi7ax2py/node_modules/@privy-io/react-auth/dist/esm/twitch-5IOe4sIQ.mjs" contains an annotation that Rollup cannot interpret due to the position of the comment. The comment will be removed to avoid issues.
#17 29.30 ../../node_modules/.pnpm/@privy-io+react-auth@3.8.1_@react-native-async-storage+async-storage@2.2.0_react-native@0.81._wohlufzm3e2uivsz4zdi7ax2py/node_modules/@privy-io/react-auth/dist/esm/twitch-5IOe4sIQ.mjs (1:10025): A comment
#17 29.30 
#17 29.30 "/*#__PURE__*/"
#17 29.30 
#17 29.30 in "../../node_modules/.pnpm/@privy-io+react-auth@3.8.1_@react-native-async-storage+async-storage@2.2.0_react-native@0.81._wohlufzm3e2uivsz4zdi7ax2py/node_modules/@privy-io/react-auth/dist/esm/twitch-5IOe4sIQ.mjs" contains an annotation that Rollup cannot interpret due to the position of the comment. The comment will be removed to avoid issues.
#17 29.31 ../../node_modules/.pnpm/@privy-io+react-auth@3.8.1_@react-native-async-storage+async-storage@2.2.0_react-native@0.81._wohlufzm3e2uivsz4zdi7ax2py/node_modules/@privy-io/react-auth/dist/esm/OpenLink-BpeNYBKs.mjs (1:143): A comment
#17 29.31 
#17 29.31 "/*#__PURE__*/"
#17 29.31 
#17 29.31 in "../../node_modules/.pnpm/@privy-io+react-auth@3.8.1_@react-native-async-storage+async-storage@2.2.0_react-native@0.81._wohlufzm3e2uivsz4zdi7ax2py/node_modules/@privy-io/react-auth/dist/esm/OpenLink-BpeNYBKs.mjs" contains an annotation that Rollup cannot interpret due to the position of the comment. The comment will be removed to avoid issues.
#17 29.32 ../../node_modules/.pnpm/@privy-io+react-auth@3.8.1_@react-native-async-storage+async-storage@2.2.0_react-native@0.81._wohlufzm3e2uivsz4zdi7ax2py/node_modules/@privy-io/react-auth/dist/esm/ConnectEmailForm-C2TJPUYV.mjs (1:1686): A comment
#17 29.32 
#17 29.32 "/*#__PURE__*/"
#17 29.32 
#17 29.32 in "../../node_modules/.pnpm/@privy-io+react-auth@3.8.1_@react-native-async-storage+async-storage@2.2.0_react-native@0.81._wohlufzm3e2uivsz4zdi7ax2py/node_modules/@privy-io/react-auth/dist/esm/ConnectEmailForm-C2TJPUYV.mjs" contains an annotation that Rollup cannot interpret due to the position of the comment. The comment will be removed to avoid issues.
#17 29.33 ../../node_modules/.pnpm/@privy-io+react-auth@3.8.1_@react-native-async-storage+async-storage@2.2.0_react-native@0.81._wohlufzm3e2uivsz4zdi7ax2py/node_modules/@privy-io/react-auth/dist/esm/WalletButtonList-C1OqZHCA.mjs (1:1962): A comment
#17 29.33 
#17 29.33 "/*#__PURE__*/"
#17 29.33 
#17 29.33 in "../../node_modules/.pnpm/@privy-io+react-auth@3.8.1_@react-native-async-storage+async-storage@2.2.0_react-native@0.81._wohlufzm3e2uivsz4zdi7ax2py/node_modules/@privy-io/react-auth/dist/esm/WalletButtonList-C1OqZHCA.mjs" contains an annotation that Rollup cannot interpret due to the position of the comment. The comment will be removed to avoid issues.
#17 29.34 ../../node_modules/.pnpm/@privy-io+react-auth@3.8.1_@react-native-async-storage+async-storage@2.2.0_react-native@0.81._wohlufzm3e2uivsz4zdi7ax2py/node_modules/@privy-io/react-auth/dist/esm/CopyToClipboard-DatKc59_.mjs (1:509): A comment
#17 29.34 
#17 29.34 "/*#__PURE__*/"
#17 29.34 
#17 29.34 in "../../node_modules/.pnpm/@privy-io+react-auth@3.8.1_@react-native-async-storage+async-storage@2.2.0_react-native@0.81._wohlufzm3e2uivsz4zdi7ax2py/node_modules/@privy-io/react-auth/dist/esm/CopyToClipboard-DatKc59_.mjs" contains an annotation that Rollup cannot interpret due to the position of the comment. The comment will be removed to avoid issues.
#17 29.35 ../../node_modules/.pnpm/@privy-io+react-auth@3.8.1_@react-native-async-storage+async-storage@2.2.0_react-native@0.81._wohlufzm3e2uivsz4zdi7ax2py/node_modules/@privy-io/react-auth/dist/esm/SetWalletPasswordForm-DUTEhc4R.mjs (2:313): A comment
#17 29.35 
#17 29.35 "/*#__PURE__*/"
#17 29.35 
#17 29.35 in "../../node_modules/.pnpm/@privy-io+react-auth@3.8.1_@react-native-async-storage+async-storage@2.2.0_react-native@0.81._wohlufzm3e2uivsz4zdi7ax2py/node_modules/@privy-io/react-auth/dist/esm/SetWalletPasswordForm-DUTEhc4R.mjs" contains an annotation that Rollup cannot interpret due to the position of the comment. The comment will be removed to avoid issues.
#17 29.35 ../../node_modules/.pnpm/@privy-io+react-auth@3.8.1_@react-native-async-storage+async-storage@2.2.0_react-native@0.81._wohlufzm3e2uivsz4zdi7ax2py/node_modules/@privy-io/react-auth/dist/esm/SetWalletPasswordForm-DUTEhc4R.mjs (2:2625): A comment
#17 29.35 
#17 29.35 "/*#__PURE__*/"
#17 29.35 
#17 29.35 in "../../node_modules/.pnpm/@privy-io+react-auth@3.8.1_@react-native-async-storage+async-storage@2.2.0_react-native@0.81._wohlufzm3e2uivsz4zdi7ax2py/node_modules/@privy-io/react-auth/dist/esm/SetWalletPasswordForm-DUTEhc4R.mjs" contains an annotation that Rollup cannot interpret due to the position of the comment. The comment will be removed to avoid issues.
#17 29.35 ../../node_modules/.pnpm/@privy-io+react-auth@3.8.1_@react-native-async-storage+async-storage@2.2.0_react-native@0.81._wohlufzm3e2uivsz4zdi7ax2py/node_modules/@privy-io/react-auth/dist/esm/SetWalletPasswordForm-DUTEhc4R.mjs (2:5035): A comment
#17 29.35 
#17 29.35 "/*#__PURE__*/"
#17 29.35 
#17 29.35 in "../../node_modules/.pnpm/@privy-io+react-auth@3.8.1_@react-native-async-storage+async-storage@2.2.0_react-native@0.81._wohlufzm3e2uivsz4zdi7ax2py/node_modules/@privy-io/react-auth/dist/esm/SetWalletPasswordForm-DUTEhc4R.mjs" contains an annotation that Rollup cannot interpret due to the position of the comment. The comment will be removed to avoid issues.
#17 29.42 ../../node_modules/.pnpm/@privy-io+react-auth@3.8.1_@react-native-async-storage+async-storage@2.2.0_react-native@0.81._wohlufzm3e2uivsz4zdi7ax2py/node_modules/@privy-io/react-auth/dist/esm/TodoList-Dn0Qu-vv.mjs (1:563): A comment
#17 29.42 
#17 29.42 "/*#__PURE__*/"
#17 29.42 
#17 29.42 in "../../node_modules/.pnpm/@privy-io+react-auth@3.8.1_@react-native-async-storage+async-storage@2.2.0_react-native@0.81._wohlufzm3e2uivsz4zdi7ax2py/node_modules/@privy-io/react-auth/dist/esm/TodoList-Dn0Qu-vv.mjs" contains an annotation that Rollup cannot interpret due to the position of the comment. The comment will be removed to avoid issues.
#17 29.42 ../../node_modules/.pnpm/@privy-io+react-auth@3.8.1_@react-native-async-storage+async-storage@2.2.0_react-native@0.81._wohlufzm3e2uivsz4zdi7ax2py/node_modules/@privy-io/react-auth/dist/esm/TodoList-Dn0Qu-vv.mjs (2:0): A comment
#17 29.42 
#17 29.42 "/*#__PURE__*/"
#17 29.42 
#17 29.42 in "../../node_modules/.pnpm/@privy-io+react-auth@3.8.1_@react-native-async-storage+async-storage@2.2.0_react-native@0.81._wohlufzm3e2uivsz4zdi7ax2py/node_modules/@privy-io/react-auth/dist/esm/TodoList-Dn0Qu-vv.mjs" contains an annotation that Rollup cannot interpret due to the position of the comment. The comment will be removed to avoid issues.
#17 29.42 ../../node_modules/.pnpm/@privy-io+react-auth@3.8.1_@react-native-async-storage+async-storage@2.2.0_react-native@0.81._wohlufzm3e2uivsz4zdi7ax2py/node_modules/@privy-io/react-auth/dist/esm/TodoList-Dn0Qu-vv.mjs (2:132): A comment
#17 29.42 
#17 29.42 "/*#__PURE__*/"
#17 29.42 
#17 29.42 in "../../node_modules/.pnpm/@privy-io+react-auth@3.8.1_@react-native-async-storage+async-storage@2.2.0_react-native@0.81._wohlufzm3e2uivsz4zdi7ax2py/node_modules/@privy-io/react-auth/dist/esm/TodoList-Dn0Qu-vv.mjs" contains an annotation that Rollup cannot interpret due to the position of the comment. The comment will be removed to avoid issues.
#17 29.42 ../../node_modules/.pnpm/@privy-io+react-auth@3.8.1_@react-native-async-storage+async-storage@2.2.0_react-native@0.81._wohlufzm3e2uivsz4zdi7ax2py/node_modules/@privy-io/react-auth/dist/esm/TodoList-Dn0Qu-vv.mjs (2:204): A comment
#17 29.42 
#17 29.42 "/*#__PURE__*/"
#17 29.42 
#17 29.42 in "../../node_modules/.pnpm/@privy-io+react-auth@3.8.1_@react-native-async-storage+async-storage@2.2.0_react-native@0.81._wohlufzm3e2uivsz4zdi7ax2py/node_modules/@privy-io/react-auth/dist/esm/TodoList-Dn0Qu-vv.mjs" contains an annotation that Rollup cannot interpret due to the position of the comment. The comment will be removed to avoid issues.
#17 29.43 ../../node_modules/.pnpm/@privy-io+react-auth@3.8.1_@react-native-async-storage+async-storage@2.2.0_react-native@0.81._wohlufzm3e2uivsz4zdi7ax2py/node_modules/@privy-io/react-auth/dist/esm/to-ui-error-B8DSJO-0.mjs (1:2862): A comment
#17 29.43 
#17 29.43 "/*#__PURE__*/"
#17 29.43 
#17 29.43 in "../../node_modules/.pnpm/@privy-io+react-auth@3.8.1_@react-native-async-storage+async-storage@2.2.0_react-native@0.81._wohlufzm3e2uivsz4zdi7ax2py/node_modules/@privy-io/react-auth/dist/esm/to-ui-error-B8DSJO-0.mjs" contains an annotation that Rollup cannot interpret due to the position of the comment. The comment will be removed to avoid issues.
#17 29.43 ../../node_modules/.pnpm/@privy-io+react-auth@3.8.1_@react-native-async-storage+async-storage@2.2.0_react-native@0.81._wohlufzm3e2uivsz4zdi7ax2py/node_modules/@privy-io/react-auth/dist/esm/to-ui-error-B8DSJO-0.mjs (1:4107): A comment
#17 29.43 
#17 29.43 "/*#__PURE__*/"
#17 29.43 
#17 29.43 in "../../node_modules/.pnpm/@privy-io+react-auth@3.8.1_@react-native-async-storage+async-storage@2.2.0_react-native@0.81._wohlufzm3e2uivsz4zdi7ax2py/node_modules/@privy-io/react-auth/dist/esm/to-ui-error-B8DSJO-0.mjs" contains an annotation that Rollup cannot interpret due to the position of the comment. The comment will be removed to avoid issues.
#17 29.43 ../../node_modules/.pnpm/@privy-io+react-auth@3.8.1_@react-native-async-storage+async-storage@2.2.0_react-native@0.81._wohlufzm3e2uivsz4zdi7ax2py/node_modules/@privy-io/react-auth/dist/esm/to-ui-error-B8DSJO-0.mjs (1:4774): A comment
#17 29.43 
#17 29.43 "/*#__PURE__*/"
#17 29.43 
#17 29.43 in "../../node_modules/.pnpm/@privy-io+react-auth@3.8.1_@react-native-async-storage+async-storage@2.2.0_react-native@0.81._wohlufzm3e2uivsz4zdi7ax2py/node_modules/@privy-io/react-auth/dist/esm/to-ui-error-B8DSJO-0.mjs" contains an annotation that Rollup cannot interpret due to the position of the comment. The comment will be removed to avoid issues.
#17 29.43 ../../node_modules/.pnpm/@privy-io+react-auth@3.8.1_@react-native-async-storage+async-storage@2.2.0_react-native@0.81._wohlufzm3e2uivsz4zdi7ax2py/node_modules/@privy-io/react-auth/dist/esm/WalletLink-D2x4SkPO.mjs (1:456): A comment
#17 29.43 
#17 29.43 "/*#__PURE__*/"
#17 29.43 
#17 29.43 in "../../node_modules/.pnpm/@privy-io+react-auth@3.8.1_@react-native-async-storage+async-storage@2.2.0_react-native@0.81._wohlufzm3e2uivsz4zdi7ax2py/node_modules/@privy-io/react-auth/dist/esm/WalletLink-D2x4SkPO.mjs" contains an annotation that Rollup cannot interpret due to the position of the comment. The comment will be removed to avoid issues.
#17 29.43 ../../node_modules/.pnpm/@privy-io+react-auth@3.8.1_@react-native-async-storage+async-storage@2.2.0_react-native@0.81._wohlufzm3e2uivsz4zdi7ax2py/node_modules/@privy-io/react-auth/dist/esm/WalletLink-D2x4SkPO.mjs (1:587): A comment
#17 29.43 
#17 29.43 "/*#__PURE__*/"
#17 29.43 
#17 29.43 in "../../node_modules/.pnpm/@privy-io+react-auth@3.8.1_@react-native-async-storage+async-storage@2.2.0_react-native@0.81._wohlufzm3e2uivsz4zdi7ax2py/node_modules/@privy-io/react-auth/dist/esm/WalletLink-D2x4SkPO.mjs" contains an annotation that Rollup cannot interpret due to the position of the comment. The comment will be removed to avoid issues.
#17 29.43 ../../node_modules/.pnpm/@privy-io+react-auth@3.8.1_@react-native-async-storage+async-storage@2.2.0_react-native@0.81._wohlufzm3e2uivsz4zdi7ax2py/node_modules/@privy-io/react-auth/dist/esm/WalletLink-D2x4SkPO.mjs (2:263): A comment
#17 29.43 
#17 29.43 "/*#__PURE__*/"
#17 29.43 
#17 29.43 in "../../node_modules/.pnpm/@privy-io+react-auth@3.8.1_@react-native-async-storage+async-storage@2.2.0_react-native@0.81._wohlufzm3e2uivsz4zdi7ax2py/node_modules/@privy-io/react-auth/dist/esm/WalletLink-D2x4SkPO.mjs" contains an annotation that Rollup cannot interpret due to the position of the comment. The comment will be removed to avoid issues.
#17 29.44 ../../node_modules/.pnpm/@privy-io+react-auth@3.8.1_@react-native-async-storage+async-storage@2.2.0_react-native@0.81._wohlufzm3e2uivsz4zdi7ax2py/node_modules/@privy-io/react-auth/dist/esm/PinInput-C3_MNxMt.mjs (1:8071): A comment
#17 29.44 
#17 29.44 "/*#__PURE__*/"
#17 29.44 
#17 29.44 in "../../node_modules/.pnpm/@privy-io+react-auth@3.8.1_@react-native-async-storage+async-storage@2.2.0_react-native@0.81._wohlufzm3e2uivsz4zdi7ax2py/node_modules/@privy-io/react-auth/dist/esm/PinInput-C3_MNxMt.mjs" contains an annotation that Rollup cannot interpret due to the position of the comment. The comment will be removed to avoid issues.
#17 29.45 ../../node_modules/.pnpm/@privy-io+react-auth@3.8.1_@react-native-async-storage+async-storage@2.2.0_react-native@0.81._wohlufzm3e2uivsz4zdi7ax2py/node_modules/@privy-io/react-auth/dist/esm/TransactionDetails-DITlhQNk.mjs (1:1610): A comment
#17 29.45 
#17 29.45 "/*#__PURE__*/"
#17 29.45 
#17 29.45 in "../../node_modules/.pnpm/@privy-io+react-auth@3.8.1_@react-native-async-storage+async-storage@2.2.0_react-native@0.81._wohlufzm3e2uivsz4zdi7ax2py/node_modules/@privy-io/react-auth/dist/esm/TransactionDetails-DITlhQNk.mjs" contains an annotation that Rollup cannot interpret due to the position of the comment. The comment will be removed to avoid issues.
#17 29.45 ../../node_modules/.pnpm/@privy-io+react-auth@3.8.1_@react-native-async-storage+async-storage@2.2.0_react-native@0.81._wohlufzm3e2uivsz4zdi7ax2py/node_modules/@privy-io/react-auth/dist/esm/TransactionDetails-DITlhQNk.mjs (1:2581): A comment
#17 29.45 
#17 29.45 "/*#__PURE__*/"
#17 29.45 
#17 29.45 in "../../node_modules/.pnpm/@privy-io+react-auth@3.8.1_@react-native-async-storage+async-storage@2.2.0_react-native@0.81._wohlufzm3e2uivsz4zdi7ax2py/node_modules/@privy-io/react-auth/dist/esm/TransactionDetails-DITlhQNk.mjs" contains an annotation that Rollup cannot interpret due to the position of the comment. The comment will be removed to avoid issues.
#17 29.45 ../../node_modules/.pnpm/@privy-io+react-auth@3.8.1_@react-native-async-storage+async-storage@2.2.0_react-native@0.81._wohlufzm3e2uivsz4zdi7ax2py/node_modules/@privy-io/react-auth/dist/esm/TransactionDetails-DITlhQNk.mjs (1:2786): A comment
#17 29.45 
#17 29.45 "/*#__PURE__*/"
#17 29.45 
#17 29.45 in "../../node_modules/.pnpm/@privy-io+react-auth@3.8.1_@react-native-async-storage+async-storage@2.2.0_react-native@0.81._wohlufzm3e2uivsz4zdi7ax2py/node_modules/@privy-io/react-auth/dist/esm/TransactionDetails-DITlhQNk.mjs" contains an annotation that Rollup cannot interpret due to the position of the comment. The comment will be removed to avoid issues.
#17 29.45 ../../node_modules/.pnpm/@privy-io+react-auth@3.8.1_@react-native-async-storage+async-storage@2.2.0_react-native@0.81._wohlufzm3e2uivsz4zdi7ax2py/node_modules/@privy-io/react-auth/dist/esm/TransactionDetails-DITlhQNk.mjs (1:3022): A comment
#17 29.45 
#17 29.45 "/*#__PURE__*/"
#17 29.45 
#17 29.45 in "../../node_modules/.pnpm/@privy-io+react-auth@3.8.1_@react-native-async-storage+async-storage@2.2.0_react-native@0.81._wohlufzm3e2uivsz4zdi7ax2py/node_modules/@privy-io/react-auth/dist/esm/TransactionDetails-DITlhQNk.mjs" contains an annotation that Rollup cannot interpret due to the position of the comment. The comment will be removed to avoid issues.
#17 29.45 ../../node_modules/.pnpm/@privy-io+react-auth@3.8.1_@react-native-async-storage+async-storage@2.2.0_react-native@0.81._wohlufzm3e2uivsz4zdi7ax2py/node_modules/@privy-io/react-auth/dist/esm/TransactionDetails-DITlhQNk.mjs (2:317): A comment
#17 29.45 
#17 29.45 "/*#__PURE__*/"
#17 29.45 
#17 29.45 in "../../node_modules/.pnpm/@privy-io+react-auth@3.8.1_@react-native-async-storage+async-storage@2.2.0_react-native@0.81._wohlufzm3e2uivsz4zdi7ax2py/node_modules/@privy-io/react-auth/dist/esm/TransactionDetails-DITlhQNk.mjs" contains an annotation that Rollup cannot interpret due to the position of the comment. The comment will be removed to avoid issues.
#17 29.45 ../../node_modules/.pnpm/@privy-io+react-auth@3.8.1_@react-native-async-storage+async-storage@2.2.0_react-native@0.81._wohlufzm3e2uivsz4zdi7ax2py/node_modules/@privy-io/react-auth/dist/esm/TransactionDetails-DITlhQNk.mjs (2:469): A comment
#17 29.45 
#17 29.45 "/*#__PURE__*/"
#17 29.45 
#17 29.45 in "../../node_modules/.pnpm/@privy-io+react-auth@3.8.1_@react-native-async-storage+async-storage@2.2.0_react-native@0.81._wohlufzm3e2uivsz4zdi7ax2py/node_modules/@privy-io/react-auth/dist/esm/TransactionDetails-DITlhQNk.mjs" contains an annotation that Rollup cannot interpret due to the position of the comment. The comment will be removed to avoid issues.
#17 29.45 ../../node_modules/.pnpm/@privy-io+react-auth@3.8.1_@react-native-async-storage+async-storage@2.2.0_react-native@0.81._wohlufzm3e2uivsz4zdi7ax2py/node_modules/@privy-io/react-auth/dist/esm/TransactionDetails-DITlhQNk.mjs (2:2297): A comment
#17 29.45 
#17 29.45 "/*#__PURE__*/"
#17 29.45 
#17 29.45 in "../../node_modules/.pnpm/@privy-io+react-auth@3.8.1_@react-native-async-storage+async-storage@2.2.0_react-native@0.81._wohlufzm3e2uivsz4zdi7ax2py/node_modules/@privy-io/react-auth/dist/esm/TransactionDetails-DITlhQNk.mjs" contains an annotation that Rollup cannot interpret due to the position of the comment. The comment will be removed to avoid issues.
#17 29.85 ../../node_modules/.pnpm/@privy-io+react-auth@3.8.1_@react-native-async-storage+async-storage@2.2.0_react-native@0.81._wohlufzm3e2uivsz4zdi7ax2py/node_modules/@privy-io/react-auth/dist/esm/EnrollTotp-CtNw20-I.mjs (1:3485): A comment
#17 29.85 
#17 29.85 "/*#__PURE__*/"
#17 29.85 
#17 29.85 in "../../node_modules/.pnpm/@privy-io+react-auth@3.8.1_@react-native-async-storage+async-storage@2.2.0_react-native@0.81._wohlufzm3e2uivsz4zdi7ax2py/node_modules/@privy-io/react-auth/dist/esm/EnrollTotp-CtNw20-I.mjs" contains an annotation that Rollup cannot interpret due to the position of the comment. The comment will be removed to avoid issues.
#17 29.85 ../../node_modules/.pnpm/@privy-io+react-auth@3.8.1_@react-native-async-storage+async-storage@2.2.0_react-native@0.81._wohlufzm3e2uivsz4zdi7ax2py/node_modules/@privy-io/react-auth/dist/esm/EnrollTotp-CtNw20-I.mjs (1:18752): A comment
#17 29.85 
#17 29.85 "/*#__PURE__*/"
#17 29.85 
#17 29.85 in "../../node_modules/.pnpm/@privy-io+react-auth@3.8.1_@react-native-async-storage+async-storage@2.2.0_react-native@0.81._wohlufzm3e2uivsz4zdi7ax2py/node_modules/@privy-io/react-auth/dist/esm/EnrollTotp-CtNw20-I.mjs" contains an annotation that Rollup cannot interpret due to the position of the comment. The comment will be removed to avoid issues.
#17 29.85 ../../node_modules/.pnpm/@privy-io+react-auth@3.8.1_@react-native-async-storage+async-storage@2.2.0_react-native@0.81._wohlufzm3e2uivsz4zdi7ax2py/node_modules/@privy-io/react-auth/dist/esm/EnrollTotp-CtNw20-I.mjs (1:21084): A comment
#17 29.85 
#17 29.85 "/*#__PURE__*/"
#17 29.85 
#17 29.85 in "../../node_modules/.pnpm/@privy-io+react-auth@3.8.1_@react-native-async-storage+async-storage@2.2.0_react-native@0.81._wohlufzm3e2uivsz4zdi7ax2py/node_modules/@privy-io/react-auth/dist/esm/EnrollTotp-CtNw20-I.mjs" contains an annotation that Rollup cannot interpret due to the position of the comment. The comment will be removed to avoid issues.
#17 29.86 ../../node_modules/.pnpm/@privy-io+react-auth@3.8.1_@react-native-async-storage+async-storage@2.2.0_react-native@0.81._wohlufzm3e2uivsz4zdi7ax2py/node_modules/@privy-io/react-auth/dist/esm/JsonTree-Bvd2C29R.mjs (1:346): A comment
#17 29.86 
#17 29.86 "/*#__PURE__*/"
#17 29.86 
#17 29.86 in "../../node_modules/.pnpm/@privy-io+react-auth@3.8.1_@react-native-async-storage+async-storage@2.2.0_react-native@0.81._wohlufzm3e2uivsz4zdi7ax2py/node_modules/@privy-io/react-auth/dist/esm/JsonTree-Bvd2C29R.mjs" contains an annotation that Rollup cannot interpret due to the position of the comment. The comment will be removed to avoid issues.
#17 29.88 ../../node_modules/.pnpm/@privy-io+react-auth@3.8.1_@react-native-async-storage+async-storage@2.2.0_react-native@0.81._wohlufzm3e2uivsz4zdi7ax2py/node_modules/@privy-io/react-auth/dist/esm/TransactionErrorView-DmFbjQHi.mjs (1:1721): A comment
#17 29.88 
#17 29.88 "/*#__PURE__*/"
#17 29.88 
#17 29.88 in "../../node_modules/.pnpm/@privy-io+react-auth@3.8.1_@react-native-async-storage+async-storage@2.2.0_react-native@0.81._wohlufzm3e2uivsz4zdi7ax2py/node_modules/@privy-io/react-auth/dist/esm/TransactionErrorView-DmFbjQHi.mjs" contains an annotation that Rollup cannot interpret due to the position of the comment. The comment will be removed to avoid issues.
#17 29.88 ../../node_modules/.pnpm/@privy-io+react-auth@3.8.1_@react-native-async-storage+async-storage@2.2.0_react-native@0.81._wohlufzm3e2uivsz4zdi7ax2py/node_modules/@privy-io/react-auth/dist/esm/TransactionErrorView-DmFbjQHi.mjs (1:2105): A comment
#17 29.88 
#17 29.88 "/*#__PURE__*/"
#17 29.88 
#17 29.88 in "../../node_modules/.pnpm/@privy-io+react-auth@3.8.1_@react-native-async-storage+async-storage@2.2.0_react-native@0.81._wohlufzm3e2uivsz4zdi7ax2py/node_modules/@privy-io/react-auth/dist/esm/TransactionErrorView-DmFbjQHi.mjs" contains an annotation that Rollup cannot interpret due to the position of the comment. The comment will be removed to avoid issues.
#17 29.88 ../../node_modules/.pnpm/@privy-io+react-auth@3.8.1_@react-native-async-storage+async-storage@2.2.0_react-native@0.81._wohlufzm3e2uivsz4zdi7ax2py/node_modules/@privy-io/react-auth/dist/esm/TransactionErrorView-DmFbjQHi.mjs (1:3128): A comment
#17 29.88 
#17 29.88 "/*#__PURE__*/"
#17 29.88 
#17 29.88 in "../../node_modules/.pnpm/@privy-io+react-auth@3.8.1_@react-native-async-storage+async-storage@2.2.0_react-native@0.81._wohlufzm3e2uivsz4zdi7ax2py/node_modules/@privy-io/react-auth/dist/esm/TransactionErrorView-DmFbjQHi.mjs" contains an annotation that Rollup cannot interpret due to the position of the comment. The comment will be removed to avoid issues.
#17 29.88 ../../node_modules/.pnpm/@privy-io+react-auth@3.8.1_@react-native-async-storage+async-storage@2.2.0_react-native@0.81._wohlufzm3e2uivsz4zdi7ax2py/node_modules/@privy-io/react-auth/dist/esm/TransactionErrorView-DmFbjQHi.mjs (1:7925): A comment
#17 29.88 
#17 29.88 "/*#__PURE__*/"
#17 29.88 
#17 29.88 in "../../node_modules/.pnpm/@privy-io+react-auth@3.8.1_@react-native-async-storage+async-storage@2.2.0_react-native@0.81._wohlufzm3e2uivsz4zdi7ax2py/node_modules/@privy-io/react-auth/dist/esm/TransactionErrorView-DmFbjQHi.mjs" contains an annotation that Rollup cannot interpret due to the position of the comment. The comment will be removed to avoid issues.
#17 29.88 ../../node_modules/.pnpm/@privy-io+react-auth@3.8.1_@react-native-async-storage+async-storage@2.2.0_react-native@0.81._wohlufzm3e2uivsz4zdi7ax2py/node_modules/@privy-io/react-auth/dist/esm/TransactionErrorView-DmFbjQHi.mjs (2:877): A comment
#17 29.88 
#17 29.88 "/*#__PURE__*/"
#17 29.88 
#17 29.88 in "../../node_modules/.pnpm/@privy-io+react-auth@3.8.1_@react-native-async-storage+async-storage@2.2.0_react-native@0.81._wohlufzm3e2uivsz4zdi7ax2py/node_modules/@privy-io/react-auth/dist/esm/TransactionErrorView-DmFbjQHi.mjs" contains an annotation that Rollup cannot interpret due to the position of the comment. The comment will be removed to avoid issues.
#17 29.88 ../../node_modules/.pnpm/@privy-io+react-auth@3.8.1_@react-native-async-storage+async-storage@2.2.0_react-native@0.81._wohlufzm3e2uivsz4zdi7ax2py/node_modules/@privy-io/react-auth/dist/esm/TransactionErrorView-DmFbjQHi.mjs (2:11396): A comment
#17 29.88 
#17 29.88 "/*#__PURE__*/"
#17 29.88 
#17 29.88 in "../../node_modules/.pnpm/@privy-io+react-auth@3.8.1_@react-native-async-storage+async-storage@2.2.0_react-native@0.81._wohlufzm3e2uivsz4zdi7ax2py/node_modules/@privy-io/react-auth/dist/esm/TransactionErrorView-DmFbjQHi.mjs" contains an annotation that Rollup cannot interpret due to the position of the comment. The comment will be removed to avoid issues.
#17 37.49 ../../node_modules/.pnpm/ox@0.9.3_typescript@5.9.3_zod@3.25.76/node_modules/ox/_esm/core/Base64.js (6:27): A comment
#17 37.49 
#17 37.49 "/*#__PURE__*/"
#17 37.49 
#17 37.49 in "../../node_modules/.pnpm/ox@0.9.3_typescript@5.9.3_zod@3.25.76/node_modules/ox/_esm/core/Base64.js" contains an annotation that Rollup cannot interpret due to the position of the comment. The comment will be removed to avoid issues.
#17 39.52 ../../node_modules/.pnpm/ox@0.6.9_typescript@5.9.3_zod@3.25.76/node_modules/ox/_esm/core/Address.js (6:21): A comment
#17 39.52 
#17 39.52 "/*#__PURE__*/"
#17 39.52 
#17 39.52 in "../../node_modules/.pnpm/ox@0.6.9_typescript@5.9.3_zod@3.25.76/node_modules/ox/_esm/core/Address.js" contains an annotation that Rollup cannot interpret due to the position of the comment. The comment will be removed to avoid issues.
#17 39.53 ../../node_modules/.pnpm/ox@0.6.9_typescript@5.9.3_zod@3.25.76/node_modules/ox/_esm/core/Base64.js (6:27): A comment
#17 39.53 
#17 39.53 "/*#__PURE__*/"
#17 39.53 
#17 39.53 in "../../node_modules/.pnpm/ox@0.6.9_typescript@5.9.3_zod@3.25.76/node_modules/ox/_esm/core/Base64.js" contains an annotation that Rollup cannot interpret due to the position of the comment. The comment will be removed to avoid issues.
#17 41.39 ../../node_modules/.pnpm/ox@0.6.9_typescript@5.9.3_zod@3.25.76/node_modules/ox/_esm/core/internal/cursor.js (2:21): A comment
#17 41.39 
#17 41.39 "/*#__PURE__*/"
#17 41.39 
#17 41.39 in "../../node_modules/.pnpm/ox@0.6.9_typescript@5.9.3_zod@3.25.76/node_modules/ox/_esm/core/internal/cursor.js" contains an annotation that Rollup cannot interpret due to the position of the comment. The comment will be removed to avoid issues.
#17 43.44 ../../node_modules/.pnpm/@privy-io+react-auth@3.8.1_@react-native-async-storage+async-storage@2.2.0_react-native@0.81._2swqv4hh7pfehfb5q3m5dawvam/node_modules/@privy-io/react-auth/dist/esm/prepareFundingModalData-CndHQFiM.mjs (1:5184): A comment
#17 43.44 
#17 43.44 "/*#__PURE__*/"
#17 43.44 
#17 43.44 in "../../node_modules/.pnpm/@privy-io+react-auth@3.8.1_@react-native-async-storage+async-storage@2.2.0_react-native@0.81._2swqv4hh7pfehfb5q3m5dawvam/node_modules/@privy-io/react-auth/dist/esm/prepareFundingModalData-CndHQFiM.mjs" contains an annotation that Rollup cannot interpret due to the position of the comment. The comment will be removed to avoid issues.
#17 43.45 ../../node_modules/.pnpm/@privy-io+react-auth@3.8.1_@react-native-async-storage+async-storage@2.2.0_react-native@0.81._2swqv4hh7pfehfb5q3m5dawvam/node_modules/@privy-io/react-auth/dist/esm/usePrivy-BSIhOAz8.mjs (1:885): A comment
#17 43.45 
#17 43.45 "/*#__PURE__*/"
#17 43.45 
#17 43.45 in "../../node_modules/.pnpm/@privy-io+react-auth@3.8.1_@react-native-async-storage+async-storage@2.2.0_react-native@0.81._2swqv4hh7pfehfb5q3m5dawvam/node_modules/@privy-io/react-auth/dist/esm/usePrivy-BSIhOAz8.mjs" contains an annotation that Rollup cannot interpret due to the position of the comment. The comment will be removed to avoid issues.
#17 43.49 ../../node_modules/.pnpm/@privy-io+react-auth@3.8.1_@react-native-async-storage+async-storage@2.2.0_react-native@0.81._2swqv4hh7pfehfb5q3m5dawvam/node_modules/@privy-io/react-auth/dist/esm/get-is-unified-wallet-DXko-EzF.mjs (1:8185): A comment
#17 43.49 
#17 43.49 "/*#__PURE__*/"
#17 43.49 
#17 43.49 in "../../node_modules/.pnpm/@privy-io+react-auth@3.8.1_@react-native-async-storage+async-storage@2.2.0_react-native@0.81._2swqv4hh7pfehfb5q3m5dawvam/node_modules/@privy-io/react-auth/dist/esm/get-is-unified-wallet-DXko-EzF.mjs" contains an annotation that Rollup cannot interpret due to the position of the comment. The comment will be removed to avoid issues.
#17 43.49 ../../node_modules/.pnpm/@privy-io+react-auth@3.8.1_@react-native-async-storage+async-storage@2.2.0_react-native@0.81._2swqv4hh7pfehfb5q3m5dawvam/node_modules/@privy-io/react-auth/dist/esm/get-is-unified-wallet-DXko-EzF.mjs (1:8837): A comment
#17 43.49 
#17 43.49 "/*#__PURE__*/"
#17 43.49 
#17 43.49 in "../../node_modules/.pnpm/@privy-io+react-auth@3.8.1_@react-native-async-storage+async-storage@2.2.0_react-native@0.81._2swqv4hh7pfehfb5q3m5dawvam/node_modules/@privy-io/react-auth/dist/esm/get-is-unified-wallet-DXko-EzF.mjs" contains an annotation that Rollup cannot interpret due to the position of the comment. The comment will be removed to avoid issues.
#17 43.74 ../../node_modules/.pnpm/@privy-io+react-auth@3.8.1_@react-native-async-storage+async-storage@2.2.0_react-native@0.81._erejg4ast5j5xivknppng7u6xq/node_modules/@privy-io/react-auth/dist/esm/prepareFundingModalData-CndHQFiM.mjs (1:5184): A comment
#17 43.74 
#17 43.74 "/*#__PURE__*/"
#17 43.74 
#17 43.74 in "../../node_modules/.pnpm/@privy-io+react-auth@3.8.1_@react-native-async-storage+async-storage@2.2.0_react-native@0.81._erejg4ast5j5xivknppng7u6xq/node_modules/@privy-io/react-auth/dist/esm/prepareFundingModalData-CndHQFiM.mjs" contains an annotation that Rollup cannot interpret due to the position of the comment. The comment will be removed to avoid issues.
#17 43.75 ../../node_modules/.pnpm/@privy-io+react-auth@3.8.1_@react-native-async-storage+async-storage@2.2.0_react-native@0.81._erejg4ast5j5xivknppng7u6xq/node_modules/@privy-io/react-auth/dist/esm/usePrivy-BSIhOAz8.mjs (1:885): A comment
#17 43.75 
#17 43.75 "/*#__PURE__*/"
#17 43.75 
#17 43.75 in "../../node_modules/.pnpm/@privy-io+react-auth@3.8.1_@react-native-async-storage+async-storage@2.2.0_react-native@0.81._erejg4ast5j5xivknppng7u6xq/node_modules/@privy-io/react-auth/dist/esm/usePrivy-BSIhOAz8.mjs" contains an annotation that Rollup cannot interpret due to the position of the comment. The comment will be removed to avoid issues.
#17 43.76 ../../node_modules/.pnpm/@privy-io+react-auth@3.8.1_@react-native-async-storage+async-storage@2.2.0_react-native@0.81._erejg4ast5j5xivknppng7u6xq/node_modules/@privy-io/react-auth/dist/esm/get-is-unified-wallet-DXko-EzF.mjs (1:8185): A comment
#17 43.76 
#17 43.76 "/*#__PURE__*/"
#17 43.76 
#17 43.76 in "../../node_modules/.pnpm/@privy-io+react-auth@3.8.1_@react-native-async-storage+async-storage@2.2.0_react-native@0.81._erejg4ast5j5xivknppng7u6xq/node_modules/@privy-io/react-auth/dist/esm/get-is-unified-wallet-DXko-EzF.mjs" contains an annotation that Rollup cannot interpret due to the position of the comment. The comment will be removed to avoid issues.
#17 43.76 ../../node_modules/.pnpm/@privy-io+react-auth@3.8.1_@react-native-async-storage+async-storage@2.2.0_react-native@0.81._erejg4ast5j5xivknppng7u6xq/node_modules/@privy-io/react-auth/dist/esm/get-is-unified-wallet-DXko-EzF.mjs (1:8837): A comment
#17 43.76 
#17 43.76 "/*#__PURE__*/"
#17 43.76 
#17 43.76 in "../../node_modules/.pnpm/@privy-io+react-auth@3.8.1_@react-native-async-storage+async-storage@2.2.0_react-native@0.81._erejg4ast5j5xivknppng7u6xq/node_modules/@privy-io/react-auth/dist/esm/get-is-unified-wallet-DXko-EzF.mjs" contains an annotation that Rollup cannot interpret due to the position of the comment. The comment will be removed to avoid issues.
#17 48.59 ../../node_modules/.pnpm/@privy-io+react-auth@3.8.1_@react-native-async-storage+async-storage@2.2.0_react-native@0.81._2swqv4hh7pfehfb5q3m5dawvam/node_modules/@privy-io/react-auth/dist/esm/HCaptchaWrapper-Dl2Jt_Df.mjs (1:176): A comment
#17 48.59 
#17 48.59 "/*#__PURE__*/"
#17 48.59 
#17 48.59 in "../../node_modules/.pnpm/@privy-io+react-auth@3.8.1_@react-native-async-storage+async-storage@2.2.0_react-native@0.81._2swqv4hh7pfehfb5q3m5dawvam/node_modules/@privy-io/react-auth/dist/esm/HCaptchaWrapper-Dl2Jt_Df.mjs" contains an annotation that Rollup cannot interpret due to the position of the comment. The comment will be removed to avoid issues.
#17 48.59 ../../node_modules/.pnpm/@privy-io+react-auth@3.8.1_@react-native-async-storage+async-storage@2.2.0_react-native@0.81._2swqv4hh7pfehfb5q3m5dawvam/node_modules/@privy-io/react-auth/dist/esm/AccountNotFoundScreen-DQR0FatT.mjs (1:1401): A comment
#17 48.59 
#17 48.59 "/*#__PURE__*/"
#17 48.59 
#17 48.59 in "../../node_modules/.pnpm/@privy-io+react-auth@3.8.1_@react-native-async-storage+async-storage@2.2.0_react-native@0.81._2swqv4hh7pfehfb5q3m5dawvam/node_modules/@privy-io/react-auth/dist/esm/AccountNotFoundScreen-DQR0FatT.mjs" contains an annotation that Rollup cannot interpret due to the position of the comment. The comment will be removed to avoid issues.
#17 48.61 ../../node_modules/.pnpm/@privy-io+react-auth@3.8.1_@react-native-async-storage+async-storage@2.2.0_react-native@0.81._2swqv4hh7pfehfb5q3m5dawvam/node_modules/@privy-io/react-auth/dist/esm/AllowlistRejectionScreen-WgcCN6CH.mjs (1:1552): A comment
#17 48.61 
#17 48.61 "/*#__PURE__*/"
#17 48.61 
#17 48.61 in "../../node_modules/.pnpm/@privy-io+react-auth@3.8.1_@react-native-async-storage+async-storage@2.2.0_react-native@0.81._2swqv4hh7pfehfb5q3m5dawvam/node_modules/@privy-io/react-auth/dist/esm/AllowlistRejectionScreen-WgcCN6CH.mjs" contains an annotation that Rollup cannot interpret due to the position of the comment. The comment will be removed to avoid issues.
#17 48.68 ../../node_modules/.pnpm/@privy-io+react-auth@3.8.1_@react-native-async-storage+async-storage@2.2.0_react-native@0.81._2swqv4hh7pfehfb5q3m5dawvam/node_modules/@privy-io/react-auth/dist/esm/AffirmativeConsentScreen-BU4I5ISJ.mjs (1:1968): A comment
#17 48.68 
#17 48.68 "/*#__PURE__*/"
#17 48.68 
#17 48.68 in "../../node_modules/.pnpm/@privy-io+react-auth@3.8.1_@react-native-async-storage+async-storage@2.2.0_react-native@0.81._2swqv4hh7pfehfb5q3m5dawvam/node_modules/@privy-io/react-auth/dist/esm/AffirmativeConsentScreen-BU4I5ISJ.mjs" contains an annotation that Rollup cannot interpret due to the position of the comment. The comment will be removed to avoid issues.
#17 48.72 ../../node_modules/.pnpm/@privy-io+react-auth@3.8.1_@react-native-async-storage+async-storage@2.2.0_react-native@0.81._2swqv4hh7pfehfb5q3m5dawvam/node_modules/@privy-io/react-auth/dist/esm/AwaitingEvmToSolBridgingScreen-ByIVuwRF.mjs (1:7516): A comment
#17 48.72 
#17 48.72 "/*#__PURE__*/"
#17 48.72 
#17 48.72 in "../../node_modules/.pnpm/@privy-io+react-auth@3.8.1_@react-native-async-storage+async-storage@2.2.0_react-native@0.81._2swqv4hh7pfehfb5q3m5dawvam/node_modules/@privy-io/react-auth/dist/esm/AwaitingEvmToSolBridgingScreen-ByIVuwRF.mjs" contains an annotation that Rollup cannot interpret due to the position of the comment. The comment will be removed to avoid issues.
#17 48.76 ../../node_modules/.pnpm/@privy-io+react-auth@3.8.1_@react-native-async-storage+async-storage@2.2.0_react-native@0.81._2swqv4hh7pfehfb5q3m5dawvam/node_modules/@privy-io/react-auth/dist/esm/TurnstileWrapper-Co-t5mTh.mjs (1:217): A comment
#17 48.76 
#17 48.76 "/*#__PURE__*/"
#17 48.76 
#17 48.76 in "../../node_modules/.pnpm/@privy-io+react-auth@3.8.1_@react-native-async-storage+async-storage@2.2.0_react-native@0.81._2swqv4hh7pfehfb5q3m5dawvam/node_modules/@privy-io/react-auth/dist/esm/TurnstileWrapper-Co-t5mTh.mjs" contains an annotation that Rollup cannot interpret due to the position of the comment. The comment will be removed to avoid issues.
#17 48.80 ../../node_modules/.pnpm/@privy-io+react-auth@3.8.1_@react-native-async-storage+async-storage@2.2.0_react-native@0.81._2swqv4hh7pfehfb5q3m5dawvam/node_modules/@privy-io/react-auth/dist/esm/AuthenticateWithWalletScreen-D6Zy69An.mjs (1:1759): A comment
#17 48.80 
#17 48.80 "/*#__PURE__*/"
#17 48.80 
#17 48.80 in "../../node_modules/.pnpm/@privy-io+react-auth@3.8.1_@react-native-async-storage+async-storage@2.2.0_react-native@0.81._2swqv4hh7pfehfb5q3m5dawvam/node_modules/@privy-io/react-auth/dist/esm/AuthenticateWithWalletScreen-D6Zy69An.mjs" contains an annotation that Rollup cannot interpret due to the position of the comment. The comment will be removed to avoid issues.
#17 48.81 ../../node_modules/.pnpm/@privy-io+react-auth@3.8.1_@react-native-async-storage+async-storage@2.2.0_react-native@0.81._2swqv4hh7pfehfb5q3m5dawvam/node_modules/@privy-io/react-auth/dist/esm/AwaitingExternalEthereumTransferScreen-Bq0rCErj.mjs (1:9474): A comment
#17 48.81 
#17 48.81 "/*#__PURE__*/"
#17 48.81 
#17 48.81 in "../../node_modules/.pnpm/@privy-io+react-auth@3.8.1_@react-native-async-storage+async-storage@2.2.0_react-native@0.81._2swqv4hh7pfehfb5q3m5dawvam/node_modules/@privy-io/react-auth/dist/esm/AwaitingExternalEthereumTransferScreen-Bq0rCErj.mjs" contains an annotation that Rollup cannot interpret due to the position of the comment. The comment will be removed to avoid issues.
#17 48.81 ../../node_modules/.pnpm/@privy-io+react-auth@3.8.1_@react-native-async-storage+async-storage@2.2.0_react-native@0.81._2swqv4hh7pfehfb5q3m5dawvam/node_modules/@privy-io/react-auth/dist/esm/CaptchaScreen-BBjPbV4B.mjs (1:2100): A comment
#17 48.81 
#17 48.81 "/*#__PURE__*/"
#17 48.81 
#17 48.81 in "../../node_modules/.pnpm/@privy-io+react-auth@3.8.1_@react-native-async-storage+async-storage@2.2.0_react-native@0.81._2swqv4hh7pfehfb5q3m5dawvam/node_modules/@privy-io/react-auth/dist/esm/CaptchaScreen-BBjPbV4B.mjs" contains an annotation that Rollup cannot interpret due to the position of the comment. The comment will be removed to avoid issues.
#17 48.81 ../../node_modules/.pnpm/@privy-io+react-auth@3.8.1_@react-native-async-storage+async-storage@2.2.0_react-native@0.81._2swqv4hh7pfehfb5q3m5dawvam/node_modules/@privy-io/react-auth/dist/esm/CaptchaScreen-BBjPbV4B.mjs (1:3413): A comment
#17 48.81 
#17 48.81 "/*#__PURE__*/"
#17 48.81 
#17 48.81 in "../../node_modules/.pnpm/@privy-io+react-auth@3.8.1_@react-native-async-storage+async-storage@2.2.0_react-native@0.81._2swqv4hh7pfehfb5q3m5dawvam/node_modules/@privy-io/react-auth/dist/esm/CaptchaScreen-BBjPbV4B.mjs" contains an annotation that Rollup cannot interpret due to the position of the comment. The comment will be removed to avoid issues.
#17 48.82 ../../node_modules/.pnpm/@privy-io+react-auth@3.8.1_@react-native-async-storage+async-storage@2.2.0_react-native@0.81._2swqv4hh7pfehfb5q3m5dawvam/node_modules/@privy-io/react-auth/dist/esm/ConnectLedgerScreen-TCVn5s4x.mjs (1:3008): A comment
#17 48.82 
#17 48.82 "/*#__PURE__*/"
#17 48.82 
#17 48.82 in "../../node_modules/.pnpm/@privy-io+react-auth@3.8.1_@react-native-async-storage+async-storage@2.2.0_react-native@0.81._2swqv4hh7pfehfb5q3m5dawvam/node_modules/@privy-io/react-auth/dist/esm/ConnectLedgerScreen-TCVn5s4x.mjs" contains an annotation that Rollup cannot interpret due to the position of the comment. The comment will be removed to avoid issues.
#17 48.82 ../../node_modules/.pnpm/@privy-io+react-auth@3.8.1_@react-native-async-storage+async-storage@2.2.0_react-native@0.81._2swqv4hh7pfehfb5q3m5dawvam/node_modules/@privy-io/react-auth/dist/esm/CoinbaseOnrampStatusScreen-CZpfBNiz.mjs (1:3644): A comment
#17 48.82 
#17 48.82 "/*#__PURE__*/"
#17 48.82 
#17 48.82 in "../../node_modules/.pnpm/@privy-io+react-auth@3.8.1_@react-native-async-storage+async-storage@2.2.0_react-native@0.81._2swqv4hh7pfehfb5q3m5dawvam/node_modules/@privy-io/react-auth/dist/esm/CoinbaseOnrampStatusScreen-CZpfBNiz.mjs" contains an annotation that Rollup cannot interpret due to the position of the comment. The comment will be removed to avoid issues.
#17 48.82 ../../node_modules/.pnpm/@privy-io+react-auth@3.8.1_@react-native-async-storage+async-storage@2.2.0_react-native@0.81._2swqv4hh7pfehfb5q3m5dawvam/node_modules/@privy-io/react-auth/dist/esm/CoinbaseOnrampStatusScreen-CZpfBNiz.mjs (1:3967): A comment
#17 48.82 
#17 48.82 "/*#__PURE__*/"
#17 48.82 
#17 48.82 in "../../node_modules/.pnpm/@privy-io+react-auth@3.8.1_@react-native-async-storage+async-storage@2.2.0_react-native@0.81._2swqv4hh7pfehfb5q3m5dawvam/node_modules/@privy-io/react-auth/dist/esm/CoinbaseOnrampStatusScreen-CZpfBNiz.mjs" contains an annotation that Rollup cannot interpret due to the position of the comment. The comment will be removed to avoid issues.
#17 48.82 ../../node_modules/.pnpm/@privy-io+react-auth@3.8.1_@react-native-async-storage+async-storage@2.2.0_react-native@0.81._2swqv4hh7pfehfb5q3m5dawvam/node_modules/@privy-io/react-auth/dist/esm/CoinbaseOnrampStatusScreen-CZpfBNiz.mjs (1:4504): A comment
#17 48.82 
#17 48.82 "/*#__PURE__*/"
#17 48.82 
#17 48.82 in "../../node_modules/.pnpm/@privy-io+react-auth@3.8.1_@react-native-async-storage+async-storage@2.2.0_react-native@0.81._2swqv4hh7pfehfb5q3m5dawvam/node_modules/@privy-io/react-auth/dist/esm/CoinbaseOnrampStatusScreen-CZpfBNiz.mjs" contains an annotation that Rollup cannot interpret due to the position of the comment. The comment will be removed to avoid issues.
#17 48.83 ../../node_modules/.pnpm/@privy-io+react-auth@3.8.1_@react-native-async-storage+async-storage@2.2.0_react-native@0.81._2swqv4hh7pfehfb5q3m5dawvam/node_modules/@privy-io/react-auth/dist/esm/AwaitingPasswordlessCodeScreen-itJ4854u.mjs (1:2752): A comment
#17 48.83 
#17 48.83 "/*#__PURE__*/"
#17 48.83 
#17 48.83 in "../../node_modules/.pnpm/@privy-io+react-auth@3.8.1_@react-native-async-storage+async-storage@2.2.0_react-native@0.81._2swqv4hh7pfehfb5q3m5dawvam/node_modules/@privy-io/react-auth/dist/esm/AwaitingPasswordlessCodeScreen-itJ4854u.mjs" contains an annotation that Rollup cannot interpret due to the position of the comment. The comment will be removed to avoid issues.
#17 48.83 ../../node_modules/.pnpm/@privy-io+react-auth@3.8.1_@react-native-async-storage+async-storage@2.2.0_react-native@0.81._2swqv4hh7pfehfb5q3m5dawvam/node_modules/@privy-io/react-auth/dist/esm/AwaitingPasswordlessCodeScreen-itJ4854u.mjs (1:5760): A comment
#17 48.83 
#17 48.83 "/*#__PURE__*/"
#17 48.83 
#17 48.83 in "../../node_modules/.pnpm/@privy-io+react-auth@3.8.1_@react-native-async-storage+async-storage@2.2.0_react-native@0.81._2swqv4hh7pfehfb5q3m5dawvam/node_modules/@privy-io/react-auth/dist/esm/AwaitingPasswordlessCodeScreen-itJ4854u.mjs" contains an annotation that Rollup cannot interpret due to the position of the comment. The comment will be removed to avoid issues.
#17 48.84 ../../node_modules/.pnpm/@privy-io+react-auth@3.8.1_@react-native-async-storage+async-storage@2.2.0_react-native@0.81._2swqv4hh7pfehfb5q3m5dawvam/node_modules/@privy-io/react-auth/dist/esm/ConnectOnlyLandingScreen-CjVJO9uh.mjs (1:1615): A comment
#17 48.84 
#17 48.84 "/*#__PURE__*/"
#17 48.84 
#17 48.84 in "../../node_modules/.pnpm/@privy-io+react-auth@3.8.1_@react-native-async-storage+async-storage@2.2.0_react-native@0.81._2swqv4hh7pfehfb5q3m5dawvam/node_modules/@privy-io/react-auth/dist/esm/ConnectOnlyLandingScreen-CjVJO9uh.mjs" contains an annotation that Rollup cannot interpret due to the position of the comment. The comment will be removed to avoid issues.
#17 48.85 ../../node_modules/.pnpm/@privy-io+react-auth@3.8.1_@react-native-async-storage+async-storage@2.2.0_react-native@0.81._2swqv4hh7pfehfb5q3m5dawvam/node_modules/@privy-io/react-auth/dist/esm/CrossAppAuthScreen-CnvB1lhx.mjs (1:2035): A comment
#17 48.85 
#17 48.85 "/*#__PURE__*/"
#17 48.85 
#17 48.85 in "../../node_modules/.pnpm/@privy-io+react-auth@3.8.1_@react-native-async-storage+async-storage@2.2.0_react-native@0.81._2swqv4hh7pfehfb5q3m5dawvam/node_modules/@privy-io/react-auth/dist/esm/CrossAppAuthScreen-CnvB1lhx.mjs" contains an annotation that Rollup cannot interpret due to the position of the comment. The comment will be removed to avoid issues.
#17 48.87 ../../node_modules/.pnpm/@privy-io+react-auth@3.8.1_@react-native-async-storage+async-storage@2.2.0_react-native@0.81._2swqv4hh7pfehfb5q3m5dawvam/node_modules/@privy-io/react-auth/dist/esm/EmbeddedWalletKeyExportScreen-CEo3FI_N.mjs (1:3690): A comment
#17 48.87 
#17 48.87 "/*#__PURE__*/"
#17 48.87 
#17 48.87 in "../../node_modules/.pnpm/@privy-io+react-auth@3.8.1_@react-native-async-storage+async-storage@2.2.0_react-native@0.81._2swqv4hh7pfehfb5q3m5dawvam/node_modules/@privy-io/react-auth/dist/esm/EmbeddedWalletKeyExportScreen-CEo3FI_N.mjs" contains an annotation that Rollup cannot interpret due to the position of the comment. The comment will be removed to avoid issues.
#17 48.88 ../../node_modules/.pnpm/@privy-io+react-auth@3.8.1_@react-native-async-storage+async-storage@2.2.0_react-native@0.81._2swqv4hh7pfehfb5q3m5dawvam/node_modules/@privy-io/react-auth/dist/esm/EmbeddedWalletOnAccountCreateScreen-C7cawTmQ.mjs (1:3522): A comment
#17 48.88 
#17 48.88 "/*#__PURE__*/"
#17 48.88 
#17 48.88 in "../../node_modules/.pnpm/@privy-io+react-auth@3.8.1_@react-native-async-storage+async-storage@2.2.0_react-native@0.81._2swqv4hh7pfehfb5q3m5dawvam/node_modules/@privy-io/react-auth/dist/esm/EmbeddedWalletOnAccountCreateScreen-C7cawTmQ.mjs" contains an annotation that Rollup cannot interpret due to the position of the comment. The comment will be removed to avoid issues.
#17 48.89 ../../node_modules/.pnpm/@privy-io+react-auth@3.8.1_@react-native-async-storage+async-storage@2.2.0_react-native@0.81._2swqv4hh7pfehfb5q3m5dawvam/node_modules/@privy-io/react-auth/dist/esm/EmbeddedWalletPasswordUpdateScreen-GdNNmtZR.mjs (1:2481): A comment
#17 48.89 
#17 48.89 "/*#__PURE__*/"
#17 48.89 
#17 48.89 in "../../node_modules/.pnpm/@privy-io+react-auth@3.8.1_@react-native-async-storage+async-storage@2.2.0_react-native@0.81._2swqv4hh7pfehfb5q3m5dawvam/node_modules/@privy-io/react-auth/dist/esm/EmbeddedWalletPasswordUpdateScreen-GdNNmtZR.mjs" contains an annotation that Rollup cannot interpret due to the position of the comment. The comment will be removed to avoid issues.
#17 48.90 ../../node_modules/.pnpm/@privy-io+react-auth@3.8.1_@react-native-async-storage+async-storage@2.2.0_react-native@0.81._2swqv4hh7pfehfb5q3m5dawvam/node_modules/@privy-io/react-auth/dist/esm/RecoveryPasswordCreateScreen-DdzD09T3.mjs (1:3531): A comment
#17 48.90 
#17 48.90 "/*#__PURE__*/"
#17 48.90 
#17 48.90 in "../../node_modules/.pnpm/@privy-io+react-auth@3.8.1_@react-native-async-storage+async-storage@2.2.0_react-native@0.81._2swqv4hh7pfehfb5q3m5dawvam/node_modules/@privy-io/react-auth/dist/esm/RecoveryPasswordCreateScreen-DdzD09T3.mjs" contains an annotation that Rollup cannot interpret due to the position of the comment. The comment will be removed to avoid issues.
#17 48.94 ../../node_modules/.pnpm/@privy-io+react-auth@3.8.1_@react-native-async-storage+async-storage@2.2.0_react-native@0.81._2swqv4hh7pfehfb5q3m5dawvam/node_modules/@privy-io/react-auth/dist/esm/ConnectionStatusScreen-B3NfUQx_.mjs (1:3142): A comment
#17 48.94 
#17 48.94 "/*#__PURE__*/"
#17 48.94 
#17 48.94 in "../../node_modules/.pnpm/@privy-io+react-auth@3.8.1_@react-native-async-storage+async-storage@2.2.0_react-native@0.81._2swqv4hh7pfehfb5q3m5dawvam/node_modules/@privy-io/react-auth/dist/esm/ConnectionStatusScreen-B3NfUQx_.mjs" contains an annotation that Rollup cannot interpret due to the position of the comment. The comment will be removed to avoid issues.
#17 48.94 ../../node_modules/.pnpm/@privy-io+react-auth@3.8.1_@react-native-async-storage+async-storage@2.2.0_react-native@0.81._2swqv4hh7pfehfb5q3m5dawvam/node_modules/@privy-io/react-auth/dist/esm/ConnectionStatusScreen-B3NfUQx_.mjs (1:9414): A comment
#17 48.94 
#17 48.94 "/*#__PURE__*/"
#17 48.94 
#17 48.94 in "../../node_modules/.pnpm/@privy-io+react-auth@3.8.1_@react-native-async-storage+async-storage@2.2.0_react-native@0.81._2swqv4hh7pfehfb5q3m5dawvam/node_modules/@privy-io/react-auth/dist/esm/ConnectionStatusScreen-B3NfUQx_.mjs" contains an annotation that Rollup cannot interpret due to the position of the comment. The comment will be removed to avoid issues.
#17 48.94 ../../node_modules/.pnpm/@privy-io+react-auth@3.8.1_@react-native-async-storage+async-storage@2.2.0_react-native@0.81._2swqv4hh7pfehfb5q3m5dawvam/node_modules/@privy-io/react-auth/dist/esm/FarcasterSignerStatusScreen-MQ2QrijY.mjs (1:4675): A comment
#17 48.94 
#17 48.94 "/*#__PURE__*/"
#17 48.94 
#17 48.94 in "../../node_modules/.pnpm/@privy-io+react-auth@3.8.1_@react-native-async-storage+async-storage@2.2.0_react-native@0.81._2swqv4hh7pfehfb5q3m5dawvam/node_modules/@privy-io/react-auth/dist/esm/FarcasterSignerStatusScreen-MQ2QrijY.mjs" contains an annotation that Rollup cannot interpret due to the position of the comment. The comment will be removed to avoid issues.
#17 48.95 ../../node_modules/.pnpm/@privy-io+react-auth@3.8.1_@react-native-async-storage+async-storage@2.2.0_react-native@0.81._2swqv4hh7pfehfb5q3m5dawvam/node_modules/@privy-io/react-auth/dist/esm/ErrorScreen-NoHFWbKU.mjs (1:4225): A comment
#17 48.95 
#17 48.95 "/*#__PURE__*/"
#17 48.95 
#17 48.95 in "../../node_modules/.pnpm/@privy-io+react-auth@3.8.1_@react-native-async-storage+async-storage@2.2.0_react-native@0.81._2swqv4hh7pfehfb5q3m5dawvam/node_modules/@privy-io/react-auth/dist/esm/ErrorScreen-NoHFWbKU.mjs" contains an annotation that Rollup cannot interpret due to the position of the comment. The comment will be removed to avoid issues.
#17 48.95 ../../node_modules/.pnpm/@privy-io+react-auth@3.8.1_@react-native-async-storage+async-storage@2.2.0_react-native@0.81._2swqv4hh7pfehfb5q3m5dawvam/node_modules/@privy-io/react-auth/dist/esm/ErrorScreen-NoHFWbKU.mjs (1:4706): A comment
#17 48.95 
#17 48.95 "/*#__PURE__*/"
#17 48.95 
#17 48.95 in "../../node_modules/.pnpm/@privy-io+react-auth@3.8.1_@react-native-async-storage+async-storage@2.2.0_react-native@0.81._2swqv4hh7pfehfb5q3m5dawvam/node_modules/@privy-io/react-auth/dist/esm/ErrorScreen-NoHFWbKU.mjs" contains an annotation that Rollup cannot interpret due to the position of the comment. The comment will be removed to avoid issues.
#17 48.96 ../../node_modules/.pnpm/@privy-io+react-auth@3.8.1_@react-native-async-storage+async-storage@2.2.0_react-native@0.81._2swqv4hh7pfehfb5q3m5dawvam/node_modules/@privy-io/react-auth/dist/esm/FundingEditAmountScreen-DiZ2-4XS.mjs (1:1659): A comment
#17 48.96 
#17 48.96 "/*#__PURE__*/"
#17 48.96 
#17 48.96 in "../../node_modules/.pnpm/@privy-io+react-auth@3.8.1_@react-native-async-storage+async-storage@2.2.0_react-native@0.81._2swqv4hh7pfehfb5q3m5dawvam/node_modules/@privy-io/react-auth/dist/esm/FundingEditAmountScreen-DiZ2-4XS.mjs" contains an annotation that Rollup cannot interpret due to the position of the comment. The comment will be removed to avoid issues.
#17 48.96 ../../node_modules/.pnpm/@privy-io+react-auth@3.8.1_@react-native-async-storage+async-storage@2.2.0_react-native@0.81._2swqv4hh7pfehfb5q3m5dawvam/node_modules/@privy-io/react-auth/dist/esm/InAppBrowserLoginNotPossible-CTnPeOBa.mjs (1:1285): A comment
#17 48.96 
#17 48.96 "/*#__PURE__*/"
#17 48.96 
#17 48.96 in "../../node_modules/.pnpm/@privy-io+react-auth@3.8.1_@react-native-async-storage+async-storage@2.2.0_react-native@0.81._2swqv4hh7pfehfb5q3m5dawvam/node_modules/@privy-io/react-auth/dist/esm/InAppBrowserLoginNotPossible-CTnPeOBa.mjs" contains an annotation that Rollup cannot interpret due to the position of the comment. The comment will be removed to avoid issues.
#17 48.97 ../../node_modules/.pnpm/@privy-io+react-auth@3.8.1_@react-native-async-storage+async-storage@2.2.0_react-native@0.81._2swqv4hh7pfehfb5q3m5dawvam/node_modules/@privy-io/react-auth/dist/esm/FundSolWalletWithExternalSolanaWallet-DVaHCgDh.mjs (1:2531): A comment
#17 48.97 
#17 48.97 "/*#__PURE__*/"
#17 48.97 
#17 48.97 in "../../node_modules/.pnpm/@privy-io+react-auth@3.8.1_@react-native-async-storage+async-storage@2.2.0_react-native@0.81._2swqv4hh7pfehfb5q3m5dawvam/node_modules/@privy-io/react-auth/dist/esm/FundSolWalletWithExternalSolanaWallet-DVaHCgDh.mjs" contains an annotation that Rollup cannot interpret due to the position of the comment. The comment will be removed to avoid issues.
#17 48.97 ../../node_modules/.pnpm/@privy-io+react-auth@3.8.1_@react-native-async-storage+async-storage@2.2.0_react-native@0.81._2swqv4hh7pfehfb5q3m5dawvam/node_modules/@privy-io/react-auth/dist/esm/InstallWalletScreen-CBxWJiQf.mjs (1:1272): A comment
#17 48.97 
#17 48.97 "/*#__PURE__*/"
#17 48.97 
#17 48.97 in "../../node_modules/.pnpm/@privy-io+react-auth@3.8.1_@react-native-async-storage+async-storage@2.2.0_react-native@0.81._2swqv4hh7pfehfb5q3m5dawvam/node_modules/@privy-io/react-auth/dist/esm/InstallWalletScreen-CBxWJiQf.mjs" contains an annotation that Rollup cannot interpret due to the position of the comment. The comment will be removed to avoid issues.
#17 48.97 ../../node_modules/.pnpm/@privy-io+react-auth@3.8.1_@react-native-async-storage+async-storage@2.2.0_react-native@0.81._2swqv4hh7pfehfb5q3m5dawvam/node_modules/@privy-io/react-auth/dist/esm/InstallWalletScreen-CBxWJiQf.mjs (1:2152): A comment
#17 48.97 
#17 48.97 "/*#__PURE__*/"
#17 48.97 
#17 48.97 in "../../node_modules/.pnpm/@privy-io+react-auth@3.8.1_@react-native-async-storage+async-storage@2.2.0_react-native@0.81._2swqv4hh7pfehfb5q3m5dawvam/node_modules/@privy-io/react-auth/dist/esm/InstallWalletScreen-CBxWJiQf.mjs" contains an annotation that Rollup cannot interpret due to the position of the comment. The comment will be removed to avoid issues.
#17 48.99 ../../node_modules/.pnpm/@privy-io+react-auth@3.8.1_@react-native-async-storage+async-storage@2.2.0_react-native@0.81._2swqv4hh7pfehfb5q3m5dawvam/node_modules/@privy-io/react-auth/dist/esm/FundingMethodSelectionScreen-yZenKs6o.mjs (1:9764): A comment
#17 48.99 
#17 48.99 "/*#__PURE__*/"
#17 48.99 
#17 48.99 in "../../node_modules/.pnpm/@privy-io+react-auth@3.8.1_@react-native-async-storage+async-storage@2.2.0_react-native@0.81._2swqv4hh7pfehfb5q3m5dawvam/node_modules/@privy-io/react-auth/dist/esm/FundingMethodSelectionScreen-yZenKs6o.mjs" contains an annotation that Rollup cannot interpret due to the position of the comment. The comment will be removed to avoid issues.
#17 48.99 ../../node_modules/.pnpm/@privy-io+react-auth@3.8.1_@react-native-async-storage+async-storage@2.2.0_react-native@0.81._2swqv4hh7pfehfb5q3m5dawvam/node_modules/@privy-io/react-auth/dist/esm/LinkEmailScreen-x_TPODcx.mjs (1:2059): A comment
#17 48.99 
#17 48.99 "/*#__PURE__*/"
#17 48.99 
#17 48.99 in "../../node_modules/.pnpm/@privy-io+react-auth@3.8.1_@react-native-async-storage+async-storage@2.2.0_react-native@0.81._2swqv4hh7pfehfb5q3m5dawvam/node_modules/@privy-io/react-auth/dist/esm/LinkEmailScreen-x_TPODcx.mjs" contains an annotation that Rollup cannot interpret due to the position of the comment. The comment will be removed to avoid issues.
#17 49.03 ../../node_modules/.pnpm/@privy-io+react-auth@3.8.1_@react-native-async-storage+async-storage@2.2.0_react-native@0.81._2swqv4hh7pfehfb5q3m5dawvam/node_modules/@privy-io/react-auth/dist/esm/LinkPasskeyScreen-D9IfHaec.mjs (1:2099): A comment
#17 49.03 
#17 49.03 "/*#__PURE__*/"
#17 49.03 
#17 49.03 in "../../node_modules/.pnpm/@privy-io+react-auth@3.8.1_@react-native-async-storage+async-storage@2.2.0_react-native@0.81._2swqv4hh7pfehfb5q3m5dawvam/node_modules/@privy-io/react-auth/dist/esm/LinkPasskeyScreen-D9IfHaec.mjs" contains an annotation that Rollup cannot interpret due to the position of the comment. The comment will be removed to avoid issues.
#17 49.03 ../../node_modules/.pnpm/@privy-io+react-auth@3.8.1_@react-native-async-storage+async-storage@2.2.0_react-native@0.81._2swqv4hh7pfehfb5q3m5dawvam/node_modules/@privy-io/react-auth/dist/esm/LinkPasskeyScreen-D9IfHaec.mjs (1:2233): A comment
#17 49.03 
#17 49.03 "/*#__PURE__*/"
#17 49.03 
#17 49.03 in "../../node_modules/.pnpm/@privy-io+react-auth@3.8.1_@react-native-async-storage+async-storage@2.2.0_react-native@0.81._2swqv4hh7pfehfb5q3m5dawvam/node_modules/@privy-io/react-auth/dist/esm/LinkPasskeyScreen-D9IfHaec.mjs" contains an annotation that Rollup cannot interpret due to the position of the comment. The comment will be removed to avoid issues.
#17 49.04 ../../node_modules/.pnpm/@privy-io+react-auth@3.8.1_@react-native-async-storage+async-storage@2.2.0_react-native@0.81._2swqv4hh7pfehfb5q3m5dawvam/node_modules/@privy-io/react-auth/dist/esm/LinkConflictScreen-BnoDRUE0.mjs (1:1847): A comment
#17 49.04 
#17 49.04 "/*#__PURE__*/"
#17 49.04 
#17 49.04 in "../../node_modules/.pnpm/@privy-io+react-auth@3.8.1_@react-native-async-storage+async-storage@2.2.0_react-native@0.81._2swqv4hh7pfehfb5q3m5dawvam/node_modules/@privy-io/react-auth/dist/esm/LinkConflictScreen-BnoDRUE0.mjs" contains an annotation that Rollup cannot interpret due to the position of the comment. The comment will be removed to avoid issues.
#17 49.04 ../../node_modules/.pnpm/@privy-io+react-auth@3.8.1_@react-native-async-storage+async-storage@2.2.0_react-native@0.81._2swqv4hh7pfehfb5q3m5dawvam/node_modules/@privy-io/react-auth/dist/esm/LinkConflictScreen-BnoDRUE0.mjs (1:4448): A comment
#17 49.04 
#17 49.04 "/*#__PURE__*/"
#17 49.04 
#17 49.04 in "../../node_modules/.pnpm/@privy-io+react-auth@3.8.1_@react-native-async-storage+async-storage@2.2.0_react-native@0.81._2swqv4hh7pfehfb5q3m5dawvam/node_modules/@privy-io/react-auth/dist/esm/LinkConflictScreen-BnoDRUE0.mjs" contains an annotation that Rollup cannot interpret due to the position of the comment. The comment will be removed to avoid issues.
#17 49.05 ../../node_modules/.pnpm/@privy-io+react-auth@3.8.1_@react-native-async-storage+async-storage@2.2.0_react-native@0.81._2swqv4hh7pfehfb5q3m5dawvam/node_modules/@privy-io/react-auth/dist/esm/LinkConflictScreen-BnoDRUE0.mjs (1:7163): A comment
#17 49.05 
#17 49.05 "/*#__PURE__*/"
#17 49.05 
#17 49.05 in "../../node_modules/.pnpm/@privy-io+react-auth@3.8.1_@react-native-async-storage+async-storage@2.2.0_react-native@0.81._2swqv4hh7pfehfb5q3m5dawvam/node_modules/@privy-io/react-auth/dist/esm/LinkConflictScreen-BnoDRUE0.mjs" contains an annotation that Rollup cannot interpret due to the position of the comment. The comment will be removed to avoid issues.
#17 49.05 ../../node_modules/.pnpm/@privy-io+react-auth@3.8.1_@react-native-async-storage+async-storage@2.2.0_react-native@0.81._2swqv4hh7pfehfb5q3m5dawvam/node_modules/@privy-io/react-auth/dist/esm/LinkPhoneScreen-DaK-7otl.mjs (1:1343): A comment
#17 49.05 
#17 49.05 "/*#__PURE__*/"
#17 49.05 
#17 49.05 in "../../node_modules/.pnpm/@privy-io+react-auth@3.8.1_@react-native-async-storage+async-storage@2.2.0_react-native@0.81._2swqv4hh7pfehfb5q3m5dawvam/node_modules/@privy-io/react-auth/dist/esm/LinkPhoneScreen-DaK-7otl.mjs" contains an annotation that Rollup cannot interpret due to the position of the comment. The comment will be removed to avoid issues.
#17 49.05 ../../node_modules/.pnpm/@privy-io+react-auth@3.8.1_@react-native-async-storage+async-storage@2.2.0_react-native@0.81._2swqv4hh7pfehfb5q3m5dawvam/node_modules/@privy-io/react-auth/dist/esm/LinkPhoneScreen-DaK-7otl.mjs (1:1704): A comment
#17 49.05 
#17 49.05 "/*#__PURE__*/"
#17 49.05 
#17 49.05 in "../../node_modules/.pnpm/@privy-io+react-auth@3.8.1_@react-native-async-storage+async-storage@2.2.0_react-native@0.81._2swqv4hh7pfehfb5q3m5dawvam/node_modules/@privy-io/react-auth/dist/esm/LinkPhoneScreen-DaK-7otl.mjs" contains an annotation that Rollup cannot interpret due to the position of the comment. The comment will be removed to avoid issues.
#17 49.06 ../../node_modules/.pnpm/@privy-io+react-auth@3.8.1_@react-native-async-storage+async-storage@2.2.0_react-native@0.81._2swqv4hh7pfehfb5q3m5dawvam/node_modules/@privy-io/react-auth/dist/esm/LoginFailedScreen-CoukYLVP.mjs (1:1411): A comment
#17 49.06 
#17 49.06 "/*#__PURE__*/"
#17 49.06 
#17 49.06 in "../../node_modules/.pnpm/@privy-io+react-auth@3.8.1_@react-native-async-storage+async-storage@2.2.0_react-native@0.81._2swqv4hh7pfehfb5q3m5dawvam/node_modules/@privy-io/react-auth/dist/esm/LoginFailedScreen-CoukYLVP.mjs" contains an annotation that Rollup cannot interpret due to the position of the comment. The comment will be removed to avoid issues.
#17 49.07 ../../node_modules/.pnpm/@privy-io+react-auth@3.8.1_@react-native-async-storage+async-storage@2.2.0_react-native@0.81._2swqv4hh7pfehfb5q3m5dawvam/node_modules/@privy-io/react-auth/dist/esm/ManualTransferScreen-DdumQnbt.mjs (1:5399): A comment
#17 49.07 
#17 49.07 "/*#__PURE__*/"
#17 49.07 
#17 49.07 in "../../node_modules/.pnpm/@privy-io+react-auth@3.8.1_@react-native-async-storage+async-storage@2.2.0_react-native@0.81._2swqv4hh7pfehfb5q3m5dawvam/node_modules/@privy-io/react-auth/dist/esm/ManualTransferScreen-DdumQnbt.mjs" contains an annotation that Rollup cannot interpret due to the position of the comment. The comment will be removed to avoid issues.
#17 49.10 ../../node_modules/.pnpm/@privy-io+react-auth@3.8.1_@react-native-async-storage+async-storage@2.2.0_react-native@0.81._2swqv4hh7pfehfb5q3m5dawvam/node_modules/@privy-io/react-auth/dist/esm/MfaEnrollmentFlowScreen-CXyaDU1D.mjs (1:6518): A comment
#17 49.10 
#17 49.10 "/*#__PURE__*/"
#17 49.10 
#17 49.10 in "../../node_modules/.pnpm/@privy-io+react-auth@3.8.1_@react-native-async-storage+async-storage@2.2.0_react-native@0.81._2swqv4hh7pfehfb5q3m5dawvam/node_modules/@privy-io/react-auth/dist/esm/MfaEnrollmentFlowScreen-CXyaDU1D.mjs" contains an annotation that Rollup cannot interpret due to the position of the comment. The comment will be removed to avoid issues.
#17 49.10 ../../node_modules/.pnpm/@privy-io+react-auth@3.8.1_@react-native-async-storage+async-storage@2.2.0_react-native@0.81._2swqv4hh7pfehfb5q3m5dawvam/node_modules/@privy-io/react-auth/dist/esm/MfaEnrollmentFlowScreen-CXyaDU1D.mjs (1:6731): A comment
#17 49.10 
#17 49.10 "/*#__PURE__*/"
#17 49.10 
#17 49.10 in "../../node_modules/.pnpm/@privy-io+react-auth@3.8.1_@react-native-async-storage+async-storage@2.2.0_react-native@0.81._2swqv4hh7pfehfb5q3m5dawvam/node_modules/@privy-io/react-auth/dist/esm/MfaEnrollmentFlowScreen-CXyaDU1D.mjs" contains an annotation that Rollup cannot interpret due to the position of the comment. The comment will be removed to avoid issues.
#17 49.10 ../../node_modules/.pnpm/@privy-io+react-auth@3.8.1_@react-native-async-storage+async-storage@2.2.0_react-native@0.81._2swqv4hh7pfehfb5q3m5dawvam/node_modules/@privy-io/react-auth/dist/esm/MfaEnrollmentFlowScreen-CXyaDU1D.mjs (1:7287): A comment
#17 49.10 
#17 49.10 "/*#__PURE__*/"
#17 49.10 
#17 49.10 in "../../node_modules/.pnpm/@privy-io+react-auth@3.8.1_@react-native-async-storage+async-storage@2.2.0_react-native@0.81._2swqv4hh7pfehfb5q3m5dawvam/node_modules/@privy-io/react-auth/dist/esm/MfaEnrollmentFlowScreen-CXyaDU1D.mjs" contains an annotation that Rollup cannot interpret due to the position of the comment. The comment will be removed to avoid issues.
#17 49.10 ../../node_modules/.pnpm/@privy-io+react-auth@3.8.1_@react-native-async-storage+async-storage@2.2.0_react-native@0.81._2swqv4hh7pfehfb5q3m5dawvam/node_modules/@privy-io/react-auth/dist/esm/MfaEnrollmentFlowScreen-CXyaDU1D.mjs (1:7919): A comment
#17 49.10 
#17 49.10 "/*#__PURE__*/"
#17 49.10 
#17 49.10 in "../../node_modules/.pnpm/@privy-io+react-auth@3.8.1_@react-native-async-storage+async-storage@2.2.0_react-native@0.81._2swqv4hh7pfehfb5q3m5dawvam/node_modules/@privy-io/react-auth/dist/esm/MfaEnrollmentFlowScreen-CXyaDU1D.mjs" contains an annotation that Rollup cannot interpret due to the position of the comment. The comment will be removed to avoid issues.
#17 49.10 ../../node_modules/.pnpm/@privy-io+react-auth@3.8.1_@react-native-async-storage+async-storage@2.2.0_react-native@0.81._2swqv4hh7pfehfb5q3m5dawvam/node_modules/@privy-io/react-auth/dist/esm/MfaEnrollmentFlowScreen-CXyaDU1D.mjs (1:8620): A comment
#17 49.10 
#17 49.10 "/*#__PURE__*/"
#17 49.10 
#17 49.10 in "../../node_modules/.pnpm/@privy-io+react-auth@3.8.1_@react-native-async-storage+async-storage@2.2.0_react-native@0.81._2swqv4hh7pfehfb5q3m5dawvam/node_modules/@privy-io/react-auth/dist/esm/MfaEnrollmentFlowScreen-CXyaDU1D.mjs" contains an annotation that Rollup cannot interpret due to the position of the comment. The comment will be removed to avoid issues.
#17 49.12 ../../node_modules/.pnpm/@privy-io+react-auth@3.8.1_@react-native-async-storage+async-storage@2.2.0_react-native@0.81._2swqv4hh7pfehfb5q3m5dawvam/node_modules/@privy-io/react-auth/dist/esm/MoonpayStatusScreen-DhMZLroP.mjs (1:2926): A comment
#17 49.12 
#17 49.12 "/*#__PURE__*/"
#17 49.12 
#17 49.12 in "../../node_modules/.pnpm/@privy-io+react-auth@3.8.1_@react-native-async-storage+async-storage@2.2.0_react-native@0.81._2swqv4hh7pfehfb5q3m5dawvam/node_modules/@privy-io/react-auth/dist/esm/MoonpayStatusScreen-DhMZLroP.mjs" contains an annotation that Rollup cannot interpret due to the position of the comment. The comment will be removed to avoid issues.
#17 49.12 ../../node_modules/.pnpm/@privy-io+react-auth@3.8.1_@react-native-async-storage+async-storage@2.2.0_react-native@0.81._2swqv4hh7pfehfb5q3m5dawvam/node_modules/@privy-io/react-auth/dist/esm/MoonpayStatusScreen-DhMZLroP.mjs (1:3758): A comment
#17 49.12 
#17 49.12 "/*#__PURE__*/"
#17 49.12 
#17 49.12 in "../../node_modules/.pnpm/@privy-io+react-auth@3.8.1_@react-native-async-storage+async-storage@2.2.0_react-native@0.81._2swqv4hh7pfehfb5q3m5dawvam/node_modules/@privy-io/react-auth/dist/esm/MoonpayStatusScreen-DhMZLroP.mjs" contains an annotation that Rollup cannot interpret due to the position of the comment. The comment will be removed to avoid issues.
#17 49.12 ../../node_modules/.pnpm/@privy-io+react-auth@3.8.1_@react-native-async-storage+async-storage@2.2.0_react-native@0.81._2swqv4hh7pfehfb5q3m5dawvam/node_modules/@privy-io/react-auth/dist/esm/MoonpayStatusScreen-DhMZLroP.mjs (1:4076): A comment
#17 49.12 
#17 49.12 "/*#__PURE__*/"
#17 49.12 
#17 49.12 in "../../node_modules/.pnpm/@privy-io+react-auth@3.8.1_@react-native-async-storage+async-storage@2.2.0_react-native@0.81._2swqv4hh7pfehfb5q3m5dawvam/node_modules/@privy-io/react-auth/dist/esm/MoonpayStatusScreen-DhMZLroP.mjs" contains an annotation that Rollup cannot interpret due to the position of the comment. The comment will be removed to avoid issues.
#17 49.12 ../../node_modules/.pnpm/@privy-io+react-auth@3.8.1_@react-native-async-storage+async-storage@2.2.0_react-native@0.81._2swqv4hh7pfehfb5q3m5dawvam/node_modules/@privy-io/react-auth/dist/esm/MoonpayStatusScreen-DhMZLroP.mjs (1:4872): A comment
#17 49.12 
#17 49.12 "/*#__PURE__*/"
#17 49.12 
#17 49.12 in "../../node_modules/.pnpm/@privy-io+react-auth@3.8.1_@react-native-async-storage+async-storage@2.2.0_react-native@0.81._2swqv4hh7pfehfb5q3m5dawvam/node_modules/@privy-io/react-auth/dist/esm/MoonpayStatusScreen-DhMZLroP.mjs" contains an annotation that Rollup cannot interpret due to the position of the comment. The comment will be removed to avoid issues.
#17 49.15 ../../node_modules/.pnpm/@privy-io+react-auth@3.8.1_@react-native-async-storage+async-storage@2.2.0_react-native@0.81._2swqv4hh7pfehfb5q3m5dawvam/node_modules/@privy-io/react-auth/dist/esm/MfaAuthEnrollmentFlowScreen-BsRpCR72.mjs (1:3655): A comment
#17 49.15 
#17 49.15 "/*#__PURE__*/"
#17 49.15 
#17 49.15 in "../../node_modules/.pnpm/@privy-io+react-auth@3.8.1_@react-native-async-storage+async-storage@2.2.0_react-native@0.81._2swqv4hh7pfehfb5q3m5dawvam/node_modules/@privy-io/react-auth/dist/esm/MfaAuthEnrollmentFlowScreen-BsRpCR72.mjs" contains an annotation that Rollup cannot interpret due to the position of the comment. The comment will be removed to avoid issues.
#17 49.15 ../../node_modules/.pnpm/@privy-io+react-auth@3.8.1_@react-native-async-storage+async-storage@2.2.0_react-native@0.81._2swqv4hh7pfehfb5q3m5dawvam/node_modules/@privy-io/react-auth/dist/esm/MfaAuthEnrollmentFlowScreen-BsRpCR72.mjs (1:3901): A comment
#17 49.15 
#17 49.15 "/*#__PURE__*/"
#17 49.15 
#17 49.15 in "../../node_modules/.pnpm/@privy-io+react-auth@3.8.1_@react-native-async-storage+async-storage@2.2.0_react-native@0.81._2swqv4hh7pfehfb5q3m5dawvam/node_modules/@privy-io/react-auth/dist/esm/MfaAuthEnrollmentFlowScreen-BsRpCR72.mjs" contains an annotation that Rollup cannot interpret due to the position of the comment. The comment will be removed to avoid issues.
#17 49.15 ../../node_modules/.pnpm/@privy-io+react-auth@3.8.1_@react-native-async-storage+async-storage@2.2.0_react-native@0.81._2swqv4hh7pfehfb5q3m5dawvam/node_modules/@privy-io/react-auth/dist/esm/MfaAuthEnrollmentFlowScreen-BsRpCR72.mjs (1:4590): A comment
#17 49.15 
#17 49.15 "/*#__PURE__*/"
#17 49.15 
#17 49.15 in "../../node_modules/.pnpm/@privy-io+react-auth@3.8.1_@react-native-async-storage+async-storage@2.2.0_react-native@0.81._2swqv4hh7pfehfb5q3m5dawvam/node_modules/@privy-io/react-auth/dist/esm/MfaAuthEnrollmentFlowScreen-BsRpCR72.mjs" contains an annotation that Rollup cannot interpret due to the position of the comment. The comment will be removed to avoid issues.
#17 49.17 ../../node_modules/.pnpm/@privy-io+react-auth@3.8.1_@react-native-async-storage+async-storage@2.2.0_react-native@0.81._2swqv4hh7pfehfb5q3m5dawvam/node_modules/@privy-io/react-auth/dist/esm/PasskeySelectSignupOrLogin-Dvxli58H.mjs (1:2045): A comment
#17 49.17 
#17 49.17 "/*#__PURE__*/"
#17 49.17 
#17 49.17 in "../../node_modules/.pnpm/@privy-io+react-auth@3.8.1_@react-native-async-storage+async-storage@2.2.0_react-native@0.81._2swqv4hh7pfehfb5q3m5dawvam/node_modules/@privy-io/react-auth/dist/esm/PasskeySelectSignupOrLogin-Dvxli58H.mjs" contains an annotation that Rollup cannot interpret due to the position of the comment. The comment will be removed to avoid issues.
#17 49.19 ../../node_modules/.pnpm/@privy-io+react-auth@3.8.1_@react-native-async-storage+async-storage@2.2.0_react-native@0.81._2swqv4hh7pfehfb5q3m5dawvam/node_modules/@privy-io/react-auth/dist/esm/PasswordRecoveryScreen-CsdO4G6h.mjs (1:2494): A comment
#17 49.19 
#17 49.19 "/*#__PURE__*/"
#17 49.19 
#17 49.19 in "../../node_modules/.pnpm/@privy-io+react-auth@3.8.1_@react-native-async-storage+async-storage@2.2.0_react-native@0.81._2swqv4hh7pfehfb5q3m5dawvam/node_modules/@privy-io/react-auth/dist/esm/PasswordRecoveryScreen-CsdO4G6h.mjs" contains an annotation that Rollup cannot interpret due to the position of the comment. The comment will be removed to avoid issues.
#17 49.21 ../../node_modules/.pnpm/@privy-io+react-auth@3.8.1_@react-native-async-storage+async-storage@2.2.0_react-native@0.81._2swqv4hh7pfehfb5q3m5dawvam/node_modules/@privy-io/react-auth/dist/esm/RecoveryOAuthStatusScreen-Dp7fnj5t.mjs (1:8623): A comment
#17 49.21 
#17 49.21 "/*#__PURE__*/"
#17 49.21 
#17 49.21 in "../../node_modules/.pnpm/@privy-io+react-auth@3.8.1_@react-native-async-storage+async-storage@2.2.0_react-native@0.81._2swqv4hh7pfehfb5q3m5dawvam/node_modules/@privy-io/react-auth/dist/esm/RecoveryOAuthStatusScreen-Dp7fnj5t.mjs" contains an annotation that Rollup cannot interpret due to the position of the comment. The comment will be removed to avoid issues.
#17 49.23 ../../node_modules/.pnpm/@privy-io+react-auth@3.8.1_@react-native-async-storage+async-storage@2.2.0_react-native@0.81._2swqv4hh7pfehfb5q3m5dawvam/node_modules/@privy-io/react-auth/dist/esm/RecoverySelectionScreen-D2nDGt4R.mjs (1:4141): A comment
#17 49.23 
#17 49.23 "/*#__PURE__*/"
#17 49.23 
#17 49.23 in "../../node_modules/.pnpm/@privy-io+react-auth@3.8.1_@react-native-async-storage+async-storage@2.2.0_react-native@0.81._2swqv4hh7pfehfb5q3m5dawvam/node_modules/@privy-io/react-auth/dist/esm/RecoverySelectionScreen-D2nDGt4R.mjs" contains an annotation that Rollup cannot interpret due to the position of the comment. The comment will be removed to avoid issues.
#17 49.23 ../../node_modules/.pnpm/@privy-io+react-auth@3.8.1_@react-native-async-storage+async-storage@2.2.0_react-native@0.81._2swqv4hh7pfehfb5q3m5dawvam/node_modules/@privy-io/react-auth/dist/esm/RecoverySelectionScreen-D2nDGt4R.mjs (1:4316): A comment
#17 49.23 
#17 49.23 "/*#__PURE__*/"
#17 49.23 
#17 49.23 in "../../node_modules/.pnpm/@privy-io+react-auth@3.8.1_@react-native-async-storage+async-storage@2.2.0_react-native@0.81._2swqv4hh7pfehfb5q3m5dawvam/node_modules/@privy-io/react-auth/dist/esm/RecoverySelectionScreen-D2nDGt4R.mjs" contains an annotation that Rollup cannot interpret due to the position of the comment. The comment will be removed to avoid issues.
#17 49.23 ../../node_modules/.pnpm/@privy-io+react-auth@3.8.1_@react-native-async-storage+async-storage@2.2.0_react-native@0.81._2swqv4hh7pfehfb5q3m5dawvam/node_modules/@privy-io/react-auth/dist/esm/RecoverySelectionScreen-D2nDGt4R.mjs (1:4492): A comment
#17 49.23 
#17 49.23 "/*#__PURE__*/"
#17 49.23 
#17 49.23 in "../../node_modules/.pnpm/@privy-io+react-auth@3.8.1_@react-native-async-storage+async-storage@2.2.0_react-native@0.81._2swqv4hh7pfehfb5q3m5dawvam/node_modules/@privy-io/react-auth/dist/esm/RecoverySelectionScreen-D2nDGt4R.mjs" contains an annotation that Rollup cannot interpret due to the position of the comment. The comment will be removed to avoid issues.
#17 49.24 ../../node_modules/.pnpm/@privy-io+react-auth@3.8.1_@react-native-async-storage+async-storage@2.2.0_react-native@0.81._2swqv4hh7pfehfb5q3m5dawvam/node_modules/@privy-io/react-auth/dist/esm/SignRequestScreen-DjLHkDxK.mjs (1:1851): A comment
#17 49.24 
#17 49.24 "/*#__PURE__*/"
#17 49.24 
#17 49.24 in "../../node_modules/.pnpm/@privy-io+react-auth@3.8.1_@react-native-async-storage+async-storage@2.2.0_react-native@0.81._2swqv4hh7pfehfb5q3m5dawvam/node_modules/@privy-io/react-auth/dist/esm/SignRequestScreen-DjLHkDxK.mjs" contains an annotation that Rollup cannot interpret due to the position of the comment. The comment will be removed to avoid issues.
#17 49.24 ../../node_modules/.pnpm/@privy-io+react-auth@3.8.1_@react-native-async-storage+async-storage@2.2.0_react-native@0.81._2swqv4hh7pfehfb5q3m5dawvam/node_modules/@privy-io/react-auth/dist/esm/SignRequestScreen-DjLHkDxK.mjs (1:3676): A comment
#17 49.24 
#17 49.24 "/*#__PURE__*/"
#17 49.24 
#17 49.24 in "../../node_modules/.pnpm/@privy-io+react-auth@3.8.1_@react-native-async-storage+async-storage@2.2.0_react-native@0.81._2swqv4hh7pfehfb5q3m5dawvam/node_modules/@privy-io/react-auth/dist/esm/SignRequestScreen-DjLHkDxK.mjs" contains an annotation that Rollup cannot interpret due to the position of the comment. The comment will be removed to avoid issues.
#17 49.26 ../../node_modules/.pnpm/@privy-io+react-auth@3.8.1_@react-native-async-storage+async-storage@2.2.0_react-native@0.81._2swqv4hh7pfehfb5q3m5dawvam/node_modules/@privy-io/react-auth/dist/esm/SetAutomaticRecoveryScreen-g1kDOe61.mjs (1:1940): A comment
#17 49.26 
#17 49.26 "/*#__PURE__*/"
#17 49.26 
#17 49.26 in "../../node_modules/.pnpm/@privy-io+react-auth@3.8.1_@react-native-async-storage+async-storage@2.2.0_react-native@0.81._2swqv4hh7pfehfb5q3m5dawvam/node_modules/@privy-io/react-auth/dist/esm/SetAutomaticRecoveryScreen-g1kDOe61.mjs" contains an annotation that Rollup cannot interpret due to the position of the comment. The comment will be removed to avoid issues.
#17 49.28 ../../node_modules/.pnpm/@privy-io+react-auth@3.8.1_@react-native-async-storage+async-storage@2.2.0_react-native@0.81._2swqv4hh7pfehfb5q3m5dawvam/node_modules/@privy-io/react-auth/dist/esm/StandardSignAndSendTransactionScreen-CFqthHKF.mjs (1:17087): A comment
#17 49.28 
#17 49.28 "/*#__PURE__*/"
#17 49.28 
#17 49.28 in "../../node_modules/.pnpm/@privy-io+react-auth@3.8.1_@react-native-async-storage+async-storage@2.2.0_react-native@0.81._2swqv4hh7pfehfb5q3m5dawvam/node_modules/@privy-io/react-auth/dist/esm/StandardSignAndSendTransactionScreen-CFqthHKF.mjs" contains an annotation that Rollup cannot interpret due to the position of the comment. The comment will be removed to avoid issues.
#17 49.28 ../../node_modules/.pnpm/@privy-io+react-auth@3.8.1_@react-native-async-storage+async-storage@2.2.0_react-native@0.81._2swqv4hh7pfehfb5q3m5dawvam/node_modules/@privy-io/react-auth/dist/esm/StandardSignAndSendTransactionScreen-CFqthHKF.mjs (1:18095): A comment
#17 49.28 
#17 49.28 "/*#__PURE__*/"
#17 49.28 
#17 49.28 in "../../node_modules/.pnpm/@privy-io+react-auth@3.8.1_@react-native-async-storage+async-storage@2.2.0_react-native@0.81._2swqv4hh7pfehfb5q3m5dawvam/node_modules/@privy-io/react-auth/dist/esm/StandardSignAndSendTransactionScreen-CFqthHKF.mjs" contains an annotation that Rollup cannot interpret due to the position of the comment. The comment will be removed to avoid issues.
#17 49.29 ../../node_modules/.pnpm/@privy-io+react-auth@3.8.1_@react-native-async-storage+async-storage@2.2.0_react-native@0.81._2swqv4hh7pfehfb5q3m5dawvam/node_modules/@privy-io/react-auth/dist/esm/TelegramAuthScreen-B5uYbdxP.mjs (1:1880): A comment
#17 49.29 
#17 49.29 "/*#__PURE__*/"
#17 49.29 
#17 49.29 in "../../node_modules/.pnpm/@privy-io+react-auth@3.8.1_@react-native-async-storage+async-storage@2.2.0_react-native@0.81._2swqv4hh7pfehfb5q3m5dawvam/node_modules/@privy-io/react-auth/dist/esm/TelegramAuthScreen-B5uYbdxP.mjs" contains an annotation that Rollup cannot interpret due to the position of the comment. The comment will be removed to avoid issues.
#17 49.29 ../../node_modules/.pnpm/@privy-io+react-auth@3.8.1_@react-native-async-storage+async-storage@2.2.0_react-native@0.81._2swqv4hh7pfehfb5q3m5dawvam/node_modules/@privy-io/react-auth/dist/esm/TelegramAuthScreen-B5uYbdxP.mjs (1:4203): A comment
#17 49.29 
#17 49.29 "/*#__PURE__*/"
#17 49.29 
#17 49.29 in "../../node_modules/.pnpm/@privy-io+react-auth@3.8.1_@react-native-async-storage+async-storage@2.2.0_react-native@0.81._2swqv4hh7pfehfb5q3m5dawvam/node_modules/@privy-io/react-auth/dist/esm/TelegramAuthScreen-B5uYbdxP.mjs" contains an annotation that Rollup cannot interpret due to the position of the comment. The comment will be removed to avoid issues.
#17 49.30 ../../node_modules/.pnpm/@privy-io+react-auth@3.8.1_@react-native-async-storage+async-storage@2.2.0_react-native@0.81._2swqv4hh7pfehfb5q3m5dawvam/node_modules/@privy-io/react-auth/dist/esm/UpdatePhoneScreen-BoEnTnCl.mjs (1:1352): A comment
#17 49.30 
#17 49.30 "/*#__PURE__*/"
#17 49.30 
#17 49.30 in "../../node_modules/.pnpm/@privy-io+react-auth@3.8.1_@react-native-async-storage+async-storage@2.2.0_react-native@0.81._2swqv4hh7pfehfb5q3m5dawvam/node_modules/@privy-io/react-auth/dist/esm/UpdatePhoneScreen-BoEnTnCl.mjs" contains an annotation that Rollup cannot interpret due to the position of the comment. The comment will be removed to avoid issues.
#17 49.30 ../../node_modules/.pnpm/@privy-io+react-auth@3.8.1_@react-native-async-storage+async-storage@2.2.0_react-native@0.81._2swqv4hh7pfehfb5q3m5dawvam/node_modules/@privy-io/react-auth/dist/esm/UpdatePhoneScreen-BoEnTnCl.mjs (1:1774): A comment
#17 49.30 
#17 49.30 "/*#__PURE__*/"
#17 49.30 
#17 49.30 in "../../node_modules/.pnpm/@privy-io+react-auth@3.8.1_@react-native-async-storage+async-storage@2.2.0_react-native@0.81._2swqv4hh7pfehfb5q3m5dawvam/node_modules/@privy-io/react-auth/dist/esm/UpdatePhoneScreen-BoEnTnCl.mjs" contains an annotation that Rollup cannot interpret due to the position of the comment. The comment will be removed to avoid issues.
#17 49.31 ../../node_modules/.pnpm/@privy-io+react-auth@3.8.1_@react-native-async-storage+async-storage@2.2.0_react-native@0.81._2swqv4hh7pfehfb5q3m5dawvam/node_modules/@privy-io/react-auth/dist/esm/OAuthStatusScreen-BFVDc4G4.mjs (1:4254): A comment
#17 49.31 
#17 49.31 "/*#__PURE__*/"
#17 49.31 
#17 49.31 in "../../node_modules/.pnpm/@privy-io+react-auth@3.8.1_@react-native-async-storage+async-storage@2.2.0_react-native@0.81._2swqv4hh7pfehfb5q3m5dawvam/node_modules/@privy-io/react-auth/dist/esm/OAuthStatusScreen-BFVDc4G4.mjs" contains an annotation that Rollup cannot interpret due to the position of the comment. The comment will be removed to avoid issues.
#17 49.32 ../../node_modules/.pnpm/@privy-io+react-auth@3.8.1_@react-native-async-storage+async-storage@2.2.0_react-native@0.81._2swqv4hh7pfehfb5q3m5dawvam/node_modules/@privy-io/react-auth/dist/esm/index-Ce4cEnEO.mjs (1:15102): A comment
#17 49.32 
#17 49.32 "/*#__PURE__*/"
#17 49.32 
#17 49.32 in "../../node_modules/.pnpm/@privy-io+react-auth@3.8.1_@react-native-async-storage+async-storage@2.2.0_react-native@0.81._2swqv4hh7pfehfb5q3m5dawvam/node_modules/@privy-io/react-auth/dist/esm/index-Ce4cEnEO.mjs" contains an annotation that Rollup cannot interpret due to the position of the comment. The comment will be removed to avoid issues.
#17 49.36 ../../node_modules/.pnpm/@privy-io+react-auth@3.8.1_@react-native-async-storage+async-storage@2.2.0_react-native@0.81._2swqv4hh7pfehfb5q3m5dawvam/node_modules/@privy-io/react-auth/dist/esm/index-Ce4cEnEO.mjs (1:17904): A comment
#17 49.36 
#17 49.36 "/*#__PURE__*/"
#17 49.36 
#17 49.36 in "../../node_modules/.pnpm/@privy-io+react-auth@3.8.1_@react-native-async-storage+async-storage@2.2.0_react-native@0.81._2swqv4hh7pfehfb5q3m5dawvam/node_modules/@privy-io/react-auth/dist/esm/index-Ce4cEnEO.mjs" contains an annotation that Rollup cannot interpret due to the position of the comment. The comment will be removed to avoid issues.
#17 49.36 ../../node_modules/.pnpm/@privy-io+react-auth@3.8.1_@react-native-async-storage+async-storage@2.2.0_react-native@0.81._2swqv4hh7pfehfb5q3m5dawvam/node_modules/@privy-io/react-auth/dist/esm/index-Ce4cEnEO.mjs (1:18170): A comment
#17 49.36 
#17 49.36 "/*#__PURE__*/"
#17 49.36 
#17 49.36 in "../../node_modules/.pnpm/@privy-io+react-auth@3.8.1_@react-native-async-storage+async-storage@2.2.0_react-native@0.81._2swqv4hh7pfehfb5q3m5dawvam/node_modules/@privy-io/react-auth/dist/esm/index-Ce4cEnEO.mjs" contains an annotation that Rollup cannot interpret due to the position of the comment. The comment will be removed to avoid issues.
#17 49.36 ../../node_modules/.pnpm/@privy-io+react-auth@3.8.1_@react-native-async-storage+async-storage@2.2.0_react-native@0.81._2swqv4hh7pfehfb5q3m5dawvam/node_modules/@privy-io/react-auth/dist/esm/index-Ce4cEnEO.mjs (1:20300): A comment
#17 49.36 
#17 49.36 "/*#__PURE__*/"
#17 49.36 
#17 49.36 in "../../node_modules/.pnpm/@privy-io+react-auth@3.8.1_@react-native-async-storage+async-storage@2.2.0_react-native@0.81._2swqv4hh7pfehfb5q3m5dawvam/node_modules/@privy-io/react-auth/dist/esm/index-Ce4cEnEO.mjs" contains an annotation that Rollup cannot interpret due to the position of the comment. The comment will be removed to avoid issues.
#17 49.36 ../../node_modules/.pnpm/@privy-io+react-auth@3.8.1_@react-native-async-storage+async-storage@2.2.0_react-native@0.81._2swqv4hh7pfehfb5q3m5dawvam/node_modules/@privy-io/react-auth/dist/esm/index-Ce4cEnEO.mjs (1:20584): A comment
#17 49.36 
#17 49.36 "/*#__PURE__*/"
#17 49.36 
#17 49.36 in "../../node_modules/.pnpm/@privy-io+react-auth@3.8.1_@react-native-async-storage+async-storage@2.2.0_react-native@0.81._2swqv4hh7pfehfb5q3m5dawvam/node_modules/@privy-io/react-auth/dist/esm/index-Ce4cEnEO.mjs" contains an annotation that Rollup cannot interpret due to the position of the comment. The comment will be removed to avoid issues.
#17 49.37 ../../node_modules/.pnpm/@privy-io+react-auth@3.8.1_@react-native-async-storage+async-storage@2.2.0_react-native@0.81._2swqv4hh7pfehfb5q3m5dawvam/node_modules/@privy-io/react-auth/dist/esm/UserLimitReachedScreen-68Vv3bFU.mjs (1:1792): A comment
#17 49.37 
#17 49.37 "/*#__PURE__*/"
#17 49.37 
#17 49.37 in "../../node_modules/.pnpm/@privy-io+react-auth@3.8.1_@react-native-async-storage+async-storage@2.2.0_react-native@0.81._2swqv4hh7pfehfb5q3m5dawvam/node_modules/@privy-io/react-auth/dist/esm/UserLimitReachedScreen-68Vv3bFU.mjs" contains an annotation that Rollup cannot interpret due to the position of the comment. The comment will be removed to avoid issues.
#17 49.39 ../../node_modules/.pnpm/@privy-io+react-auth@3.8.1_@react-native-async-storage+async-storage@2.2.0_react-native@0.81._2swqv4hh7pfehfb5q3m5dawvam/node_modules/@privy-io/react-auth/dist/esm/UpdateEmailScreen-DoDVvVCw.mjs (1:2861): A comment
#17 49.39 
#17 49.39 "/*#__PURE__*/"
#17 49.39 
#17 49.39 in "../../node_modules/.pnpm/@privy-io+react-auth@3.8.1_@react-native-async-storage+async-storage@2.2.0_react-native@0.81._2swqv4hh7pfehfb5q3m5dawvam/node_modules/@privy-io/react-auth/dist/esm/UpdateEmailScreen-DoDVvVCw.mjs" contains an annotation that Rollup cannot interpret due to the position of the comment. The comment will be removed to avoid issues.
#17 49.67 ../../node_modules/.pnpm/@privy-io+react-auth@3.8.1_@react-native-async-storage+async-storage@2.2.0_react-native@0.81._erejg4ast5j5xivknppng7u6xq/node_modules/@privy-io/react-auth/dist/esm/TurnstileWrapper-Co-t5mTh.mjs (1:217): A comment
#17 49.67 
#17 49.67 "/*#__PURE__*/"
#17 49.67 
#17 49.67 in "../../node_modules/.pnpm/@privy-io+react-auth@3.8.1_@react-native-async-storage+async-storage@2.2.0_react-native@0.81._erejg4ast5j5xivknppng7u6xq/node_modules/@privy-io/react-auth/dist/esm/TurnstileWrapper-Co-t5mTh.mjs" contains an annotation that Rollup cannot interpret due to the position of the comment. The comment will be removed to avoid issues.
#17 49.67 ../../node_modules/.pnpm/@privy-io+react-auth@3.8.1_@react-native-async-storage+async-storage@2.2.0_react-native@0.81._erejg4ast5j5xivknppng7u6xq/node_modules/@privy-io/react-auth/dist/esm/HCaptchaWrapper-Dl2Jt_Df.mjs (1:176): A comment
#17 49.67 
#17 49.67 "/*#__PURE__*/"
#17 49.67 
#17 49.67 in "../../node_modules/.pnpm/@privy-io+react-auth@3.8.1_@react-native-async-storage+async-storage@2.2.0_react-native@0.81._erejg4ast5j5xivknppng7u6xq/node_modules/@privy-io/react-auth/dist/esm/HCaptchaWrapper-Dl2Jt_Df.mjs" contains an annotation that Rollup cannot interpret due to the position of the comment. The comment will be removed to avoid issues.
#17 49.67 ../../node_modules/.pnpm/@privy-io+react-auth@3.8.1_@react-native-async-storage+async-storage@2.2.0_react-native@0.81._erejg4ast5j5xivknppng7u6xq/node_modules/@privy-io/react-auth/dist/esm/AccountNotFoundScreen-DQR0FatT.mjs (1:1401): A comment
#17 49.67 
#17 49.67 "/*#__PURE__*/"
#17 49.67 
#17 49.67 in "../../node_modules/.pnpm/@privy-io+react-auth@3.8.1_@react-native-async-storage+async-storage@2.2.0_react-native@0.81._erejg4ast5j5xivknppng7u6xq/node_modules/@privy-io/react-auth/dist/esm/AccountNotFoundScreen-DQR0FatT.mjs" contains an annotation that Rollup cannot interpret due to the position of the comment. The comment will be removed to avoid issues.
#17 49.68 ../../node_modules/.pnpm/@privy-io+react-auth@3.8.1_@react-native-async-storage+async-storage@2.2.0_react-native@0.81._erejg4ast5j5xivknppng7u6xq/node_modules/@privy-io/react-auth/dist/esm/AffirmativeConsentScreen-BU4I5ISJ.mjs (1:1968): A comment
#17 49.68 
#17 49.68 "/*#__PURE__*/"
#17 49.68 
#17 49.68 in "../../node_modules/.pnpm/@privy-io+react-auth@3.8.1_@react-native-async-storage+async-storage@2.2.0_react-native@0.81._erejg4ast5j5xivknppng7u6xq/node_modules/@privy-io/react-auth/dist/esm/AffirmativeConsentScreen-BU4I5ISJ.mjs" contains an annotation that Rollup cannot interpret due to the position of the comment. The comment will be removed to avoid issues.
#17 49.70 ../../node_modules/.pnpm/@privy-io+react-auth@3.8.1_@react-native-async-storage+async-storage@2.2.0_react-native@0.81._erejg4ast5j5xivknppng7u6xq/node_modules/@privy-io/react-auth/dist/esm/AllowlistRejectionScreen-WgcCN6CH.mjs (1:1552): A comment
#17 49.70 
#17 49.70 "/*#__PURE__*/"
#17 49.70 
#17 49.70 in "../../node_modules/.pnpm/@privy-io+react-auth@3.8.1_@react-native-async-storage+async-storage@2.2.0_react-native@0.81._erejg4ast5j5xivknppng7u6xq/node_modules/@privy-io/react-auth/dist/esm/AllowlistRejectionScreen-WgcCN6CH.mjs" contains an annotation that Rollup cannot interpret due to the position of the comment. The comment will be removed to avoid issues.
#17 49.70 ../../node_modules/.pnpm/@privy-io+react-auth@3.8.1_@react-native-async-storage+async-storage@2.2.0_react-native@0.81._erejg4ast5j5xivknppng7u6xq/node_modules/@privy-io/react-auth/dist/esm/AuthenticateWithWalletScreen-D6Zy69An.mjs (1:1759): A comment
#17 49.70 
#17 49.70 "/*#__PURE__*/"
#17 49.70 
#17 49.70 in "../../node_modules/.pnpm/@privy-io+react-auth@3.8.1_@react-native-async-storage+async-storage@2.2.0_react-native@0.81._erejg4ast5j5xivknppng7u6xq/node_modules/@privy-io/react-auth/dist/esm/AuthenticateWithWalletScreen-D6Zy69An.mjs" contains an annotation that Rollup cannot interpret due to the position of the comment. The comment will be removed to avoid issues.
#17 49.71 ../../node_modules/.pnpm/@privy-io+react-auth@3.8.1_@react-native-async-storage+async-storage@2.2.0_react-native@0.81._erejg4ast5j5xivknppng7u6xq/node_modules/@privy-io/react-auth/dist/esm/AwaitingEvmToSolBridgingScreen-ByIVuwRF.mjs (1:7516): A comment
#17 49.71 
#17 49.71 "/*#__PURE__*/"
#17 49.71 
#17 49.71 in "../../node_modules/.pnpm/@privy-io+react-auth@3.8.1_@react-native-async-storage+async-storage@2.2.0_react-native@0.81._erejg4ast5j5xivknppng7u6xq/node_modules/@privy-io/react-auth/dist/esm/AwaitingEvmToSolBridgingScreen-ByIVuwRF.mjs" contains an annotation that Rollup cannot interpret due to the position of the comment. The comment will be removed to avoid issues.
#17 49.73 ../../node_modules/.pnpm/@privy-io+react-auth@3.8.1_@react-native-async-storage+async-storage@2.2.0_react-native@0.81._erejg4ast5j5xivknppng7u6xq/node_modules/@privy-io/react-auth/dist/esm/AwaitingPasswordlessCodeScreen-itJ4854u.mjs (1:2752): A comment
#17 49.73 
#17 49.73 "/*#__PURE__*/"
#17 49.73 
#17 49.73 in "../../node_modules/.pnpm/@privy-io+react-auth@3.8.1_@react-native-async-storage+async-storage@2.2.0_react-native@0.81._erejg4ast5j5xivknppng7u6xq/node_modules/@privy-io/react-auth/dist/esm/AwaitingPasswordlessCodeScreen-itJ4854u.mjs" contains an annotation that Rollup cannot interpret due to the position of the comment. The comment will be removed to avoid issues.
#17 49.73 ../../node_modules/.pnpm/@privy-io+react-auth@3.8.1_@react-native-async-storage+async-storage@2.2.0_react-native@0.81._erejg4ast5j5xivknppng7u6xq/node_modules/@privy-io/react-auth/dist/esm/AwaitingPasswordlessCodeScreen-itJ4854u.mjs (1:5760): A comment
#17 49.73 
#17 49.73 "/*#__PURE__*/"
#17 49.73 
#17 49.73 in "../../node_modules/.pnpm/@privy-io+react-auth@3.8.1_@react-native-async-storage+async-storage@2.2.0_react-native@0.81._erejg4ast5j5xivknppng7u6xq/node_modules/@privy-io/react-auth/dist/esm/AwaitingPasswordlessCodeScreen-itJ4854u.mjs" contains an annotation that Rollup cannot interpret due to the position of the comment. The comment will be removed to avoid issues.
#17 49.73 ../../node_modules/.pnpm/@privy-io+react-auth@3.8.1_@react-native-async-storage+async-storage@2.2.0_react-native@0.81._erejg4ast5j5xivknppng7u6xq/node_modules/@privy-io/react-auth/dist/esm/CoinbaseOnrampStatusScreen-CZpfBNiz.mjs (1:3644): A comment
#17 49.73 
#17 49.73 "/*#__PURE__*/"
#17 49.73 
#17 49.73 in "../../node_modules/.pnpm/@privy-io+react-auth@3.8.1_@react-native-async-storage+async-storage@2.2.0_react-native@0.81._erejg4ast5j5xivknppng7u6xq/node_modules/@privy-io/react-auth/dist/esm/CoinbaseOnrampStatusScreen-CZpfBNiz.mjs" contains an annotation that Rollup cannot interpret due to the position of the comment. The comment will be removed to avoid issues.
#17 49.73 ../../node_modules/.pnpm/@privy-io+react-auth@3.8.1_@react-native-async-storage+async-storage@2.2.0_react-native@0.81._erejg4ast5j5xivknppng7u6xq/node_modules/@privy-io/react-auth/dist/esm/CoinbaseOnrampStatusScreen-CZpfBNiz.mjs (1:3967): A comment
#17 49.73 
#17 49.73 "/*#__PURE__*/"
#17 49.73 
#17 49.73 in "../../node_modules/.pnpm/@privy-io+react-auth@3.8.1_@react-native-async-storage+async-storage@2.2.0_react-native@0.81._erejg4ast5j5xivknppng7u6xq/node_modules/@privy-io/react-auth/dist/esm/CoinbaseOnrampStatusScreen-CZpfBNiz.mjs" contains an annotation that Rollup cannot interpret due to the position of the comment. The comment will be removed to avoid issues.
#17 49.73 ../../node_modules/.pnpm/@privy-io+react-auth@3.8.1_@react-native-async-storage+async-storage@2.2.0_react-native@0.81._erejg4ast5j5xivknppng7u6xq/node_modules/@privy-io/react-auth/dist/esm/CoinbaseOnrampStatusScreen-CZpfBNiz.mjs (1:4504): A comment
#17 49.73 
#17 49.73 "/*#__PURE__*/"
#17 49.73 
#17 49.73 in "../../node_modules/.pnpm/@privy-io+react-auth@3.8.1_@react-native-async-storage+async-storage@2.2.0_react-native@0.81._erejg4ast5j5xivknppng7u6xq/node_modules/@privy-io/react-auth/dist/esm/CoinbaseOnrampStatusScreen-CZpfBNiz.mjs" contains an annotation that Rollup cannot interpret due to the position of the comment. The comment will be removed to avoid issues.
#17 49.74 ../../node_modules/.pnpm/@privy-io+react-auth@3.8.1_@react-native-async-storage+async-storage@2.2.0_react-native@0.81._erejg4ast5j5xivknppng7u6xq/node_modules/@privy-io/react-auth/dist/esm/ConnectLedgerScreen-TCVn5s4x.mjs (1:3008): A comment
#17 49.74 
#17 49.74 "/*#__PURE__*/"
#17 49.74 
#17 49.74 in "../../node_modules/.pnpm/@privy-io+react-auth@3.8.1_@react-native-async-storage+async-storage@2.2.0_react-native@0.81._erejg4ast5j5xivknppng7u6xq/node_modules/@privy-io/react-auth/dist/esm/ConnectLedgerScreen-TCVn5s4x.mjs" contains an annotation that Rollup cannot interpret due to the position of the comment. The comment will be removed to avoid issues.
#17 49.74 ../../node_modules/.pnpm/@privy-io+react-auth@3.8.1_@react-native-async-storage+async-storage@2.2.0_react-native@0.81._erejg4ast5j5xivknppng7u6xq/node_modules/@privy-io/react-auth/dist/esm/CaptchaScreen-BBjPbV4B.mjs (1:2100): A comment
#17 49.74 
#17 49.74 "/*#__PURE__*/"
#17 49.74 
#17 49.74 in "../../node_modules/.pnpm/@privy-io+react-auth@3.8.1_@react-native-async-storage+async-storage@2.2.0_react-native@0.81._erejg4ast5j5xivknppng7u6xq/node_modules/@privy-io/react-auth/dist/esm/CaptchaScreen-BBjPbV4B.mjs" contains an annotation that Rollup cannot interpret due to the position of the comment. The comment will be removed to avoid issues.
#17 49.74 ../../node_modules/.pnpm/@privy-io+react-auth@3.8.1_@react-native-async-storage+async-storage@2.2.0_react-native@0.81._erejg4ast5j5xivknppng7u6xq/node_modules/@privy-io/react-auth/dist/esm/CaptchaScreen-BBjPbV4B.mjs (1:3413): A comment
#17 49.74 
#17 49.74 "/*#__PURE__*/"
#17 49.74 
#17 49.74 in "../../node_modules/.pnpm/@privy-io+react-auth@3.8.1_@react-native-async-storage+async-storage@2.2.0_react-native@0.81._erejg4ast5j5xivknppng7u6xq/node_modules/@privy-io/react-auth/dist/esm/CaptchaScreen-BBjPbV4B.mjs" contains an annotation that Rollup cannot interpret due to the position of the comment. The comment will be removed to avoid issues.
#17 49.74 ../../node_modules/.pnpm/@privy-io+react-auth@3.8.1_@react-native-async-storage+async-storage@2.2.0_react-native@0.81._erejg4ast5j5xivknppng7u6xq/node_modules/@privy-io/react-auth/dist/esm/ConnectOnlyLandingScreen-CjVJO9uh.mjs (1:1615): A comment
#17 49.74 
#17 49.74 "/*#__PURE__*/"
#17 49.74 
#17 49.74 in "../../node_modules/.pnpm/@privy-io+react-auth@3.8.1_@react-native-async-storage+async-storage@2.2.0_react-native@0.81._erejg4ast5j5xivknppng7u6xq/node_modules/@privy-io/react-auth/dist/esm/ConnectOnlyLandingScreen-CjVJO9uh.mjs" contains an annotation that Rollup cannot interpret due to the position of the comment. The comment will be removed to avoid issues.
#17 49.77 ../../node_modules/.pnpm/@privy-io+react-auth@3.8.1_@react-native-async-storage+async-storage@2.2.0_react-native@0.81._erejg4ast5j5xivknppng7u6xq/node_modules/@privy-io/react-auth/dist/esm/CrossAppAuthScreen-CnvB1lhx.mjs (1:2035): A comment
#17 49.77 
#17 49.77 "/*#__PURE__*/"
#17 49.77 
#17 49.77 in "../../node_modules/.pnpm/@privy-io+react-auth@3.8.1_@react-native-async-storage+async-storage@2.2.0_react-native@0.81._erejg4ast5j5xivknppng7u6xq/node_modules/@privy-io/react-auth/dist/esm/CrossAppAuthScreen-CnvB1lhx.mjs" contains an annotation that Rollup cannot interpret due to the position of the comment. The comment will be removed to avoid issues.
#17 49.79 ../../node_modules/.pnpm/@privy-io+react-auth@3.8.1_@react-native-async-storage+async-storage@2.2.0_react-native@0.81._erejg4ast5j5xivknppng7u6xq/node_modules/@privy-io/react-auth/dist/esm/ConnectionStatusScreen-B3NfUQx_.mjs (1:3142): A comment
#17 49.79 
#17 49.79 "/*#__PURE__*/"
#17 49.79 
#17 49.79 in "../../node_modules/.pnpm/@privy-io+react-auth@3.8.1_@react-native-async-storage+async-storage@2.2.0_react-native@0.81._erejg4ast5j5xivknppng7u6xq/node_modules/@privy-io/react-auth/dist/esm/ConnectionStatusScreen-B3NfUQx_.mjs" contains an annotation that Rollup cannot interpret due to the position of the comment. The comment will be removed to avoid issues.
#17 49.79 ../../node_modules/.pnpm/@privy-io+react-auth@3.8.1_@react-native-async-storage+async-storage@2.2.0_react-native@0.81._erejg4ast5j5xivknppng7u6xq/node_modules/@privy-io/react-auth/dist/esm/ConnectionStatusScreen-B3NfUQx_.mjs (1:9414): A comment
#17 49.79 
#17 49.79 "/*#__PURE__*/"
#17 49.79 
#17 49.79 in "../../node_modules/.pnpm/@privy-io+react-auth@3.8.1_@react-native-async-storage+async-storage@2.2.0_react-native@0.81._erejg4ast5j5xivknppng7u6xq/node_modules/@privy-io/react-auth/dist/esm/ConnectionStatusScreen-B3NfUQx_.mjs" contains an annotation that Rollup cannot interpret due to the position of the comment. The comment will be removed to avoid issues.
#17 49.80 ../../node_modules/.pnpm/@privy-io+react-auth@3.8.1_@react-native-async-storage+async-storage@2.2.0_react-native@0.81._erejg4ast5j5xivknppng7u6xq/node_modules/@privy-io/react-auth/dist/esm/AwaitingExternalEthereumTransferScreen-Bq0rCErj.mjs (1:9474): A comment
#17 49.80 
#17 49.80 "/*#__PURE__*/"
#17 49.80 
#17 49.80 in "../../node_modules/.pnpm/@privy-io+react-auth@3.8.1_@react-native-async-storage+async-storage@2.2.0_react-native@0.81._erejg4ast5j5xivknppng7u6xq/node_modules/@privy-io/react-auth/dist/esm/AwaitingExternalEthereumTransferScreen-Bq0rCErj.mjs" contains an annotation that Rollup cannot interpret due to the position of the comment. The comment will be removed to avoid issues.
#17 49.81 ../../node_modules/.pnpm/@privy-io+react-auth@3.8.1_@react-native-async-storage+async-storage@2.2.0_react-native@0.81._erejg4ast5j5xivknppng7u6xq/node_modules/@privy-io/react-auth/dist/esm/RecoveryPasswordCreateScreen-DdzD09T3.mjs (1:3531): A comment
#17 49.81 
#17 49.81 "/*#__PURE__*/"
#17 49.81 
#17 49.81 in "../../node_modules/.pnpm/@privy-io+react-auth@3.8.1_@react-native-async-storage+async-storage@2.2.0_react-native@0.81._erejg4ast5j5xivknppng7u6xq/node_modules/@privy-io/react-auth/dist/esm/RecoveryPasswordCreateScreen-DdzD09T3.mjs" contains an annotation that Rollup cannot interpret due to the position of the comment. The comment will be removed to avoid issues.
#17 49.82 ../../node_modules/.pnpm/@privy-io+react-auth@3.8.1_@react-native-async-storage+async-storage@2.2.0_react-native@0.81._erejg4ast5j5xivknppng7u6xq/node_modules/@privy-io/react-auth/dist/esm/EmbeddedWalletOnAccountCreateScreen-C7cawTmQ.mjs (1:3522): A comment
#17 49.82 
#17 49.82 "/*#__PURE__*/"
#17 49.82 
#17 49.82 in "../../node_modules/.pnpm/@privy-io+react-auth@3.8.1_@react-native-async-storage+async-storage@2.2.0_react-native@0.81._erejg4ast5j5xivknppng7u6xq/node_modules/@privy-io/react-auth/dist/esm/EmbeddedWalletOnAccountCreateScreen-C7cawTmQ.mjs" contains an annotation that Rollup cannot interpret due to the position of the comment. The comment will be removed to avoid issues.
#17 49.82 ../../node_modules/.pnpm/@privy-io+react-auth@3.8.1_@react-native-async-storage+async-storage@2.2.0_react-native@0.81._erejg4ast5j5xivknppng7u6xq/node_modules/@privy-io/react-auth/dist/esm/EmbeddedWalletKeyExportScreen-CEo3FI_N.mjs (1:3690): A comment
#17 49.82 
#17 49.82 "/*#__PURE__*/"
#17 49.82 
#17 49.82 in "../../node_modules/.pnpm/@privy-io+react-auth@3.8.1_@react-native-async-storage+async-storage@2.2.0_react-native@0.81._erejg4ast5j5xivknppng7u6xq/node_modules/@privy-io/react-auth/dist/esm/EmbeddedWalletKeyExportScreen-CEo3FI_N.mjs" contains an annotation that Rollup cannot interpret due to the position of the comment. The comment will be removed to avoid issues.
#17 49.83 ../../node_modules/.pnpm/@privy-io+react-auth@3.8.1_@react-native-async-storage+async-storage@2.2.0_react-native@0.81._erejg4ast5j5xivknppng7u6xq/node_modules/@privy-io/react-auth/dist/esm/EmbeddedWalletPasswordUpdateScreen-GdNNmtZR.mjs (1:2481): A comment
#17 49.83 
#17 49.83 "/*#__PURE__*/"
#17 49.83 
#17 49.83 in "../../node_modules/.pnpm/@privy-io+react-auth@3.8.1_@react-native-async-storage+async-storage@2.2.0_react-native@0.81._erejg4ast5j5xivknppng7u6xq/node_modules/@privy-io/react-auth/dist/esm/EmbeddedWalletPasswordUpdateScreen-GdNNmtZR.mjs" contains an annotation that Rollup cannot interpret due to the position of the comment. The comment will be removed to avoid issues.
#17 49.83 ../../node_modules/.pnpm/@privy-io+react-auth@3.8.1_@react-native-async-storage+async-storage@2.2.0_react-native@0.81._erejg4ast5j5xivknppng7u6xq/node_modules/@privy-io/react-auth/dist/esm/FarcasterSignerStatusScreen-MQ2QrijY.mjs (1:4675): A comment
#17 49.83 
#17 49.83 "/*#__PURE__*/"
#17 49.83 
#17 49.83 in "../../node_modules/.pnpm/@privy-io+react-auth@3.8.1_@react-native-async-storage+async-storage@2.2.0_react-native@0.81._erejg4ast5j5xivknppng7u6xq/node_modules/@privy-io/react-auth/dist/esm/FarcasterSignerStatusScreen-MQ2QrijY.mjs" contains an annotation that Rollup cannot interpret due to the position of the comment. The comment will be removed to avoid issues.
#17 49.84 ../../node_modules/.pnpm/@privy-io+react-auth@3.8.1_@react-native-async-storage+async-storage@2.2.0_react-native@0.81._erejg4ast5j5xivknppng7u6xq/node_modules/@privy-io/react-auth/dist/esm/ErrorScreen-NoHFWbKU.mjs (1:4225): A comment
#17 49.84 
#17 49.84 "/*#__PURE__*/"
#17 49.84 
#17 49.84 in "../../node_modules/.pnpm/@privy-io+react-auth@3.8.1_@react-native-async-storage+async-storage@2.2.0_react-native@0.81._erejg4ast5j5xivknppng7u6xq/node_modules/@privy-io/react-auth/dist/esm/ErrorScreen-NoHFWbKU.mjs" contains an annotation that Rollup cannot interpret due to the position of the comment. The comment will be removed to avoid issues.
#17 49.84 ../../node_modules/.pnpm/@privy-io+react-auth@3.8.1_@react-native-async-storage+async-storage@2.2.0_react-native@0.81._erejg4ast5j5xivknppng7u6xq/node_modules/@privy-io/react-auth/dist/esm/ErrorScreen-NoHFWbKU.mjs (1:4706): A comment
#17 49.84 
#17 49.84 "/*#__PURE__*/"
#17 49.84 
#17 49.84 in "../../node_modules/.pnpm/@privy-io+react-auth@3.8.1_@react-native-async-storage+async-storage@2.2.0_react-native@0.81._erejg4ast5j5xivknppng7u6xq/node_modules/@privy-io/react-auth/dist/esm/ErrorScreen-NoHFWbKU.mjs" contains an annotation that Rollup cannot interpret due to the position of the comment. The comment will be removed to avoid issues.
#17 49.84 ../../node_modules/.pnpm/@privy-io+react-auth@3.8.1_@react-native-async-storage+async-storage@2.2.0_react-native@0.81._erejg4ast5j5xivknppng7u6xq/node_modules/@privy-io/react-auth/dist/esm/FundingEditAmountScreen-DiZ2-4XS.mjs (1:1659): A comment
#17 49.84 
#17 49.84 "/*#__PURE__*/"
#17 49.84 
#17 49.84 in "../../node_modules/.pnpm/@privy-io+react-auth@3.8.1_@react-native-async-storage+async-storage@2.2.0_react-native@0.81._erejg4ast5j5xivknppng7u6xq/node_modules/@privy-io/react-auth/dist/esm/FundingEditAmountScreen-DiZ2-4XS.mjs" contains an annotation that Rollup cannot interpret due to the position of the comment. The comment will be removed to avoid issues.
#17 49.85 ../../node_modules/.pnpm/@privy-io+react-auth@3.8.1_@react-native-async-storage+async-storage@2.2.0_react-native@0.81._erejg4ast5j5xivknppng7u6xq/node_modules/@privy-io/react-auth/dist/esm/FundSolWalletWithExternalSolanaWallet-DVaHCgDh.mjs (1:2531): A comment
#17 49.85 
#17 49.85 "/*#__PURE__*/"
#17 49.85 
#17 49.85 in "../../node_modules/.pnpm/@privy-io+react-auth@3.8.1_@react-native-async-storage+async-storage@2.2.0_react-native@0.81._erejg4ast5j5xivknppng7u6xq/node_modules/@privy-io/react-auth/dist/esm/FundSolWalletWithExternalSolanaWallet-DVaHCgDh.mjs" contains an annotation that Rollup cannot interpret due to the position of the comment. The comment will be removed to avoid issues.
#17 49.87 ../../node_modules/.pnpm/@privy-io+react-auth@3.8.1_@react-native-async-storage+async-storage@2.2.0_react-native@0.81._erejg4ast5j5xivknppng7u6xq/node_modules/@privy-io/react-auth/dist/esm/InAppBrowserLoginNotPossible-CTnPeOBa.mjs (1:1285): A comment
#17 49.87 
#17 49.87 "/*#__PURE__*/"
#17 49.87 
#17 49.87 in "../../node_modules/.pnpm/@privy-io+react-auth@3.8.1_@react-native-async-storage+async-storage@2.2.0_react-native@0.81._erejg4ast5j5xivknppng7u6xq/node_modules/@privy-io/react-auth/dist/esm/InAppBrowserLoginNotPossible-CTnPeOBa.mjs" contains an annotation that Rollup cannot interpret due to the position of the comment. The comment will be removed to avoid issues.
#17 49.87 ../../node_modules/.pnpm/@privy-io+react-auth@3.8.1_@react-native-async-storage+async-storage@2.2.0_react-native@0.81._erejg4ast5j5xivknppng7u6xq/node_modules/@privy-io/react-auth/dist/esm/FundingMethodSelectionScreen-yZenKs6o.mjs (1:9764): A comment
#17 49.87 
#17 49.87 "/*#__PURE__*/"
#17 49.87 
#17 49.87 in "../../node_modules/.pnpm/@privy-io+react-auth@3.8.1_@react-native-async-storage+async-storage@2.2.0_react-native@0.81._erejg4ast5j5xivknppng7u6xq/node_modules/@privy-io/react-auth/dist/esm/FundingMethodSelectionScreen-yZenKs6o.mjs" contains an annotation that Rollup cannot interpret due to the position of the comment. The comment will be removed to avoid issues.
#17 49.88 ../../node_modules/.pnpm/@privy-io+react-auth@3.8.1_@react-native-async-storage+async-storage@2.2.0_react-native@0.81._erejg4ast5j5xivknppng7u6xq/node_modules/@privy-io/react-auth/dist/esm/LinkEmailScreen-x_TPODcx.mjs (1:2059): A comment
#17 49.88 
#17 49.88 "/*#__PURE__*/"
#17 49.88 
#17 49.88 in "../../node_modules/.pnpm/@privy-io+react-auth@3.8.1_@react-native-async-storage+async-storage@2.2.0_react-native@0.81._erejg4ast5j5xivknppng7u6xq/node_modules/@privy-io/react-auth/dist/esm/LinkEmailScreen-x_TPODcx.mjs" contains an annotation that Rollup cannot interpret due to the position of the comment. The comment will be removed to avoid issues.
#17 49.89 ../../node_modules/.pnpm/@privy-io+react-auth@3.8.1_@react-native-async-storage+async-storage@2.2.0_react-native@0.81._erejg4ast5j5xivknppng7u6xq/node_modules/@privy-io/react-auth/dist/esm/LinkConflictScreen-BnoDRUE0.mjs (1:1847): A comment
#17 49.89 
#17 49.89 "/*#__PURE__*/"
#17 49.89 
#17 49.89 in "../../node_modules/.pnpm/@privy-io+react-auth@3.8.1_@react-native-async-storage+async-storage@2.2.0_react-native@0.81._erejg4ast5j5xivknppng7u6xq/node_modules/@privy-io/react-auth/dist/esm/LinkConflictScreen-BnoDRUE0.mjs" contains an annotation that Rollup cannot interpret due to the position of the comment. The comment will be removed to avoid issues.
#17 49.89 ../../node_modules/.pnpm/@privy-io+react-auth@3.8.1_@react-native-async-storage+async-storage@2.2.0_react-native@0.81._erejg4ast5j5xivknppng7u6xq/node_modules/@privy-io/react-auth/dist/esm/LinkConflictScreen-BnoDRUE0.mjs (1:4448): A comment
#17 49.89 
#17 49.89 "/*#__PURE__*/"
#17 49.89 
#17 49.89 in "../../node_modules/.pnpm/@privy-io+react-auth@3.8.1_@react-native-async-storage+async-storage@2.2.0_react-native@0.81._erejg4ast5j5xivknppng7u6xq/node_modules/@privy-io/react-auth/dist/esm/LinkConflictScreen-BnoDRUE0.mjs" contains an annotation that Rollup cannot interpret due to the position of the comment. The comment will be removed to avoid issues.
#17 49.89 ../../node_modules/.pnpm/@privy-io+react-auth@3.8.1_@react-native-async-storage+async-storage@2.2.0_react-native@0.81._erejg4ast5j5xivknppng7u6xq/node_modules/@privy-io/react-auth/dist/esm/LinkConflictScreen-BnoDRUE0.mjs (1:7163): A comment
#17 49.89 
#17 49.89 "/*#__PURE__*/"
#17 49.89 
#17 49.89 in "../../node_modules/.pnpm/@privy-io+react-auth@3.8.1_@react-native-async-storage+async-storage@2.2.0_react-native@0.81._erejg4ast5j5xivknppng7u6xq/node_modules/@privy-io/react-auth/dist/esm/LinkConflictScreen-BnoDRUE0.mjs" contains an annotation that Rollup cannot interpret due to the position of the comment. The comment will be removed to avoid issues.
#17 49.89 ../../node_modules/.pnpm/@privy-io+react-auth@3.8.1_@react-native-async-storage+async-storage@2.2.0_react-native@0.81._erejg4ast5j5xivknppng7u6xq/node_modules/@privy-io/react-auth/dist/esm/LinkPasskeyScreen-D9IfHaec.mjs (1:2099): A comment
#17 49.89 
#17 49.89 "/*#__PURE__*/"
#17 49.89 
#17 49.89 in "../../node_modules/.pnpm/@privy-io+react-auth@3.8.1_@react-native-async-storage+async-storage@2.2.0_react-native@0.81._erejg4ast5j5xivknppng7u6xq/node_modules/@privy-io/react-auth/dist/esm/LinkPasskeyScreen-D9IfHaec.mjs" contains an annotation that Rollup cannot interpret due to the position of the comment. The comment will be removed to avoid issues.
#17 49.89 ../../node_modules/.pnpm/@privy-io+react-auth@3.8.1_@react-native-async-storage+async-storage@2.2.0_react-native@0.81._erejg4ast5j5xivknppng7u6xq/node_modules/@privy-io/react-auth/dist/esm/LinkPasskeyScreen-D9IfHaec.mjs (1:2233): A comment
#17 49.89 
#17 49.89 "/*#__PURE__*/"
#17 49.89 
#17 49.89 in "../../node_modules/.pnpm/@privy-io+react-auth@3.8.1_@react-native-async-storage+async-storage@2.2.0_react-native@0.81._erejg4ast5j5xivknppng7u6xq/node_modules/@privy-io/react-auth/dist/esm/LinkPasskeyScreen-D9IfHaec.mjs" contains an annotation that Rollup cannot interpret due to the position of the comment. The comment will be removed to avoid issues.
#17 49.90 ../../node_modules/.pnpm/@privy-io+react-auth@3.8.1_@react-native-async-storage+async-storage@2.2.0_react-native@0.81._erejg4ast5j5xivknppng7u6xq/node_modules/@privy-io/react-auth/dist/esm/LoginFailedScreen-CoukYLVP.mjs (1:1411): A comment
#17 49.90 
#17 49.90 "/*#__PURE__*/"
#17 49.90 
#17 49.90 in "../../node_modules/.pnpm/@privy-io+react-auth@3.8.1_@react-native-async-storage+async-storage@2.2.0_react-native@0.81._erejg4ast5j5xivknppng7u6xq/node_modules/@privy-io/react-auth/dist/esm/LoginFailedScreen-CoukYLVP.mjs" contains an annotation that Rollup cannot interpret due to the position of the comment. The comment will be removed to avoid issues.
#17 49.90 ../../node_modules/.pnpm/@privy-io+react-auth@3.8.1_@react-native-async-storage+async-storage@2.2.0_react-native@0.81._erejg4ast5j5xivknppng7u6xq/node_modules/@privy-io/react-auth/dist/esm/InstallWalletScreen-CBxWJiQf.mjs (1:1272): A comment
#17 49.90 
#17 49.90 "/*#__PURE__*/"
#17 49.90 
#17 49.90 in "../../node_modules/.pnpm/@privy-io+react-auth@3.8.1_@react-native-async-storage+async-storage@2.2.0_react-native@0.81._erejg4ast5j5xivknppng7u6xq/node_modules/@privy-io/react-auth/dist/esm/InstallWalletScreen-CBxWJiQf.mjs" contains an annotation that Rollup cannot interpret due to the position of the comment. The comment will be removed to avoid issues.
#17 49.90 ../../node_modules/.pnpm/@privy-io+react-auth@3.8.1_@react-native-async-storage+async-storage@2.2.0_react-native@0.81._erejg4ast5j5xivknppng7u6xq/node_modules/@privy-io/react-auth/dist/esm/InstallWalletScreen-CBxWJiQf.mjs (1:2152): A comment
#17 49.90 
#17 49.90 "/*#__PURE__*/"
#17 49.90 
#17 49.90 in "../../node_modules/.pnpm/@privy-io+react-auth@3.8.1_@react-native-async-storage+async-storage@2.2.0_react-native@0.81._erejg4ast5j5xivknppng7u6xq/node_modules/@privy-io/react-auth/dist/esm/InstallWalletScreen-CBxWJiQf.mjs" contains an annotation that Rollup cannot interpret due to the position of the comment. The comment will be removed to avoid issues.
#17 49.91 ../../node_modules/.pnpm/@privy-io+react-auth@3.8.1_@react-native-async-storage+async-storage@2.2.0_react-native@0.81._erejg4ast5j5xivknppng7u6xq/node_modules/@privy-io/react-auth/dist/esm/ManualTransferScreen-DdumQnbt.mjs (1:5399): A comment
#17 49.91 
#17 49.91 "/*#__PURE__*/"
#17 49.91 
#17 49.91 in "../../node_modules/.pnpm/@privy-io+react-auth@3.8.1_@react-native-async-storage+async-storage@2.2.0_react-native@0.81._erejg4ast5j5xivknppng7u6xq/node_modules/@privy-io/react-auth/dist/esm/ManualTransferScreen-DdumQnbt.mjs" contains an annotation that Rollup cannot interpret due to the position of the comment. The comment will be removed to avoid issues.
#17 49.92 ../../node_modules/.pnpm/@privy-io+react-auth@3.8.1_@react-native-async-storage+async-storage@2.2.0_react-native@0.81._erejg4ast5j5xivknppng7u6xq/node_modules/@privy-io/react-auth/dist/esm/LinkPhoneScreen-DaK-7otl.mjs (1:1343): A comment
#17 49.92 
#17 49.92 "/*#__PURE__*/"
#17 49.92 
#17 49.92 in "../../node_modules/.pnpm/@privy-io+react-auth@3.8.1_@react-native-async-storage+async-storage@2.2.0_react-native@0.81._erejg4ast5j5xivknppng7u6xq/node_modules/@privy-io/react-auth/dist/esm/LinkPhoneScreen-DaK-7otl.mjs" contains an annotation that Rollup cannot interpret due to the position of the comment. The comment will be removed to avoid issues.
#17 49.92 ../../node_modules/.pnpm/@privy-io+react-auth@3.8.1_@react-native-async-storage+async-storage@2.2.0_react-native@0.81._erejg4ast5j5xivknppng7u6xq/node_modules/@privy-io/react-auth/dist/esm/LinkPhoneScreen-DaK-7otl.mjs (1:1704): A comment
#17 49.92 
#17 49.92 "/*#__PURE__*/"
#17 49.92 
#17 49.92 in "../../node_modules/.pnpm/@privy-io+react-auth@3.8.1_@react-native-async-storage+async-storage@2.2.0_react-native@0.81._erejg4ast5j5xivknppng7u6xq/node_modules/@privy-io/react-auth/dist/esm/LinkPhoneScreen-DaK-7otl.mjs" contains an annotation that Rollup cannot interpret due to the position of the comment. The comment will be removed to avoid issues.
#17 49.94 ../../node_modules/.pnpm/@privy-io+react-auth@3.8.1_@react-native-async-storage+async-storage@2.2.0_react-native@0.81._erejg4ast5j5xivknppng7u6xq/node_modules/@privy-io/react-auth/dist/esm/MfaEnrollmentFlowScreen-CXyaDU1D.mjs (1:6518): A comment
#17 49.94 
#17 49.94 "/*#__PURE__*/"
#17 49.94 
#17 49.94 in "../../node_modules/.pnpm/@privy-io+react-auth@3.8.1_@react-native-async-storage+async-storage@2.2.0_react-native@0.81._erejg4ast5j5xivknppng7u6xq/node_modules/@privy-io/react-auth/dist/esm/MfaEnrollmentFlowScreen-CXyaDU1D.mjs" contains an annotation that Rollup cannot interpret due to the position of the comment. The comment will be removed to avoid issues.
#17 49.94 ../../node_modules/.pnpm/@privy-io+react-auth@3.8.1_@react-native-async-storage+async-storage@2.2.0_react-native@0.81._erejg4ast5j5xivknppng7u6xq/node_modules/@privy-io/react-auth/dist/esm/MfaEnrollmentFlowScreen-CXyaDU1D.mjs (1:6731): A comment
#17 49.94 
#17 49.94 "/*#__PURE__*/"
#17 49.94 
#17 49.94 in "../../node_modules/.pnpm/@privy-io+react-auth@3.8.1_@react-native-async-storage+async-storage@2.2.0_react-native@0.81._erejg4ast5j5xivknppng7u6xq/node_modules/@privy-io/react-auth/dist/esm/MfaEnrollmentFlowScreen-CXyaDU1D.mjs" contains an annotation that Rollup cannot interpret due to the position of the comment. The comment will be removed to avoid issues.
#17 49.94 ../../node_modules/.pnpm/@privy-io+react-auth@3.8.1_@react-native-async-storage+async-storage@2.2.0_react-native@0.81._erejg4ast5j5xivknppng7u6xq/node_modules/@privy-io/react-auth/dist/esm/MfaEnrollmentFlowScreen-CXyaDU1D.mjs (1:7287): A comment
#17 49.94 
#17 49.94 "/*#__PURE__*/"
#17 49.94 
#17 49.94 in "../../node_modules/.pnpm/@privy-io+react-auth@3.8.1_@react-native-async-storage+async-storage@2.2.0_react-native@0.81._erejg4ast5j5xivknppng7u6xq/node_modules/@privy-io/react-auth/dist/esm/MfaEnrollmentFlowScreen-CXyaDU1D.mjs" contains an annotation that Rollup cannot interpret due to the position of the comment. The comment will be removed to avoid issues.
#17 49.94 ../../node_modules/.pnpm/@privy-io+react-auth@3.8.1_@react-native-async-storage+async-storage@2.2.0_react-native@0.81._erejg4ast5j5xivknppng7u6xq/node_modules/@privy-io/react-auth/dist/esm/MfaEnrollmentFlowScreen-CXyaDU1D.mjs (1:7919): A comment
#17 49.94 
#17 49.94 "/*#__PURE__*/"
#17 49.94 
#17 49.94 in "../../node_modules/.pnpm/@privy-io+react-auth@3.8.1_@react-native-async-storage+async-storage@2.2.0_react-native@0.81._erejg4ast5j5xivknppng7u6xq/node_modules/@privy-io/react-auth/dist/esm/MfaEnrollmentFlowScreen-CXyaDU1D.mjs" contains an annotation that Rollup cannot interpret due to the position of the comment. The comment will be removed to avoid issues.
#17 49.94 ../../node_modules/.pnpm/@privy-io+react-auth@3.8.1_@react-native-async-storage+async-storage@2.2.0_react-native@0.81._erejg4ast5j5xivknppng7u6xq/node_modules/@privy-io/react-auth/dist/esm/MfaEnrollmentFlowScreen-CXyaDU1D.mjs (1:8620): A comment
#17 49.94 
#17 49.94 "/*#__PURE__*/"
#17 49.94 
#17 49.94 in "../../node_modules/.pnpm/@privy-io+react-auth@3.8.1_@react-native-async-storage+async-storage@2.2.0_react-native@0.81._erejg4ast5j5xivknppng7u6xq/node_modules/@privy-io/react-auth/dist/esm/MfaEnrollmentFlowScreen-CXyaDU1D.mjs" contains an annotation that Rollup cannot interpret due to the position of the comment. The comment will be removed to avoid issues.
#17 49.96 ../../node_modules/.pnpm/@privy-io+react-auth@3.8.1_@react-native-async-storage+async-storage@2.2.0_react-native@0.81._erejg4ast5j5xivknppng7u6xq/node_modules/@privy-io/react-auth/dist/esm/MoonpayStatusScreen-DhMZLroP.mjs (1:2926): A comment
#17 49.96 
#17 49.96 "/*#__PURE__*/"
#17 49.96 
#17 49.96 in "../../node_modules/.pnpm/@privy-io+react-auth@3.8.1_@react-native-async-storage+async-storage@2.2.0_react-native@0.81._erejg4ast5j5xivknppng7u6xq/node_modules/@privy-io/react-auth/dist/esm/MoonpayStatusScreen-DhMZLroP.mjs" contains an annotation that Rollup cannot interpret due to the position of the comment. The comment will be removed to avoid issues.
#17 49.96 ../../node_modules/.pnpm/@privy-io+react-auth@3.8.1_@react-native-async-storage+async-storage@2.2.0_react-native@0.81._erejg4ast5j5xivknppng7u6xq/node_modules/@privy-io/react-auth/dist/esm/MoonpayStatusScreen-DhMZLroP.mjs (1:3758): A comment
#17 49.96 
#17 49.96 "/*#__PURE__*/"
#17 49.96 
#17 49.96 in "../../node_modules/.pnpm/@privy-io+react-auth@3.8.1_@react-native-async-storage+async-storage@2.2.0_react-native@0.81._erejg4ast5j5xivknppng7u6xq/node_modules/@privy-io/react-auth/dist/esm/MoonpayStatusScreen-DhMZLroP.mjs" contains an annotation that Rollup cannot interpret due to the position of the comment. The comment will be removed to avoid issues.
#17 49.96 ../../node_modules/.pnpm/@privy-io+react-auth@3.8.1_@react-native-async-storage+async-storage@2.2.0_react-native@0.81._erejg4ast5j5xivknppng7u6xq/node_modules/@privy-io/react-auth/dist/esm/MoonpayStatusScreen-DhMZLroP.mjs (1:4076): A comment
#17 49.96 
#17 49.96 "/*#__PURE__*/"
#17 49.96 
#17 49.96 in "../../node_modules/.pnpm/@privy-io+react-auth@3.8.1_@react-native-async-storage+async-storage@2.2.0_react-native@0.81._erejg4ast5j5xivknppng7u6xq/node_modules/@privy-io/react-auth/dist/esm/MoonpayStatusScreen-DhMZLroP.mjs" contains an annotation that Rollup cannot interpret due to the position of the comment. The comment will be removed to avoid issues.
#17 49.96 ../../node_modules/.pnpm/@privy-io+react-auth@3.8.1_@react-native-async-storage+async-storage@2.2.0_react-native@0.81._erejg4ast5j5xivknppng7u6xq/node_modules/@privy-io/react-auth/dist/esm/MoonpayStatusScreen-DhMZLroP.mjs (1:4872): A comment
#17 49.96 
#17 49.96 "/*#__PURE__*/"
#17 49.96 
#17 49.96 in "../../node_modules/.pnpm/@privy-io+react-auth@3.8.1_@react-native-async-storage+async-storage@2.2.0_react-native@0.81._erejg4ast5j5xivknppng7u6xq/node_modules/@privy-io/react-auth/dist/esm/MoonpayStatusScreen-DhMZLroP.mjs" contains an annotation that Rollup cannot interpret due to the position of the comment. The comment will be removed to avoid issues.
#17 49.98 ../../node_modules/.pnpm/@privy-io+react-auth@3.8.1_@react-native-async-storage+async-storage@2.2.0_react-native@0.81._erejg4ast5j5xivknppng7u6xq/node_modules/@privy-io/react-auth/dist/esm/MfaAuthEnrollmentFlowScreen-BsRpCR72.mjs (1:3655): A comment
#17 49.98 
#17 49.98 "/*#__PURE__*/"
#17 49.98 
#17 49.98 in "../../node_modules/.pnpm/@privy-io+react-auth@3.8.1_@react-native-async-storage+async-storage@2.2.0_react-native@0.81._erejg4ast5j5xivknppng7u6xq/node_modules/@privy-io/react-auth/dist/esm/MfaAuthEnrollmentFlowScreen-BsRpCR72.mjs" contains an annotation that Rollup cannot interpret due to the position of the comment. The comment will be removed to avoid issues.
#17 49.98 ../../node_modules/.pnpm/@privy-io+react-auth@3.8.1_@react-native-async-storage+async-storage@2.2.0_react-native@0.81._erejg4ast5j5xivknppng7u6xq/node_modules/@privy-io/react-auth/dist/esm/MfaAuthEnrollmentFlowScreen-BsRpCR72.mjs (1:3901): A comment
#17 49.98 
#17 49.98 "/*#__PURE__*/"
#17 49.98 
#17 49.98 in "../../node_modules/.pnpm/@privy-io+react-auth@3.8.1_@react-native-async-storage+async-storage@2.2.0_react-native@0.81._erejg4ast5j5xivknppng7u6xq/node_modules/@privy-io/react-auth/dist/esm/MfaAuthEnrollmentFlowScreen-BsRpCR72.mjs" contains an annotation that Rollup cannot interpret due to the position of the comment. The comment will be removed to avoid issues.
#17 49.98 ../../node_modules/.pnpm/@privy-io+react-auth@3.8.1_@react-native-async-storage+async-storage@2.2.0_react-native@0.81._erejg4ast5j5xivknppng7u6xq/node_modules/@privy-io/react-auth/dist/esm/MfaAuthEnrollmentFlowScreen-BsRpCR72.mjs (1:4590): A comment
#17 49.98 
#17 49.98 "/*#__PURE__*/"
#17 49.98 
#17 49.98 in "../../node_modules/.pnpm/@privy-io+react-auth@3.8.1_@react-native-async-storage+async-storage@2.2.0_react-native@0.81._erejg4ast5j5xivknppng7u6xq/node_modules/@privy-io/react-auth/dist/esm/MfaAuthEnrollmentFlowScreen-BsRpCR72.mjs" contains an annotation that Rollup cannot interpret due to the position of the comment. The comment will be removed to avoid issues.
#17 49.99 ../../node_modules/.pnpm/@privy-io+react-auth@3.8.1_@react-native-async-storage+async-storage@2.2.0_react-native@0.81._erejg4ast5j5xivknppng7u6xq/node_modules/@privy-io/react-auth/dist/esm/PasskeySelectSignupOrLogin-Dvxli58H.mjs (1:2045): A comment
#17 49.99 
#17 49.99 "/*#__PURE__*/"
#17 49.99 
#17 49.99 in "../../node_modules/.pnpm/@privy-io+react-auth@3.8.1_@react-native-async-storage+async-storage@2.2.0_react-native@0.81._erejg4ast5j5xivknppng7u6xq/node_modules/@privy-io/react-auth/dist/esm/PasskeySelectSignupOrLogin-Dvxli58H.mjs" contains an annotation that Rollup cannot interpret due to the position of the comment. The comment will be removed to avoid issues.
#17 50.00 ../../node_modules/.pnpm/@privy-io+react-auth@3.8.1_@react-native-async-storage+async-storage@2.2.0_react-native@0.81._erejg4ast5j5xivknppng7u6xq/node_modules/@privy-io/react-auth/dist/esm/PasswordRecoveryScreen-CsdO4G6h.mjs (1:2494): A comment
#17 50.00 
#17 50.00 "/*#__PURE__*/"
#17 50.00 
#17 50.00 in "../../node_modules/.pnpm/@privy-io+react-auth@3.8.1_@react-native-async-storage+async-storage@2.2.0_react-native@0.81._erejg4ast5j5xivknppng7u6xq/node_modules/@privy-io/react-auth/dist/esm/PasswordRecoveryScreen-CsdO4G6h.mjs" contains an annotation that Rollup cannot interpret due to the position of the comment. The comment will be removed to avoid issues.
#17 50.02 ../../node_modules/.pnpm/@privy-io+react-auth@3.8.1_@react-native-async-storage+async-storage@2.2.0_react-native@0.81._erejg4ast5j5xivknppng7u6xq/node_modules/@privy-io/react-auth/dist/esm/OAuthStatusScreen-BFVDc4G4.mjs (1:4254): A comment
#17 50.02 
#17 50.02 "/*#__PURE__*/"
#17 50.02 
#17 50.02 in "../../node_modules/.pnpm/@privy-io+react-auth@3.8.1_@react-native-async-storage+async-storage@2.2.0_react-native@0.81._erejg4ast5j5xivknppng7u6xq/node_modules/@privy-io/react-auth/dist/esm/OAuthStatusScreen-BFVDc4G4.mjs" contains an annotation that Rollup cannot interpret due to the position of the comment. The comment will be removed to avoid issues.
#17 50.02 ../../node_modules/.pnpm/@privy-io+react-auth@3.8.1_@react-native-async-storage+async-storage@2.2.0_react-native@0.81._erejg4ast5j5xivknppng7u6xq/node_modules/@privy-io/react-auth/dist/esm/RecoverySelectionScreen-D2nDGt4R.mjs (1:4141): A comment
#17 50.02 
#17 50.02 "/*#__PURE__*/"
#17 50.02 
#17 50.02 in "../../node_modules/.pnpm/@privy-io+react-auth@3.8.1_@react-native-async-storage+async-storage@2.2.0_react-native@0.81._erejg4ast5j5xivknppng7u6xq/node_modules/@privy-io/react-auth/dist/esm/RecoverySelectionScreen-D2nDGt4R.mjs" contains an annotation that Rollup cannot interpret due to the position of the comment. The comment will be removed to avoid issues.
#17 50.02 ../../node_modules/.pnpm/@privy-io+react-auth@3.8.1_@react-native-async-storage+async-storage@2.2.0_react-native@0.81._erejg4ast5j5xivknppng7u6xq/node_modules/@privy-io/react-auth/dist/esm/RecoverySelectionScreen-D2nDGt4R.mjs (1:4316): A comment
#17 50.02 
#17 50.02 "/*#__PURE__*/"
#17 50.02 
#17 50.02 in "../../node_modules/.pnpm/@privy-io+react-auth@3.8.1_@react-native-async-storage+async-storage@2.2.0_react-native@0.81._erejg4ast5j5xivknppng7u6xq/node_modules/@privy-io/react-auth/dist/esm/RecoverySelectionScreen-D2nDGt4R.mjs" contains an annotation that Rollup cannot interpret due to the position of the comment. The comment will be removed to avoid issues.
#17 50.02 ../../node_modules/.pnpm/@privy-io+react-auth@3.8.1_@react-native-async-storage+async-storage@2.2.0_react-native@0.81._erejg4ast5j5xivknppng7u6xq/node_modules/@privy-io/react-auth/dist/esm/RecoverySelectionScreen-D2nDGt4R.mjs (1:4492): A comment
#17 50.02 
#17 50.02 "/*#__PURE__*/"
#17 50.02 
#17 50.02 in "../../node_modules/.pnpm/@privy-io+react-auth@3.8.1_@react-native-async-storage+async-storage@2.2.0_react-native@0.81._erejg4ast5j5xivknppng7u6xq/node_modules/@privy-io/react-auth/dist/esm/RecoverySelectionScreen-D2nDGt4R.mjs" contains an annotation that Rollup cannot interpret due to the position of the comment. The comment will be removed to avoid issues.
#17 50.03 ../../node_modules/.pnpm/@privy-io+react-auth@3.8.1_@react-native-async-storage+async-storage@2.2.0_react-native@0.81._erejg4ast5j5xivknppng7u6xq/node_modules/@privy-io/react-auth/dist/esm/SetAutomaticRecoveryScreen-g1kDOe61.mjs (1:1940): A comment
#17 50.03 
#17 50.03 "/*#__PURE__*/"
#17 50.03 
#17 50.03 in "../../node_modules/.pnpm/@privy-io+react-auth@3.8.1_@react-native-async-storage+async-storage@2.2.0_react-native@0.81._erejg4ast5j5xivknppng7u6xq/node_modules/@privy-io/react-auth/dist/esm/SetAutomaticRecoveryScreen-g1kDOe61.mjs" contains an annotation that Rollup cannot interpret due to the position of the comment. The comment will be removed to avoid issues.
#17 50.04 ../../node_modules/.pnpm/@privy-io+react-auth@3.8.1_@react-native-async-storage+async-storage@2.2.0_react-native@0.81._erejg4ast5j5xivknppng7u6xq/node_modules/@privy-io/react-auth/dist/esm/SignRequestScreen-DjLHkDxK.mjs (1:1851): A comment
#17 50.04 
#17 50.04 "/*#__PURE__*/"
#17 50.04 
#17 50.04 in "../../node_modules/.pnpm/@privy-io+react-auth@3.8.1_@react-native-async-storage+async-storage@2.2.0_react-native@0.81._erejg4ast5j5xivknppng7u6xq/node_modules/@privy-io/react-auth/dist/esm/SignRequestScreen-DjLHkDxK.mjs" contains an annotation that Rollup cannot interpret due to the position of the comment. The comment will be removed to avoid issues.
#17 50.04 ../../node_modules/.pnpm/@privy-io+react-auth@3.8.1_@react-native-async-storage+async-storage@2.2.0_react-native@0.81._erejg4ast5j5xivknppng7u6xq/node_modules/@privy-io/react-auth/dist/esm/SignRequestScreen-DjLHkDxK.mjs (1:3676): A comment
#17 50.04 
#17 50.04 "/*#__PURE__*/"
#17 50.04 
#17 50.04 in "../../node_modules/.pnpm/@privy-io+react-auth@3.8.1_@react-native-async-storage+async-storage@2.2.0_react-native@0.81._erejg4ast5j5xivknppng7u6xq/node_modules/@privy-io/react-auth/dist/esm/SignRequestScreen-DjLHkDxK.mjs" contains an annotation that Rollup cannot interpret due to the position of the comment. The comment will be removed to avoid issues.
#17 50.04 ../../node_modules/.pnpm/@privy-io+react-auth@3.8.1_@react-native-async-storage+async-storage@2.2.0_react-native@0.81._erejg4ast5j5xivknppng7u6xq/node_modules/@privy-io/react-auth/dist/esm/RecoveryOAuthStatusScreen-Dp7fnj5t.mjs (1:8623): A comment
#17 50.04 
#17 50.04 "/*#__PURE__*/"
#17 50.04 
#17 50.04 in "../../node_modules/.pnpm/@privy-io+react-auth@3.8.1_@react-native-async-storage+async-storage@2.2.0_react-native@0.81._erejg4ast5j5xivknppng7u6xq/node_modules/@privy-io/react-auth/dist/esm/RecoveryOAuthStatusScreen-Dp7fnj5t.mjs" contains an annotation that Rollup cannot interpret due to the position of the comment. The comment will be removed to avoid issues.
#17 50.07 ../../node_modules/.pnpm/@privy-io+react-auth@3.8.1_@react-native-async-storage+async-storage@2.2.0_react-native@0.81._erejg4ast5j5xivknppng7u6xq/node_modules/@privy-io/react-auth/dist/esm/StandardSignAndSendTransactionScreen-CFqthHKF.mjs (1:17087): A comment
#17 50.07 
#17 50.07 "/*#__PURE__*/"
#17 50.07 
#17 50.07 in "../../node_modules/.pnpm/@privy-io+react-auth@3.8.1_@react-native-async-storage+async-storage@2.2.0_react-native@0.81._erejg4ast5j5xivknppng7u6xq/node_modules/@privy-io/react-auth/dist/esm/StandardSignAndSendTransactionScreen-CFqthHKF.mjs" contains an annotation that Rollup cannot interpret due to the position of the comment. The comment will be removed to avoid issues.
#17 50.07 ../../node_modules/.pnpm/@privy-io+react-auth@3.8.1_@react-native-async-storage+async-storage@2.2.0_react-native@0.81._erejg4ast5j5xivknppng7u6xq/node_modules/@privy-io/react-auth/dist/esm/StandardSignAndSendTransactionScreen-CFqthHKF.mjs (1:18095): A comment
#17 50.07 
#17 50.07 "/*#__PURE__*/"
#17 50.07 
#17 50.07 in "../../node_modules/.pnpm/@privy-io+react-auth@3.8.1_@react-native-async-storage+async-storage@2.2.0_react-native@0.81._erejg4ast5j5xivknppng7u6xq/node_modules/@privy-io/react-auth/dist/esm/StandardSignAndSendTransactionScreen-CFqthHKF.mjs" contains an annotation that Rollup cannot interpret due to the position of the comment. The comment will be removed to avoid issues.
#17 50.09 ../../node_modules/.pnpm/@privy-io+react-auth@3.8.1_@react-native-async-storage+async-storage@2.2.0_react-native@0.81._erejg4ast5j5xivknppng7u6xq/node_modules/@privy-io/react-auth/dist/esm/TelegramAuthScreen-B5uYbdxP.mjs (1:1880): A comment
#17 50.09 
#17 50.09 "/*#__PURE__*/"
#17 50.09 
#17 50.09 in "../../node_modules/.pnpm/@privy-io+react-auth@3.8.1_@react-native-async-storage+async-storage@2.2.0_react-native@0.81._erejg4ast5j5xivknppng7u6xq/node_modules/@privy-io/react-auth/dist/esm/TelegramAuthScreen-B5uYbdxP.mjs" contains an annotation that Rollup cannot interpret due to the position of the comment. The comment will be removed to avoid issues.
#17 50.09 ../../node_modules/.pnpm/@privy-io+react-auth@3.8.1_@react-native-async-storage+async-storage@2.2.0_react-native@0.81._erejg4ast5j5xivknppng7u6xq/node_modules/@privy-io/react-auth/dist/esm/TelegramAuthScreen-B5uYbdxP.mjs (1:4203): A comment
#17 50.09 
#17 50.09 "/*#__PURE__*/"
#17 50.09 
#17 50.09 in "../../node_modules/.pnpm/@privy-io+react-auth@3.8.1_@react-native-async-storage+async-storage@2.2.0_react-native@0.81._erejg4ast5j5xivknppng7u6xq/node_modules/@privy-io/react-auth/dist/esm/TelegramAuthScreen-B5uYbdxP.mjs" contains an annotation that Rollup cannot interpret due to the position of the comment. The comment will be removed to avoid issues.
#17 50.09 ../../node_modules/.pnpm/@privy-io+react-auth@3.8.1_@react-native-async-storage+async-storage@2.2.0_react-native@0.81._erejg4ast5j5xivknppng7u6xq/node_modules/@privy-io/react-auth/dist/esm/UpdatePhoneScreen-BoEnTnCl.mjs (1:1352): A comment
#17 50.09 
#17 50.09 "/*#__PURE__*/"
#17 50.09 
#17 50.09 in "../../node_modules/.pnpm/@privy-io+react-auth@3.8.1_@react-native-async-storage+async-storage@2.2.0_react-native@0.81._erejg4ast5j5xivknppng7u6xq/node_modules/@privy-io/react-auth/dist/esm/UpdatePhoneScreen-BoEnTnCl.mjs" contains an annotation that Rollup cannot interpret due to the position of the comment. The comment will be removed to avoid issues.
#17 50.09 ../../node_modules/.pnpm/@privy-io+react-auth@3.8.1_@react-native-async-storage+async-storage@2.2.0_react-native@0.81._erejg4ast5j5xivknppng7u6xq/node_modules/@privy-io/react-auth/dist/esm/UpdatePhoneScreen-BoEnTnCl.mjs (1:1774): A comment
#17 50.09 
#17 50.09 "/*#__PURE__*/"
#17 50.09 
#17 50.09 in "../../node_modules/.pnpm/@privy-io+react-auth@3.8.1_@react-native-async-storage+async-storage@2.2.0_react-native@0.81._erejg4ast5j5xivknppng7u6xq/node_modules/@privy-io/react-auth/dist/esm/UpdatePhoneScreen-BoEnTnCl.mjs" contains an annotation that Rollup cannot interpret due to the position of the comment. The comment will be removed to avoid issues.
#17 50.10 ../../node_modules/.pnpm/@privy-io+react-auth@3.8.1_@react-native-async-storage+async-storage@2.2.0_react-native@0.81._erejg4ast5j5xivknppng7u6xq/node_modules/@privy-io/react-auth/dist/esm/UserLimitReachedScreen-68Vv3bFU.mjs (1:1792): A comment
#17 50.10 
#17 50.10 "/*#__PURE__*/"
#17 50.10 
#17 50.10 in "../../node_modules/.pnpm/@privy-io+react-auth@3.8.1_@react-native-async-storage+async-storage@2.2.0_react-native@0.81._erejg4ast5j5xivknppng7u6xq/node_modules/@privy-io/react-auth/dist/esm/UserLimitReachedScreen-68Vv3bFU.mjs" contains an annotation that Rollup cannot interpret due to the position of the comment. The comment will be removed to avoid issues.
#17 50.11 ../../node_modules/.pnpm/@privy-io+react-auth@3.8.1_@react-native-async-storage+async-storage@2.2.0_react-native@0.81._erejg4ast5j5xivknppng7u6xq/node_modules/@privy-io/react-auth/dist/esm/UpdateEmailScreen-DoDVvVCw.mjs (1:2861): A comment
#17 50.11 
#17 50.11 "/*#__PURE__*/"
#17 50.11 
#17 50.11 in "../../node_modules/.pnpm/@privy-io+react-auth@3.8.1_@react-native-async-storage+async-storage@2.2.0_react-native@0.81._erejg4ast5j5xivknppng7u6xq/node_modules/@privy-io/react-auth/dist/esm/UpdateEmailScreen-DoDVvVCw.mjs" contains an annotation that Rollup cannot interpret due to the position of the comment. The comment will be removed to avoid issues.
#17 50.13 ../../node_modules/.pnpm/@privy-io+react-auth@3.8.1_@react-native-async-storage+async-storage@2.2.0_react-native@0.81._erejg4ast5j5xivknppng7u6xq/node_modules/@privy-io/react-auth/dist/esm/index-Ce4cEnEO.mjs (1:15102): A comment
#17 50.13 
#17 50.13 "/*#__PURE__*/"
#17 50.13 
#17 50.13 in "../../node_modules/.pnpm/@privy-io+react-auth@3.8.1_@react-native-async-storage+async-storage@2.2.0_react-native@0.81._erejg4ast5j5xivknppng7u6xq/node_modules/@privy-io/react-auth/dist/esm/index-Ce4cEnEO.mjs" contains an annotation that Rollup cannot interpret due to the position of the comment. The comment will be removed to avoid issues.
#17 50.13 ../../node_modules/.pnpm/@privy-io+react-auth@3.8.1_@react-native-async-storage+async-storage@2.2.0_react-native@0.81._erejg4ast5j5xivknppng7u6xq/node_modules/@privy-io/react-auth/dist/esm/index-Ce4cEnEO.mjs (1:17904): A comment
#17 50.13 
#17 50.13 "/*#__PURE__*/"
#17 50.13 
#17 50.13 in "../../node_modules/.pnpm/@privy-io+react-auth@3.8.1_@react-native-async-storage+async-storage@2.2.0_react-native@0.81._erejg4ast5j5xivknppng7u6xq/node_modules/@privy-io/react-auth/dist/esm/index-Ce4cEnEO.mjs" contains an annotation that Rollup cannot interpret due to the position of the comment. The comment will be removed to avoid issues.
#17 50.13 ../../node_modules/.pnpm/@privy-io+react-auth@3.8.1_@react-native-async-storage+async-storage@2.2.0_react-native@0.81._erejg4ast5j5xivknppng7u6xq/node_modules/@privy-io/react-auth/dist/esm/index-Ce4cEnEO.mjs (1:18170): A comment
#17 50.13 
#17 50.13 "/*#__PURE__*/"
#17 50.13 
#17 50.13 in "../../node_modules/.pnpm/@privy-io+react-auth@3.8.1_@react-native-async-storage+async-storage@2.2.0_react-native@0.81._erejg4ast5j5xivknppng7u6xq/node_modules/@privy-io/react-auth/dist/esm/index-Ce4cEnEO.mjs" contains an annotation that Rollup cannot interpret due to the position of the comment. The comment will be removed to avoid issues.
#17 50.14 ../../node_modules/.pnpm/@privy-io+react-auth@3.8.1_@react-native-async-storage+async-storage@2.2.0_react-native@0.81._erejg4ast5j5xivknppng7u6xq/node_modules/@privy-io/react-auth/dist/esm/index-Ce4cEnEO.mjs (1:20300): A comment
#17 50.14 
#17 50.14 "/*#__PURE__*/"
#17 50.14 
#17 50.14 in "../../node_modules/.pnpm/@privy-io+react-auth@3.8.1_@react-native-async-storage+async-storage@2.2.0_react-native@0.81._erejg4ast5j5xivknppng7u6xq/node_modules/@privy-io/react-auth/dist/esm/index-Ce4cEnEO.mjs" contains an annotation that Rollup cannot interpret due to the position of the comment. The comment will be removed to avoid issues.
#17 50.14 ../../node_modules/.pnpm/@privy-io+react-auth@3.8.1_@react-native-async-storage+async-storage@2.2.0_react-native@0.81._erejg4ast5j5xivknppng7u6xq/node_modules/@privy-io/react-auth/dist/esm/index-Ce4cEnEO.mjs (1:20584): A comment
#17 50.14 
#17 50.14 "/*#__PURE__*/"
#17 50.14 
#17 50.14 in "../../node_modules/.pnpm/@privy-io+react-auth@3.8.1_@react-native-async-storage+async-storage@2.2.0_react-native@0.81._erejg4ast5j5xivknppng7u6xq/node_modules/@privy-io/react-auth/dist/esm/index-Ce4cEnEO.mjs" contains an annotation that Rollup cannot interpret due to the position of the comment. The comment will be removed to avoid issues.
#17 50.35 ../../node_modules/.pnpm/ox@0.9.6_typescript@5.9.3_zod@3.25.76/node_modules/ox/_esm/core/Base64.js (6:27): A comment
#17 50.35 
#17 50.35 "/*#__PURE__*/"
#17 50.35 
#17 50.35 in "../../node_modules/.pnpm/ox@0.9.6_typescript@5.9.3_zod@3.25.76/node_modules/ox/_esm/core/Base64.js" contains an annotation that Rollup cannot interpret due to the position of the comment. The comment will be removed to avoid issues.
#17 51.01 ../../node_modules/.pnpm/@privy-io+react-auth@3.8.1_@react-native-async-storage+async-storage@2.2.0_react-native@0.81._2swqv4hh7pfehfb5q3m5dawvam/node_modules/@privy-io/react-auth/dist/esm/ScreenLayout-pthdsODa.mjs (1:323): A comment
#17 51.01 
#17 51.01 "/*#__PURE__*/"
#17 51.01 
#17 51.01 in "../../node_modules/.pnpm/@privy-io+react-auth@3.8.1_@react-native-async-storage+async-storage@2.2.0_react-native@0.81._2swqv4hh7pfehfb5q3m5dawvam/node_modules/@privy-io/react-auth/dist/esm/ScreenLayout-pthdsODa.mjs" contains an annotation that Rollup cannot interpret due to the position of the comment. The comment will be removed to avoid issues.
#17 51.01 ../../node_modules/.pnpm/@privy-io+react-auth@3.8.1_@react-native-async-storage+async-storage@2.2.0_react-native@0.81._2swqv4hh7pfehfb5q3m5dawvam/node_modules/@privy-io/react-auth/dist/esm/ScreenLayout-pthdsODa.mjs (1:466): A comment
#17 51.01 
#17 51.01 "/*#__PURE__*/"
#17 51.01 
#17 51.01 in "../../node_modules/.pnpm/@privy-io+react-auth@3.8.1_@react-native-async-storage+async-storage@2.2.0_react-native@0.81._2swqv4hh7pfehfb5q3m5dawvam/node_modules/@privy-io/react-auth/dist/esm/ScreenLayout-pthdsODa.mjs" contains an annotation that Rollup cannot interpret due to the position of the comment. The comment will be removed to avoid issues.
#17 51.01 ../../node_modules/.pnpm/@privy-io+react-auth@3.8.1_@react-native-async-storage+async-storage@2.2.0_react-native@0.81._2swqv4hh7pfehfb5q3m5dawvam/node_modules/@privy-io/react-auth/dist/esm/ScreenLayout-pthdsODa.mjs (1:563): A comment
#17 51.01 
#17 51.01 "/*#__PURE__*/"
#17 51.01 
#17 51.01 in "../../node_modules/.pnpm/@privy-io+react-auth@3.8.1_@react-native-async-storage+async-storage@2.2.0_react-native@0.81._2swqv4hh7pfehfb5q3m5dawvam/node_modules/@privy-io/react-auth/dist/esm/ScreenLayout-pthdsODa.mjs" contains an annotation that Rollup cannot interpret due to the position of the comment. The comment will be removed to avoid issues.
#17 51.01 ../../node_modules/.pnpm/@privy-io+react-auth@3.8.1_@react-native-async-storage+async-storage@2.2.0_react-native@0.81._2swqv4hh7pfehfb5q3m5dawvam/node_modules/@privy-io/react-auth/dist/esm/Button-OlK_6fKk.mjs (1:265): A comment
#17 51.01 
#17 51.01 "/*#__PURE__*/"
#17 51.01 
#17 51.01 in "../../node_modules/.pnpm/@privy-io+react-auth@3.8.1_@react-native-async-storage+async-storage@2.2.0_react-native@0.81._2swqv4hh7pfehfb5q3m5dawvam/node_modules/@privy-io/react-auth/dist/esm/Button-OlK_6fKk.mjs" contains an annotation that Rollup cannot interpret due to the position of the comment. The comment will be removed to avoid issues.
#17 51.01 ../../node_modules/.pnpm/@privy-io+react-auth@3.8.1_@react-native-async-storage+async-storage@2.2.0_react-native@0.81._2swqv4hh7pfehfb5q3m5dawvam/node_modules/@privy-io/react-auth/dist/esm/Button-OlK_6fKk.mjs (1:327): A comment
#17 51.01 
#17 51.01 "/*#__PURE__*/"
#17 51.01 
#17 51.01 in "../../node_modules/.pnpm/@privy-io+react-auth@3.8.1_@react-native-async-storage+async-storage@2.2.0_react-native@0.81._2swqv4hh7pfehfb5q3m5dawvam/node_modules/@privy-io/react-auth/dist/esm/Button-OlK_6fKk.mjs" contains an annotation that Rollup cannot interpret due to the position of the comment. The comment will be removed to avoid issues.
#17 51.01 ../../node_modules/.pnpm/@privy-io+react-auth@3.8.1_@react-native-async-storage+async-storage@2.2.0_react-native@0.81._2swqv4hh7pfehfb5q3m5dawvam/node_modules/@privy-io/react-auth/dist/esm/Button-OlK_6fKk.mjs (1:398): A comment
#17 51.01 
#17 51.01 "/*#__PURE__*/"
#17 51.01 
#17 51.01 in "../../node_modules/.pnpm/@privy-io+react-auth@3.8.1_@react-native-async-storage+async-storage@2.2.0_react-native@0.81._2swqv4hh7pfehfb5q3m5dawvam/node_modules/@privy-io/react-auth/dist/esm/Button-OlK_6fKk.mjs" contains an annotation that Rollup cannot interpret due to the position of the comment. The comment will be removed to avoid issues.
#17 51.01 ../../node_modules/.pnpm/@privy-io+react-auth@3.8.1_@react-native-async-storage+async-storage@2.2.0_react-native@0.81._2swqv4hh7pfehfb5q3m5dawvam/node_modules/@privy-io/react-auth/dist/esm/Button-OlK_6fKk.mjs (1:456): A comment
#17 51.01 
#17 51.01 "/*#__PURE__*/"
#17 51.01 
#17 51.01 in "../../node_modules/.pnpm/@privy-io+react-auth@3.8.1_@react-native-async-storage+async-storage@2.2.0_react-native@0.81._2swqv4hh7pfehfb5q3m5dawvam/node_modules/@privy-io/react-auth/dist/esm/Button-OlK_6fKk.mjs" contains an annotation that Rollup cannot interpret due to the position of the comment. The comment will be removed to avoid issues.
#17 51.01 ../../node_modules/.pnpm/@privy-io+react-auth@3.8.1_@react-native-async-storage+async-storage@2.2.0_react-native@0.81._2swqv4hh7pfehfb5q3m5dawvam/node_modules/@privy-io/react-auth/dist/esm/Button-OlK_6fKk.mjs (1:1145): A comment
#17 51.01 
#17 51.01 "/*#__PURE__*/"
#17 51.01 
#17 51.01 in "../../node_modules/.pnpm/@privy-io+react-auth@3.8.1_@react-native-async-storage+async-storage@2.2.0_react-native@0.81._2swqv4hh7pfehfb5q3m5dawvam/node_modules/@privy-io/react-auth/dist/esm/Button-OlK_6fKk.mjs" contains an annotation that Rollup cannot interpret due to the position of the comment. The comment will be removed to avoid issues.
#17 51.01 ../../node_modules/.pnpm/@privy-io+react-auth@3.8.1_@react-native-async-storage+async-storage@2.2.0_react-native@0.81._2swqv4hh7pfehfb5q3m5dawvam/node_modules/@privy-io/react-auth/dist/esm/Button-OlK_6fKk.mjs (1:3428): A comment
#17 51.01 
#17 51.01 "/*#__PURE__*/"
#17 51.01 
#17 51.01 in "../../node_modules/.pnpm/@privy-io+react-auth@3.8.1_@react-native-async-storage+async-storage@2.2.0_react-native@0.81._2swqv4hh7pfehfb5q3m5dawvam/node_modules/@privy-io/react-auth/dist/esm/Button-OlK_6fKk.mjs" contains an annotation that Rollup cannot interpret due to the position of the comment. The comment will be removed to avoid issues.
#17 51.01 ../../node_modules/.pnpm/@privy-io+react-auth@3.8.1_@react-native-async-storage+async-storage@2.2.0_react-native@0.81._2swqv4hh7pfehfb5q3m5dawvam/node_modules/@privy-io/react-auth/dist/esm/Button-OlK_6fKk.mjs (1:3823): A comment
#17 51.01 
#17 51.01 "/*#__PURE__*/"
#17 51.01 
#17 51.01 in "../../node_modules/.pnpm/@privy-io+react-auth@3.8.1_@react-native-async-storage+async-storage@2.2.0_react-native@0.81._2swqv4hh7pfehfb5q3m5dawvam/node_modules/@privy-io/react-auth/dist/esm/Button-OlK_6fKk.mjs" contains an annotation that Rollup cannot interpret due to the position of the comment. The comment will be removed to avoid issues.
#17 51.04 ../../node_modules/.pnpm/@privy-io+react-auth@3.8.1_@react-native-async-storage+async-storage@2.2.0_react-native@0.81._2swqv4hh7pfehfb5q3m5dawvam/node_modules/@privy-io/react-auth/dist/esm/ModalHeader-CxHK1IKF.mjs (1:429): A comment
#17 51.04 
#17 51.04 "/*#__PURE__*/"
#17 51.04 
#17 51.04 in "../../node_modules/.pnpm/@privy-io+react-auth@3.8.1_@react-native-async-storage+async-storage@2.2.0_react-native@0.81._2swqv4hh7pfehfb5q3m5dawvam/node_modules/@privy-io/react-auth/dist/esm/ModalHeader-CxHK1IKF.mjs" contains an annotation that Rollup cannot interpret due to the position of the comment. The comment will be removed to avoid issues.
#17 51.04 ../../node_modules/.pnpm/@privy-io+react-auth@3.8.1_@react-native-async-storage+async-storage@2.2.0_react-native@0.81._2swqv4hh7pfehfb5q3m5dawvam/node_modules/@privy-io/react-auth/dist/esm/ModalHeader-CxHK1IKF.mjs (3:297): A comment
#17 51.04 
#17 51.04 "/*#__PURE__*/"
#17 51.04 
#17 51.04 in "../../node_modules/.pnpm/@privy-io+react-auth@3.8.1_@react-native-async-storage+async-storage@2.2.0_react-native@0.81._2swqv4hh7pfehfb5q3m5dawvam/node_modules/@privy-io/react-auth/dist/esm/ModalHeader-CxHK1IKF.mjs" contains an annotation that Rollup cannot interpret due to the position of the comment. The comment will be removed to avoid issues.
#17 51.04 ../../node_modules/.pnpm/@privy-io+react-auth@3.8.1_@react-native-async-storage+async-storage@2.2.0_react-native@0.81._2swqv4hh7pfehfb5q3m5dawvam/node_modules/@privy-io/react-auth/dist/esm/ModalHeader-CxHK1IKF.mjs (3:1591): A comment
#17 51.04 
#17 51.04 "/*#__PURE__*/"
#17 51.04 
#17 51.04 in "../../node_modules/.pnpm/@privy-io+react-auth@3.8.1_@react-native-async-storage+async-storage@2.2.0_react-native@0.81._2swqv4hh7pfehfb5q3m5dawvam/node_modules/@privy-io/react-auth/dist/esm/ModalHeader-CxHK1IKF.mjs" contains an annotation that Rollup cannot interpret due to the position of the comment. The comment will be removed to avoid issues.
#17 51.05 ../../node_modules/.pnpm/@privy-io+react-auth@3.8.1_@react-native-async-storage+async-storage@2.2.0_react-native@0.81._2swqv4hh7pfehfb5q3m5dawvam/node_modules/@privy-io/react-auth/dist/esm/FundWalletMethodHeader-RY6-H-Ry.mjs (1:239): A comment
#17 51.05 
#17 51.05 "/*#__PURE__*/"
#17 51.05 
#17 51.05 in "../../node_modules/.pnpm/@privy-io+react-auth@3.8.1_@react-native-async-storage+async-storage@2.2.0_react-native@0.81._2swqv4hh7pfehfb5q3m5dawvam/node_modules/@privy-io/react-auth/dist/esm/FundWalletMethodHeader-RY6-H-Ry.mjs" contains an annotation that Rollup cannot interpret due to the position of the comment. The comment will be removed to avoid issues.
#17 51.06 ../../node_modules/.pnpm/@privy-io+react-auth@3.8.1_@react-native-async-storage+async-storage@2.2.0_react-native@0.81._2swqv4hh7pfehfb5q3m5dawvam/node_modules/@privy-io/react-auth/dist/esm/TransferOrBridgeLoadingScreen-CFRKffkj.mjs (1:846): A comment
#17 51.06 
#17 51.06 "/*#__PURE__*/"
#17 51.06 
#17 51.06 in "../../node_modules/.pnpm/@privy-io+react-auth@3.8.1_@react-native-async-storage+async-storage@2.2.0_react-native@0.81._2swqv4hh7pfehfb5q3m5dawvam/node_modules/@privy-io/react-auth/dist/esm/TransferOrBridgeLoadingScreen-CFRKffkj.mjs" contains an annotation that Rollup cannot interpret due to the position of the comment. The comment will be removed to avoid issues.
#17 51.07 ../../node_modules/.pnpm/@privy-io+react-auth@3.8.1_@react-native-async-storage+async-storage@2.2.0_react-native@0.81._2swqv4hh7pfehfb5q3m5dawvam/node_modules/@privy-io/react-auth/dist/esm/BridgeNetworkSelectionView-DXjTVIcQ.mjs (1:4464): A comment
#17 51.07 
#17 51.07 "/*#__PURE__*/"
#17 51.07 
#17 51.07 in "../../node_modules/.pnpm/@privy-io+react-auth@3.8.1_@react-native-async-storage+async-storage@2.2.0_react-native@0.81._2swqv4hh7pfehfb5q3m5dawvam/node_modules/@privy-io/react-auth/dist/esm/BridgeNetworkSelectionView-DXjTVIcQ.mjs" contains an annotation that Rollup cannot interpret due to the position of the comment. The comment will be removed to avoid issues.
#17 51.08 ../../node_modules/.pnpm/@privy-io+react-auth@3.8.1_@react-native-async-storage+async-storage@2.2.0_react-native@0.81._2swqv4hh7pfehfb5q3m5dawvam/node_modules/@privy-io/react-auth/dist/esm/Chip-Bsgj4Yc-.mjs (1:919): A comment
#17 51.08 
#17 51.08 "/*#__PURE__*/"
#17 51.08 
#17 51.08 in "../../node_modules/.pnpm/@privy-io+react-auth@3.8.1_@react-native-async-storage+async-storage@2.2.0_react-native@0.81._2swqv4hh7pfehfb5q3m5dawvam/node_modules/@privy-io/react-auth/dist/esm/Chip-Bsgj4Yc-.mjs" contains an annotation that Rollup cannot interpret due to the position of the comment. The comment will be removed to avoid issues.
#17 51.08 ../../node_modules/.pnpm/@privy-io+react-auth@3.8.1_@react-native-async-storage+async-storage@2.2.0_react-native@0.81._2swqv4hh7pfehfb5q3m5dawvam/node_modules/@privy-io/react-auth/dist/esm/NetworkIcon-B48ilzF8.mjs (1:12201): A comment
#17 51.08 
#17 51.08 "/*#__PURE__*/"
#17 51.08 
#17 51.08 in "../../node_modules/.pnpm/@privy-io+react-auth@3.8.1_@react-native-async-storage+async-storage@2.2.0_react-native@0.81._2swqv4hh7pfehfb5q3m5dawvam/node_modules/@privy-io/react-auth/dist/esm/NetworkIcon-B48ilzF8.mjs" contains an annotation that Rollup cannot interpret due to the position of the comment. The comment will be removed to avoid issues.
#17 51.08 ../../node_modules/.pnpm/@privy-io+react-auth@3.8.1_@react-native-async-storage+async-storage@2.2.0_react-native@0.81._2swqv4hh7pfehfb5q3m5dawvam/node_modules/@privy-io/react-auth/dist/esm/NetworkIcon-B48ilzF8.mjs (1:12244): A comment
#17 51.08 
#17 51.08 "/*#__PURE__*/"
#17 51.08 
#17 51.08 in "../../node_modules/.pnpm/@privy-io+react-auth@3.8.1_@react-native-async-storage+async-storage@2.2.0_react-native@0.81._2swqv4hh7pfehfb5q3m5dawvam/node_modules/@privy-io/react-auth/dist/esm/NetworkIcon-B48ilzF8.mjs" contains an annotation that Rollup cannot interpret due to the position of the comment. The comment will be removed to avoid issues.
#17 51.10 ../../node_modules/.pnpm/@privy-io+react-auth@3.8.1_@react-native-async-storage+async-storage@2.2.0_react-native@0.81._2swqv4hh7pfehfb5q3m5dawvam/node_modules/@privy-io/react-auth/dist/esm/ConnectWalletView-tpdAD3K7.mjs (1:1806): A comment
#17 51.10 
#17 51.10 "/*#__PURE__*/"
#17 51.10 
#17 51.10 in "../../node_modules/.pnpm/@privy-io+react-auth@3.8.1_@react-native-async-storage+async-storage@2.2.0_react-native@0.81._2swqv4hh7pfehfb5q3m5dawvam/node_modules/@privy-io/react-auth/dist/esm/ConnectWalletView-tpdAD3K7.mjs" contains an annotation that Rollup cannot interpret due to the position of the comment. The comment will be removed to avoid issues.
#17 51.11 ../../node_modules/.pnpm/@privy-io+react-auth@3.8.1_@react-native-async-storage+async-storage@2.2.0_react-native@0.81._2swqv4hh7pfehfb5q3m5dawvam/node_modules/@privy-io/react-auth/dist/esm/QrCode-BI2LxLLg.mjs (2:688): A comment
#17 51.11 
#17 51.11 "/*#__PURE__*/"
#17 51.11 
#17 51.11 in "../../node_modules/.pnpm/@privy-io+react-auth@3.8.1_@react-native-async-storage+async-storage@2.2.0_react-native@0.81._2swqv4hh7pfehfb5q3m5dawvam/node_modules/@privy-io/react-auth/dist/esm/QrCode-BI2LxLLg.mjs" contains an annotation that Rollup cannot interpret due to the position of the comment. The comment will be removed to avoid issues.
#17 51.11 ../../node_modules/.pnpm/@privy-io+react-auth@3.8.1_@react-native-async-storage+async-storage@2.2.0_react-native@0.81._2swqv4hh7pfehfb5q3m5dawvam/node_modules/@privy-io/react-auth/dist/esm/QrCode-BI2LxLLg.mjs (2:827): A comment
#17 51.11 
#17 51.11 "/*#__PURE__*/"
#17 51.11 
#17 51.11 in "../../node_modules/.pnpm/@privy-io+react-auth@3.8.1_@react-native-async-storage+async-storage@2.2.0_react-native@0.81._2swqv4hh7pfehfb5q3m5dawvam/node_modules/@privy-io/react-auth/dist/esm/QrCode-BI2LxLLg.mjs" contains an annotation that Rollup cannot interpret due to the position of the comment. The comment will be removed to avoid issues.
#17 51.11 ../../node_modules/.pnpm/@privy-io+react-auth@3.8.1_@react-native-async-storage+async-storage@2.2.0_react-native@0.81._2swqv4hh7pfehfb5q3m5dawvam/node_modules/@privy-io/react-auth/dist/esm/QrCode-BI2LxLLg.mjs (2:1087): A comment
#17 51.11 
#17 51.11 "/*#__PURE__*/"
#17 51.11 
#17 51.11 in "../../node_modules/.pnpm/@privy-io+react-auth@3.8.1_@react-native-async-storage+async-storage@2.2.0_react-native@0.81._2swqv4hh7pfehfb5q3m5dawvam/node_modules/@privy-io/react-auth/dist/esm/QrCode-BI2LxLLg.mjs" contains an annotation that Rollup cannot interpret due to the position of the comment. The comment will be removed to avoid issues.
#17 51.11 ../../node_modules/.pnpm/@privy-io+react-auth@3.8.1_@react-native-async-storage+async-storage@2.2.0_react-native@0.81._2swqv4hh7pfehfb5q3m5dawvam/node_modules/@privy-io/react-auth/dist/esm/QrCode-BI2LxLLg.mjs (2:2031): A comment
#17 51.11 
#17 51.11 "/*#__PURE__*/"
#17 51.11 
#17 51.11 in "../../node_modules/.pnpm/@privy-io+react-auth@3.8.1_@react-native-async-storage+async-storage@2.2.0_react-native@0.81._2swqv4hh7pfehfb5q3m5dawvam/node_modules/@privy-io/react-auth/dist/esm/QrCode-BI2LxLLg.mjs" contains an annotation that Rollup cannot interpret due to the position of the comment. The comment will be removed to avoid issues.
#17 51.12 ../../node_modules/.pnpm/@privy-io+react-auth@3.8.1_@react-native-async-storage+async-storage@2.2.0_react-native@0.81._2swqv4hh7pfehfb5q3m5dawvam/node_modules/@privy-io/react-auth/dist/esm/ConnectEmailForm-C2TJPUYV.mjs (1:1686): A comment
#17 51.12 
#17 51.12 "/*#__PURE__*/"
#17 51.12 
#17 51.12 in "../../node_modules/.pnpm/@privy-io+react-auth@3.8.1_@react-native-async-storage+async-storage@2.2.0_react-native@0.81._2swqv4hh7pfehfb5q3m5dawvam/node_modules/@privy-io/react-auth/dist/esm/ConnectEmailForm-C2TJPUYV.mjs" contains an annotation that Rollup cannot interpret due to the position of the comment. The comment will be removed to avoid issues.
#17 51.13 ../../node_modules/.pnpm/@privy-io+react-auth@3.8.1_@react-native-async-storage+async-storage@2.2.0_react-native@0.81._2swqv4hh7pfehfb5q3m5dawvam/node_modules/@privy-io/react-auth/dist/esm/twitter-6jomarO4.mjs (1:7958): A comment
#17 51.13 
#17 51.13 "/*#__PURE__*/"
#17 51.13 
#17 51.13 in "../../node_modules/.pnpm/@privy-io+react-auth@3.8.1_@react-native-async-storage+async-storage@2.2.0_react-native@0.81._2swqv4hh7pfehfb5q3m5dawvam/node_modules/@privy-io/react-auth/dist/esm/twitter-6jomarO4.mjs" contains an annotation that Rollup cannot interpret due to the position of the comment. The comment will be removed to avoid issues.
#17 51.15 ../../node_modules/.pnpm/@privy-io+react-auth@3.8.1_@react-native-async-storage+async-storage@2.2.0_react-native@0.81._2swqv4hh7pfehfb5q3m5dawvam/node_modules/@privy-io/react-auth/dist/esm/twitter-6jomarO4.mjs (1:12540): A comment
#17 51.15 
#17 51.15 "/*#__PURE__*/"
#17 51.15 
#17 51.15 in "../../node_modules/.pnpm/@privy-io+react-auth@3.8.1_@react-native-async-storage+async-storage@2.2.0_react-native@0.81._2swqv4hh7pfehfb5q3m5dawvam/node_modules/@privy-io/react-auth/dist/esm/twitter-6jomarO4.mjs" contains an annotation that Rollup cannot interpret due to the position of the comment. The comment will be removed to avoid issues.
#17 51.15 ../../node_modules/.pnpm/@privy-io+react-auth@3.8.1_@react-native-async-storage+async-storage@2.2.0_react-native@0.81._2swqv4hh7pfehfb5q3m5dawvam/node_modules/@privy-io/react-auth/dist/esm/twitter-6jomarO4.mjs (1:13625): A comment
#17 51.15 
#17 51.15 "/*#__PURE__*/"
#17 51.15 
#17 51.15 in "../../node_modules/.pnpm/@privy-io+react-auth@3.8.1_@react-native-async-storage+async-storage@2.2.0_react-native@0.81._2swqv4hh7pfehfb5q3m5dawvam/node_modules/@privy-io/react-auth/dist/esm/twitter-6jomarO4.mjs" contains an annotation that Rollup cannot interpret due to the position of the comment. The comment will be removed to avoid issues.
#17 51.16 ../../node_modules/.pnpm/@privy-io+react-auth@3.8.1_@react-native-async-storage+async-storage@2.2.0_react-native@0.81._2swqv4hh7pfehfb5q3m5dawvam/node_modules/@privy-io/react-auth/dist/esm/twitter-6jomarO4.mjs (1:14609): A comment
#17 51.16 
#17 51.16 "/*#__PURE__*/"
#17 51.16 
#17 51.16 in "../../node_modules/.pnpm/@privy-io+react-auth@3.8.1_@react-native-async-storage+async-storage@2.2.0_react-native@0.81._2swqv4hh7pfehfb5q3m5dawvam/node_modules/@privy-io/react-auth/dist/esm/twitter-6jomarO4.mjs" contains an annotation that Rollup cannot interpret due to the position of the comment. The comment will be removed to avoid issues.
#17 51.16 ../../node_modules/.pnpm/@privy-io+react-auth@3.8.1_@react-native-async-storage+async-storage@2.2.0_react-native@0.81._2swqv4hh7pfehfb5q3m5dawvam/node_modules/@privy-io/react-auth/dist/esm/twitch-5IOe4sIQ.mjs (1:64): A comment
#17 51.16 
#17 51.16 "/*#__PURE__*/"
#17 51.16 
#17 51.16 in "../../node_modules/.pnpm/@privy-io+react-auth@3.8.1_@react-native-async-storage+async-storage@2.2.0_react-native@0.81._2swqv4hh7pfehfb5q3m5dawvam/node_modules/@privy-io/react-auth/dist/esm/twitch-5IOe4sIQ.mjs" contains an annotation that Rollup cannot interpret due to the position of the comment. The comment will be removed to avoid issues.
#17 51.16 ../../node_modules/.pnpm/@privy-io+react-auth@3.8.1_@react-native-async-storage+async-storage@2.2.0_react-native@0.81._2swqv4hh7pfehfb5q3m5dawvam/node_modules/@privy-io/react-auth/dist/esm/twitch-5IOe4sIQ.mjs (1:10025): A comment
#17 51.16 
#17 51.16 "/*#__PURE__*/"
#17 51.16 
#17 51.16 in "../../node_modules/.pnpm/@privy-io+react-auth@3.8.1_@react-native-async-storage+async-storage@2.2.0_react-native@0.81._2swqv4hh7pfehfb5q3m5dawvam/node_modules/@privy-io/react-auth/dist/esm/twitch-5IOe4sIQ.mjs" contains an annotation that Rollup cannot interpret due to the position of the comment. The comment will be removed to avoid issues.
#17 51.16 ../../node_modules/.pnpm/@privy-io+react-auth@3.8.1_@react-native-async-storage+async-storage@2.2.0_react-native@0.81._2swqv4hh7pfehfb5q3m5dawvam/node_modules/@privy-io/react-auth/dist/esm/telegram-B-JqnkqZ.mjs (1:64): A comment
#17 51.16 
#17 51.16 "/*#__PURE__*/"
#17 51.16 
#17 51.16 in "../../node_modules/.pnpm/@privy-io+react-auth@3.8.1_@react-native-async-storage+async-storage@2.2.0_react-native@0.81._2swqv4hh7pfehfb5q3m5dawvam/node_modules/@privy-io/react-auth/dist/esm/telegram-B-JqnkqZ.mjs" contains an annotation that Rollup cannot interpret due to the position of the comment. The comment will be removed to avoid issues.
#17 51.16 ../../node_modules/.pnpm/@privy-io+react-auth@3.8.1_@react-native-async-storage+async-storage@2.2.0_react-native@0.81._2swqv4hh7pfehfb5q3m5dawvam/node_modules/@privy-io/react-auth/dist/esm/WalletButtonList-C1OqZHCA.mjs (1:1962): A comment
#17 51.16 
#17 51.16 "/*#__PURE__*/"
#17 51.16 
#17 51.16 in "../../node_modules/.pnpm/@privy-io+react-auth@3.8.1_@react-native-async-storage+async-storage@2.2.0_react-native@0.81._2swqv4hh7pfehfb5q3m5dawvam/node_modules/@privy-io/react-auth/dist/esm/WalletButtonList-C1OqZHCA.mjs" contains an annotation that Rollup cannot interpret due to the position of the comment. The comment will be removed to avoid issues.
#17 51.17 ../../node_modules/.pnpm/@privy-io+react-auth@3.8.1_@react-native-async-storage+async-storage@2.2.0_react-native@0.81._2swqv4hh7pfehfb5q3m5dawvam/node_modules/@privy-io/react-auth/dist/esm/CustomLandingScreenView-DZTOg8z4.mjs (2:499): A comment
#17 51.17 
#17 51.17 "/*#__PURE__*/"
#17 51.17 
#17 51.17 in "../../node_modules/.pnpm/@privy-io+react-auth@3.8.1_@react-native-async-storage+async-storage@2.2.0_react-native@0.81._2swqv4hh7pfehfb5q3m5dawvam/node_modules/@privy-io/react-auth/dist/esm/CustomLandingScreenView-DZTOg8z4.mjs" contains an annotation that Rollup cannot interpret due to the position of the comment. The comment will be removed to avoid issues.
#17 51.17 ../../node_modules/.pnpm/@privy-io+react-auth@3.8.1_@react-native-async-storage+async-storage@2.2.0_react-native@0.81._2swqv4hh7pfehfb5q3m5dawvam/node_modules/@privy-io/react-auth/dist/esm/CustomLandingScreenView-DZTOg8z4.mjs (2:965): A comment
#17 51.17 
#17 51.17 "/*#__PURE__*/"
#17 51.17 
#17 51.17 in "../../node_modules/.pnpm/@privy-io+react-auth@3.8.1_@react-native-async-storage+async-storage@2.2.0_react-native@0.81._2swqv4hh7pfehfb5q3m5dawvam/node_modules/@privy-io/react-auth/dist/esm/CustomLandingScreenView-DZTOg8z4.mjs" contains an annotation that Rollup cannot interpret due to the position of the comment. The comment will be removed to avoid issues.
#17 51.17 ../../node_modules/.pnpm/@privy-io+react-auth@3.8.1_@react-native-async-storage+async-storage@2.2.0_react-native@0.81._2swqv4hh7pfehfb5q3m5dawvam/node_modules/@privy-io/react-auth/dist/esm/CustomLandingScreenView-DZTOg8z4.mjs (2:4921): A comment
#17 51.17 
#17 51.17 "/*#__PURE__*/"
#17 51.17 
#17 51.17 in "../../node_modules/.pnpm/@privy-io+react-auth@3.8.1_@react-native-async-storage+async-storage@2.2.0_react-native@0.81._2swqv4hh7pfehfb5q3m5dawvam/node_modules/@privy-io/react-auth/dist/esm/CustomLandingScreenView-DZTOg8z4.mjs" contains an annotation that Rollup cannot interpret due to the position of the comment. The comment will be removed to avoid issues.
#17 51.17 ../../node_modules/.pnpm/@privy-io+react-auth@3.8.1_@react-native-async-storage+async-storage@2.2.0_react-native@0.81._2swqv4hh7pfehfb5q3m5dawvam/node_modules/@privy-io/react-auth/dist/esm/CustomLandingScreenView-DZTOg8z4.mjs (2:6737): A comment
#17 51.17 
#17 51.17 "/*#__PURE__*/"
#17 51.17 
#17 51.17 in "../../node_modules/.pnpm/@privy-io+react-auth@3.8.1_@react-native-async-storage+async-storage@2.2.0_react-native@0.81._2swqv4hh7pfehfb5q3m5dawvam/node_modules/@privy-io/react-auth/dist/esm/CustomLandingScreenView-DZTOg8z4.mjs" contains an annotation that Rollup cannot interpret due to the position of the comment. The comment will be removed to avoid issues.
#17 51.17 ../../node_modules/.pnpm/@privy-io+react-auth@3.8.1_@react-native-async-storage+async-storage@2.2.0_react-native@0.81._2swqv4hh7pfehfb5q3m5dawvam/node_modules/@privy-io/react-auth/dist/esm/CustomLandingScreenView-DZTOg8z4.mjs (2:7635): A comment
#17 51.17 
#17 51.17 "/*#__PURE__*/"
#17 51.17 
#17 51.17 in "../../node_modules/.pnpm/@privy-io+react-auth@3.8.1_@react-native-async-storage+async-storage@2.2.0_react-native@0.81._2swqv4hh7pfehfb5q3m5dawvam/node_modules/@privy-io/react-auth/dist/esm/CustomLandingScreenView-DZTOg8z4.mjs" contains an annotation that Rollup cannot interpret due to the position of the comment. The comment will be removed to avoid issues.
#17 51.17 ../../node_modules/.pnpm/@privy-io+react-auth@3.8.1_@react-native-async-storage+async-storage@2.2.0_react-native@0.81._2swqv4hh7pfehfb5q3m5dawvam/node_modules/@privy-io/react-auth/dist/esm/CustomLandingScreenView-DZTOg8z4.mjs (2:9820): A comment
#17 51.17 
#17 51.17 "/*#__PURE__*/"
#17 51.17 
#17 51.17 in "../../node_modules/.pnpm/@privy-io+react-auth@3.8.1_@react-native-async-storage+async-storage@2.2.0_react-native@0.81._2swqv4hh7pfehfb5q3m5dawvam/node_modules/@privy-io/react-auth/dist/esm/CustomLandingScreenView-DZTOg8z4.mjs" contains an annotation that Rollup cannot interpret due to the position of the comment. The comment will be removed to avoid issues.
#17 51.18 ../../node_modules/.pnpm/@privy-io+react-auth@3.8.1_@react-native-async-storage+async-storage@2.2.0_react-native@0.81._2swqv4hh7pfehfb5q3m5dawvam/node_modules/@privy-io/react-auth/dist/esm/CustomLandingScreenView-DZTOg8z4.mjs (2:9982): A comment
#17 51.18 
#17 51.18 "/*#__PURE__*/"
#17 51.18 
#17 51.18 in "../../node_modules/.pnpm/@privy-io+react-auth@3.8.1_@react-native-async-storage+async-storage@2.2.0_react-native@0.81._2swqv4hh7pfehfb5q3m5dawvam/node_modules/@privy-io/react-auth/dist/esm/CustomLandingScreenView-DZTOg8z4.mjs" contains an annotation that Rollup cannot interpret due to the position of the comment. The comment will be removed to avoid issues.
#17 51.18 ../../node_modules/.pnpm/@privy-io+react-auth@3.8.1_@react-native-async-storage+async-storage@2.2.0_react-native@0.81._2swqv4hh7pfehfb5q3m5dawvam/node_modules/@privy-io/react-auth/dist/esm/CustomLandingScreenView-DZTOg8z4.mjs (2:10142): A comment
#17 51.18 
#17 51.18 "/*#__PURE__*/"
#17 51.18 
#17 51.18 in "../../node_modules/.pnpm/@privy-io+react-auth@3.8.1_@react-native-async-storage+async-storage@2.2.0_react-native@0.81._2swqv4hh7pfehfb5q3m5dawvam/node_modules/@privy-io/react-auth/dist/esm/CustomLandingScreenView-DZTOg8z4.mjs" contains an annotation that Rollup cannot interpret due to the position of the comment. The comment will be removed to avoid issues.
#17 51.18 ../../node_modules/.pnpm/@privy-io+react-auth@3.8.1_@react-native-async-storage+async-storage@2.2.0_react-native@0.81._2swqv4hh7pfehfb5q3m5dawvam/node_modules/@privy-io/react-auth/dist/esm/CustomLandingScreenView-DZTOg8z4.mjs (2:10206): A comment
#17 51.18 
#17 51.18 "/*#__PURE__*/"
#17 51.18 
#17 51.18 in "../../node_modules/.pnpm/@privy-io+react-auth@3.8.1_@react-native-async-storage+async-storage@2.2.0_react-native@0.81._2swqv4hh7pfehfb5q3m5dawvam/node_modules/@privy-io/react-auth/dist/esm/CustomLandingScreenView-DZTOg8z4.mjs" contains an annotation that Rollup cannot interpret due to the position of the comment. The comment will be removed to avoid issues.
#17 51.18 ../../node_modules/.pnpm/@privy-io+react-auth@3.8.1_@react-native-async-storage+async-storage@2.2.0_react-native@0.81._2swqv4hh7pfehfb5q3m5dawvam/node_modules/@privy-io/react-auth/dist/esm/CustomLandingScreenView-DZTOg8z4.mjs (2:10274): A comment
#17 51.18 
#17 51.18 "/*#__PURE__*/"
#17 51.18 
#17 51.18 in "../../node_modules/.pnpm/@privy-io+react-auth@3.8.1_@react-native-async-storage+async-storage@2.2.0_react-native@0.81._2swqv4hh7pfehfb5q3m5dawvam/node_modules/@privy-io/react-auth/dist/esm/CustomLandingScreenView-DZTOg8z4.mjs" contains an annotation that Rollup cannot interpret due to the position of the comment. The comment will be removed to avoid issues.
#17 51.18 ../../node_modules/.pnpm/@privy-io+react-auth@3.8.1_@react-native-async-storage+async-storage@2.2.0_react-native@0.81._2swqv4hh7pfehfb5q3m5dawvam/node_modules/@privy-io/react-auth/dist/esm/CustomLandingScreenView-DZTOg8z4.mjs (2:10321): A comment
#17 51.18 
#17 51.18 "/*#__PURE__*/"
#17 51.18 
#17 51.18 in "../../node_modules/.pnpm/@privy-io+react-auth@3.8.1_@react-native-async-storage+async-storage@2.2.0_react-native@0.81._2swqv4hh7pfehfb5q3m5dawvam/node_modules/@privy-io/react-auth/dist/esm/CustomLandingScreenView-DZTOg8z4.mjs" contains an annotation that Rollup cannot interpret due to the position of the comment. The comment will be removed to avoid issues.
#17 51.18 ../../node_modules/.pnpm/@privy-io+react-auth@3.8.1_@react-native-async-storage+async-storage@2.2.0_react-native@0.81._2swqv4hh7pfehfb5q3m5dawvam/node_modules/@privy-io/react-auth/dist/esm/CustomLandingScreenView-DZTOg8z4.mjs (2:10385): A comment
#17 51.18 
#17 51.18 "/*#__PURE__*/"
#17 51.18 
#17 51.18 in "../../node_modules/.pnpm/@privy-io+react-auth@3.8.1_@react-native-async-storage+async-storage@2.2.0_react-native@0.81._2swqv4hh7pfehfb5q3m5dawvam/node_modules/@privy-io/react-auth/dist/esm/CustomLandingScreenView-DZTOg8z4.mjs" contains an annotation that Rollup cannot interpret due to the position of the comment. The comment will be removed to avoid issues.
#17 51.18 ../../node_modules/.pnpm/@privy-io+react-auth@3.8.1_@react-native-async-storage+async-storage@2.2.0_react-native@0.81._2swqv4hh7pfehfb5q3m5dawvam/node_modules/@privy-io/react-auth/dist/esm/CustomLandingScreenView-DZTOg8z4.mjs (2:10451): A comment
#17 51.18 
#17 51.18 "/*#__PURE__*/"
#17 51.18 
#17 51.18 in "../../node_modules/.pnpm/@privy-io+react-auth@3.8.1_@react-native-async-storage+async-storage@2.2.0_react-native@0.81._2swqv4hh7pfehfb5q3m5dawvam/node_modules/@privy-io/react-auth/dist/esm/CustomLandingScreenView-DZTOg8z4.mjs" contains an annotation that Rollup cannot interpret due to the position of the comment. The comment will be removed to avoid issues.
#17 51.18 ../../node_modules/.pnpm/@privy-io+react-auth@3.8.1_@react-native-async-storage+async-storage@2.2.0_react-native@0.81._2swqv4hh7pfehfb5q3m5dawvam/node_modules/@privy-io/react-auth/dist/esm/CustomLandingScreenView-DZTOg8z4.mjs (2:10517): A comment
#17 51.18 
#17 51.18 "/*#__PURE__*/"
#17 51.18 
#17 51.18 in "../../node_modules/.pnpm/@privy-io+react-auth@3.8.1_@react-native-async-storage+async-storage@2.2.0_react-native@0.81._2swqv4hh7pfehfb5q3m5dawvam/node_modules/@privy-io/react-auth/dist/esm/CustomLandingScreenView-DZTOg8z4.mjs" contains an annotation that Rollup cannot interpret due to the position of the comment. The comment will be removed to avoid issues.
#17 51.18 ../../node_modules/.pnpm/@privy-io+react-auth@3.8.1_@react-native-async-storage+async-storage@2.2.0_react-native@0.81._2swqv4hh7pfehfb5q3m5dawvam/node_modules/@privy-io/react-auth/dist/esm/CustomLandingScreenView-DZTOg8z4.mjs (2:10579): A comment
#17 51.18 
#17 51.18 "/*#__PURE__*/"
#17 51.18 
#17 51.18 in "../../node_modules/.pnpm/@privy-io+react-auth@3.8.1_@react-native-async-storage+async-storage@2.2.0_react-native@0.81._2swqv4hh7pfehfb5q3m5dawvam/node_modules/@privy-io/react-auth/dist/esm/CustomLandingScreenView-DZTOg8z4.mjs" contains an annotation that Rollup cannot interpret due to the position of the comment. The comment will be removed to avoid issues.
#17 51.18 ../../node_modules/.pnpm/@privy-io+react-auth@3.8.1_@react-native-async-storage+async-storage@2.2.0_react-native@0.81._2swqv4hh7pfehfb5q3m5dawvam/node_modules/@privy-io/react-auth/dist/esm/CustomLandingScreenView-DZTOg8z4.mjs (2:10641): A comment
#17 51.18 
#17 51.18 "/*#__PURE__*/"
#17 51.18 
#17 51.18 in "../../node_modules/.pnpm/@privy-io+react-auth@3.8.1_@react-native-async-storage+async-storage@2.2.0_react-native@0.81._2swqv4hh7pfehfb5q3m5dawvam/node_modules/@privy-io/react-auth/dist/esm/CustomLandingScreenView-DZTOg8z4.mjs" contains an annotation that Rollup cannot interpret due to the position of the comment. The comment will be removed to avoid issues.
#17 51.18 ../../node_modules/.pnpm/@privy-io+react-auth@3.8.1_@react-native-async-storage+async-storage@2.2.0_react-native@0.81._2swqv4hh7pfehfb5q3m5dawvam/node_modules/@privy-io/react-auth/dist/esm/CustomLandingScreenView-DZTOg8z4.mjs (2:10706): A comment
#17 51.18 
#17 51.18 "/*#__PURE__*/"
#17 51.18 
#17 51.18 in "../../node_modules/.pnpm/@privy-io+react-auth@3.8.1_@react-native-async-storage+async-storage@2.2.0_react-native@0.81._2swqv4hh7pfehfb5q3m5dawvam/node_modules/@privy-io/react-auth/dist/esm/CustomLandingScreenView-DZTOg8z4.mjs" contains an annotation that Rollup cannot interpret due to the position of the comment. The comment will be removed to avoid issues.
#17 51.18 ../../node_modules/.pnpm/@privy-io+react-auth@3.8.1_@react-native-async-storage+async-storage@2.2.0_react-native@0.81._2swqv4hh7pfehfb5q3m5dawvam/node_modules/@privy-io/react-auth/dist/esm/CustomLandingScreenView-DZTOg8z4.mjs (2:10774): A comment
#17 51.18 
#17 51.18 "/*#__PURE__*/"
#17 51.18 
#17 51.18 in "../../node_modules/.pnpm/@privy-io+react-auth@3.8.1_@react-native-async-storage+async-storage@2.2.0_react-native@0.81._2swqv4hh7pfehfb5q3m5dawvam/node_modules/@privy-io/react-auth/dist/esm/CustomLandingScreenView-DZTOg8z4.mjs" contains an annotation that Rollup cannot interpret due to the position of the comment. The comment will be removed to avoid issues.
#17 51.18 ../../node_modules/.pnpm/@privy-io+react-auth@3.8.1_@react-native-async-storage+async-storage@2.2.0_react-native@0.81._2swqv4hh7pfehfb5q3m5dawvam/node_modules/@privy-io/react-auth/dist/esm/CustomLandingScreenView-DZTOg8z4.mjs (2:10842): A comment
#17 51.18 
#17 51.18 "/*#__PURE__*/"
#17 51.18 
#17 51.18 in "../../node_modules/.pnpm/@privy-io+react-auth@3.8.1_@react-native-async-storage+async-storage@2.2.0_react-native@0.81._2swqv4hh7pfehfb5q3m5dawvam/node_modules/@privy-io/react-auth/dist/esm/CustomLandingScreenView-DZTOg8z4.mjs" contains an annotation that Rollup cannot interpret due to the position of the comment. The comment will be removed to avoid issues.
#17 51.18 ../../node_modules/.pnpm/@privy-io+react-auth@3.8.1_@react-native-async-storage+async-storage@2.2.0_react-native@0.81._2swqv4hh7pfehfb5q3m5dawvam/node_modules/@privy-io/react-auth/dist/esm/CustomLandingScreenView-DZTOg8z4.mjs (2:10909): A comment
#17 51.18 
#17 51.18 "/*#__PURE__*/"
#17 51.18 
#17 51.18 in "../../node_modules/.pnpm/@privy-io+react-auth@3.8.1_@react-native-async-storage+async-storage@2.2.0_react-native@0.81._2swqv4hh7pfehfb5q3m5dawvam/node_modules/@privy-io/react-auth/dist/esm/CustomLandingScreenView-DZTOg8z4.mjs" contains an annotation that Rollup cannot interpret due to the position of the comment. The comment will be removed to avoid issues.
#17 51.18 ../../node_modules/.pnpm/@privy-io+react-auth@3.8.1_@react-native-async-storage+async-storage@2.2.0_react-native@0.81._2swqv4hh7pfehfb5q3m5dawvam/node_modules/@privy-io/react-auth/dist/esm/CustomLandingScreenView-DZTOg8z4.mjs (2:10948): A comment
#17 51.18 
#17 51.18 "/*#__PURE__*/"
#17 51.18 
#17 51.18 in "../../node_modules/.pnpm/@privy-io+react-auth@3.8.1_@react-native-async-storage+async-storage@2.2.0_react-native@0.81._2swqv4hh7pfehfb5q3m5dawvam/node_modules/@privy-io/react-auth/dist/esm/CustomLandingScreenView-DZTOg8z4.mjs" contains an annotation that Rollup cannot interpret due to the position of the comment. The comment will be removed to avoid issues.
#17 51.18 ../../node_modules/.pnpm/@privy-io+react-auth@3.8.1_@react-native-async-storage+async-storage@2.2.0_react-native@0.81._2swqv4hh7pfehfb5q3m5dawvam/node_modules/@privy-io/react-auth/dist/esm/CustomLandingScreenView-DZTOg8z4.mjs (2:11084): A comment
#17 51.18 
#17 51.18 "/*#__PURE__*/"
#17 51.18 
#17 51.18 in "../../node_modules/.pnpm/@privy-io+react-auth@3.8.1_@react-native-async-storage+async-storage@2.2.0_react-native@0.81._2swqv4hh7pfehfb5q3m5dawvam/node_modules/@privy-io/react-auth/dist/esm/CustomLandingScreenView-DZTOg8z4.mjs" contains an annotation that Rollup cannot interpret due to the position of the comment. The comment will be removed to avoid issues.
#17 51.18 ../../node_modules/.pnpm/@privy-io+react-auth@3.8.1_@react-native-async-storage+async-storage@2.2.0_react-native@0.81._2swqv4hh7pfehfb5q3m5dawvam/node_modules/@privy-io/react-auth/dist/esm/CustomLandingScreenView-DZTOg8z4.mjs (2:12457): A comment
#17 51.18 
#17 51.18 "/*#__PURE__*/"
#17 51.18 
#17 51.18 in "../../node_modules/.pnpm/@privy-io+react-auth@3.8.1_@react-native-async-storage+async-storage@2.2.0_react-native@0.81._2swqv4hh7pfehfb5q3m5dawvam/node_modules/@privy-io/react-auth/dist/esm/CustomLandingScreenView-DZTOg8z4.mjs" contains an annotation that Rollup cannot interpret due to the position of the comment. The comment will be removed to avoid issues.
#17 51.18 ../../node_modules/.pnpm/@privy-io+react-auth@3.8.1_@react-native-async-storage+async-storage@2.2.0_react-native@0.81._2swqv4hh7pfehfb5q3m5dawvam/node_modules/@privy-io/react-auth/dist/esm/CustomLandingScreenView-DZTOg8z4.mjs (2:17100): A comment
#17 51.18 
#17 51.18 "/*#__PURE__*/"
#17 51.18 
#17 51.18 in "../../node_modules/.pnpm/@privy-io+react-auth@3.8.1_@react-native-async-storage+async-storage@2.2.0_react-native@0.81._2swqv4hh7pfehfb5q3m5dawvam/node_modules/@privy-io/react-auth/dist/esm/CustomLandingScreenView-DZTOg8z4.mjs" contains an annotation that Rollup cannot interpret due to the position of the comment. The comment will be removed to avoid issues.
#17 51.22 ../../node_modules/.pnpm/@privy-io+react-auth@3.8.1_@react-native-async-storage+async-storage@2.2.0_react-native@0.81._2swqv4hh7pfehfb5q3m5dawvam/node_modules/@privy-io/react-auth/dist/esm/CopyToClipboard-DatKc59_.mjs (1:509): A comment
#17 51.22 
#17 51.22 "/*#__PURE__*/"
#17 51.22 
#17 51.22 in "../../node_modules/.pnpm/@privy-io+react-auth@3.8.1_@react-native-async-storage+async-storage@2.2.0_react-native@0.81._2swqv4hh7pfehfb5q3m5dawvam/node_modules/@privy-io/react-auth/dist/esm/CopyToClipboard-DatKc59_.mjs" contains an annotation that Rollup cannot interpret due to the position of the comment. The comment will be removed to avoid issues.
#17 51.22 ../../node_modules/.pnpm/@privy-io+react-auth@3.8.1_@react-native-async-storage+async-storage@2.2.0_react-native@0.81._2swqv4hh7pfehfb5q3m5dawvam/node_modules/@privy-io/react-auth/dist/esm/OpenLink-BpeNYBKs.mjs (1:143): A comment
#17 51.22 
#17 51.22 "/*#__PURE__*/"
#17 51.22 
#17 51.22 in "../../node_modules/.pnpm/@privy-io+react-auth@3.8.1_@react-native-async-storage+async-storage@2.2.0_react-native@0.81._2swqv4hh7pfehfb5q3m5dawvam/node_modules/@privy-io/react-auth/dist/esm/OpenLink-BpeNYBKs.mjs" contains an annotation that Rollup cannot interpret due to the position of the comment. The comment will be removed to avoid issues.
#17 51.23 ../../node_modules/.pnpm/@privy-io+react-auth@3.8.1_@react-native-async-storage+async-storage@2.2.0_react-native@0.81._2swqv4hh7pfehfb5q3m5dawvam/node_modules/@privy-io/react-auth/dist/esm/TodoList-Dn0Qu-vv.mjs (1:563): A comment
#17 51.23 
#17 51.23 "/*#__PURE__*/"
#17 51.23 
#17 51.23 in "../../node_modules/.pnpm/@privy-io+react-auth@3.8.1_@react-native-async-storage+async-storage@2.2.0_react-native@0.81._2swqv4hh7pfehfb5q3m5dawvam/node_modules/@privy-io/react-auth/dist/esm/TodoList-Dn0Qu-vv.mjs" contains an annotation that Rollup cannot interpret due to the position of the comment. The comment will be removed to avoid issues.
#17 51.23 ../../node_modules/.pnpm/@privy-io+react-auth@3.8.1_@react-native-async-storage+async-storage@2.2.0_react-native@0.81._2swqv4hh7pfehfb5q3m5dawvam/node_modules/@privy-io/react-auth/dist/esm/TodoList-Dn0Qu-vv.mjs (2:0): A comment
#17 51.23 
#17 51.23 "/*#__PURE__*/"
#17 51.23 
#17 51.23 in "../../node_modules/.pnpm/@privy-io+react-auth@3.8.1_@react-native-async-storage+async-storage@2.2.0_react-native@0.81._2swqv4hh7pfehfb5q3m5dawvam/node_modules/@privy-io/react-auth/dist/esm/TodoList-Dn0Qu-vv.mjs" contains an annotation that Rollup cannot interpret due to the position of the comment. The comment will be removed to avoid issues.
#17 51.23 ../../node_modules/.pnpm/@privy-io+react-auth@3.8.1_@react-native-async-storage+async-storage@2.2.0_react-native@0.81._2swqv4hh7pfehfb5q3m5dawvam/node_modules/@privy-io/react-auth/dist/esm/TodoList-Dn0Qu-vv.mjs (2:132): A comment
#17 51.23 
#17 51.23 "/*#__PURE__*/"
#17 51.23 
#17 51.23 in "../../node_modules/.pnpm/@privy-io+react-auth@3.8.1_@react-native-async-storage+async-storage@2.2.0_react-native@0.81._2swqv4hh7pfehfb5q3m5dawvam/node_modules/@privy-io/react-auth/dist/esm/TodoList-Dn0Qu-vv.mjs" contains an annotation that Rollup cannot interpret due to the position of the comment. The comment will be removed to avoid issues.
#17 51.23 ../../node_modules/.pnpm/@privy-io+react-auth@3.8.1_@react-native-async-storage+async-storage@2.2.0_react-native@0.81._2swqv4hh7pfehfb5q3m5dawvam/node_modules/@privy-io/react-auth/dist/esm/TodoList-Dn0Qu-vv.mjs (2:204): A comment
#17 51.23 
#17 51.23 "/*#__PURE__*/"
#17 51.23 
#17 51.23 in "../../node_modules/.pnpm/@privy-io+react-auth@3.8.1_@react-native-async-storage+async-storage@2.2.0_react-native@0.81._2swqv4hh7pfehfb5q3m5dawvam/node_modules/@privy-io/react-auth/dist/esm/TodoList-Dn0Qu-vv.mjs" contains an annotation that Rollup cannot interpret due to the position of the comment. The comment will be removed to avoid issues.
#17 51.25 ../../node_modules/.pnpm/@privy-io+react-auth@3.8.1_@react-native-async-storage+async-storage@2.2.0_react-native@0.81._2swqv4hh7pfehfb5q3m5dawvam/node_modules/@privy-io/react-auth/dist/esm/SetWalletPasswordForm-DUTEhc4R.mjs (2:313): A comment
#17 51.25 
#17 51.25 "/*#__PURE__*/"
#17 51.25 
#17 51.25 in "../../node_modules/.pnpm/@privy-io+react-auth@3.8.1_@react-native-async-storage+async-storage@2.2.0_react-native@0.81._2swqv4hh7pfehfb5q3m5dawvam/node_modules/@privy-io/react-auth/dist/esm/SetWalletPasswordForm-DUTEhc4R.mjs" contains an annotation that Rollup cannot interpret due to the position of the comment. The comment will be removed to avoid issues.
#17 51.25 ../../node_modules/.pnpm/@privy-io+react-auth@3.8.1_@react-native-async-storage+async-storage@2.2.0_react-native@0.81._2swqv4hh7pfehfb5q3m5dawvam/node_modules/@privy-io/react-auth/dist/esm/SetWalletPasswordForm-DUTEhc4R.mjs (2:2625): A comment
#17 51.25 
#17 51.25 "/*#__PURE__*/"
#17 51.25 
#17 51.25 in "../../node_modules/.pnpm/@privy-io+react-auth@3.8.1_@react-native-async-storage+async-storage@2.2.0_react-native@0.81._2swqv4hh7pfehfb5q3m5dawvam/node_modules/@privy-io/react-auth/dist/esm/SetWalletPasswordForm-DUTEhc4R.mjs" contains an annotation that Rollup cannot interpret due to the position of the comment. The comment will be removed to avoid issues.
#17 51.25 ../../node_modules/.pnpm/@privy-io+react-auth@3.8.1_@react-native-async-storage+async-storage@2.2.0_react-native@0.81._2swqv4hh7pfehfb5q3m5dawvam/node_modules/@privy-io/react-auth/dist/esm/SetWalletPasswordForm-DUTEhc4R.mjs (2:5035): A comment
#17 51.25 
#17 51.25 "/*#__PURE__*/"
#17 51.25 
#17 51.25 in "../../node_modules/.pnpm/@privy-io+react-auth@3.8.1_@react-native-async-storage+async-storage@2.2.0_react-native@0.81._2swqv4hh7pfehfb5q3m5dawvam/node_modules/@privy-io/react-auth/dist/esm/SetWalletPasswordForm-DUTEhc4R.mjs" contains an annotation that Rollup cannot interpret due to the position of the comment. The comment will be removed to avoid issues.
#17 51.26 ../../node_modules/.pnpm/@privy-io+react-auth@3.8.1_@react-native-async-storage+async-storage@2.2.0_react-native@0.81._2swqv4hh7pfehfb5q3m5dawvam/node_modules/@privy-io/react-auth/dist/esm/PinInput-C3_MNxMt.mjs (1:8071): A comment
#17 51.26 
#17 51.26 "/*#__PURE__*/"
#17 51.26 
#17 51.26 in "../../node_modules/.pnpm/@privy-io+react-auth@3.8.1_@react-native-async-storage+async-storage@2.2.0_react-native@0.81._2swqv4hh7pfehfb5q3m5dawvam/node_modules/@privy-io/react-auth/dist/esm/PinInput-C3_MNxMt.mjs" contains an annotation that Rollup cannot interpret due to the position of the comment. The comment will be removed to avoid issues.
#17 51.27 ../../node_modules/.pnpm/@privy-io+react-auth@3.8.1_@react-native-async-storage+async-storage@2.2.0_react-native@0.81._2swqv4hh7pfehfb5q3m5dawvam/node_modules/@privy-io/react-auth/dist/esm/EnrollTotp-CtNw20-I.mjs (1:3485): A comment
#17 51.27 
#17 51.27 "/*#__PURE__*/"
#17 51.27 
#17 51.27 in "../../node_modules/.pnpm/@privy-io+react-auth@3.8.1_@react-native-async-storage+async-storage@2.2.0_react-native@0.81._2swqv4hh7pfehfb5q3m5dawvam/node_modules/@privy-io/react-auth/dist/esm/EnrollTotp-CtNw20-I.mjs" contains an annotation that Rollup cannot interpret due to the position of the comment. The comment will be removed to avoid issues.
#17 51.27 ../../node_modules/.pnpm/@privy-io+react-auth@3.8.1_@react-native-async-storage+async-storage@2.2.0_react-native@0.81._2swqv4hh7pfehfb5q3m5dawvam/node_modules/@privy-io/react-auth/dist/esm/EnrollTotp-CtNw20-I.mjs (1:18752): A comment
#17 51.27 
#17 51.27 "/*#__PURE__*/"
#17 51.27 
#17 51.27 in "../../node_modules/.pnpm/@privy-io+react-auth@3.8.1_@react-native-async-storage+async-storage@2.2.0_react-native@0.81._2swqv4hh7pfehfb5q3m5dawvam/node_modules/@privy-io/react-auth/dist/esm/EnrollTotp-CtNw20-I.mjs" contains an annotation that Rollup cannot interpret due to the position of the comment. The comment will be removed to avoid issues.
#17 51.27 ../../node_modules/.pnpm/@privy-io+react-auth@3.8.1_@react-native-async-storage+async-storage@2.2.0_react-native@0.81._2swqv4hh7pfehfb5q3m5dawvam/node_modules/@privy-io/react-auth/dist/esm/EnrollTotp-CtNw20-I.mjs (1:21084): A comment
#17 51.27 
#17 51.27 "/*#__PURE__*/"
#17 51.27 
#17 51.27 in "../../node_modules/.pnpm/@privy-io+react-auth@3.8.1_@react-native-async-storage+async-storage@2.2.0_react-native@0.81._2swqv4hh7pfehfb5q3m5dawvam/node_modules/@privy-io/react-auth/dist/esm/EnrollTotp-CtNw20-I.mjs" contains an annotation that Rollup cannot interpret due to the position of the comment. The comment will be removed to avoid issues.
#17 51.27 ../../node_modules/.pnpm/@privy-io+react-auth@3.8.1_@react-native-async-storage+async-storage@2.2.0_react-native@0.81._2swqv4hh7pfehfb5q3m5dawvam/node_modules/@privy-io/react-auth/dist/esm/to-ui-error-B8DSJO-0.mjs (1:2862): A comment
#17 51.27 
#17 51.27 "/*#__PURE__*/"
#17 51.27 
#17 51.27 in "../../node_modules/.pnpm/@privy-io+react-auth@3.8.1_@react-native-async-storage+async-storage@2.2.0_react-native@0.81._2swqv4hh7pfehfb5q3m5dawvam/node_modules/@privy-io/react-auth/dist/esm/to-ui-error-B8DSJO-0.mjs" contains an annotation that Rollup cannot interpret due to the position of the comment. The comment will be removed to avoid issues.
#17 51.27 ../../node_modules/.pnpm/@privy-io+react-auth@3.8.1_@react-native-async-storage+async-storage@2.2.0_react-native@0.81._2swqv4hh7pfehfb5q3m5dawvam/node_modules/@privy-io/react-auth/dist/esm/to-ui-error-B8DSJO-0.mjs (1:4107): A comment
#17 51.27 
#17 51.27 "/*#__PURE__*/"
#17 51.27 
#17 51.27 in "../../node_modules/.pnpm/@privy-io+react-auth@3.8.1_@react-native-async-storage+async-storage@2.2.0_react-native@0.81._2swqv4hh7pfehfb5q3m5dawvam/node_modules/@privy-io/react-auth/dist/esm/to-ui-error-B8DSJO-0.mjs" contains an annotation that Rollup cannot interpret due to the position of the comment. The comment will be removed to avoid issues.
#17 51.27 ../../node_modules/.pnpm/@privy-io+react-auth@3.8.1_@react-native-async-storage+async-storage@2.2.0_react-native@0.81._2swqv4hh7pfehfb5q3m5dawvam/node_modules/@privy-io/react-auth/dist/esm/to-ui-error-B8DSJO-0.mjs (1:4774): A comment
#17 51.27 
#17 51.27 "/*#__PURE__*/"
#17 51.27 
#17 51.27 in "../../node_modules/.pnpm/@privy-io+react-auth@3.8.1_@react-native-async-storage+async-storage@2.2.0_react-native@0.81._2swqv4hh7pfehfb5q3m5dawvam/node_modules/@privy-io/react-auth/dist/esm/to-ui-error-B8DSJO-0.mjs" contains an annotation that Rollup cannot interpret due to the position of the comment. The comment will be removed to avoid issues.
#17 51.28 ../../node_modules/.pnpm/@privy-io+react-auth@3.8.1_@react-native-async-storage+async-storage@2.2.0_react-native@0.81._2swqv4hh7pfehfb5q3m5dawvam/node_modules/@privy-io/react-auth/dist/esm/TransactionDetails-DITlhQNk.mjs (1:1610): A comment
#17 51.28 
#17 51.28 "/*#__PURE__*/"
#17 51.28 
#17 51.28 in "../../node_modules/.pnpm/@privy-io+react-auth@3.8.1_@react-native-async-storage+async-storage@2.2.0_react-native@0.81._2swqv4hh7pfehfb5q3m5dawvam/node_modules/@privy-io/react-auth/dist/esm/TransactionDetails-DITlhQNk.mjs" contains an annotation that Rollup cannot interpret due to the position of the comment. The comment will be removed to avoid issues.
#17 51.28 ../../node_modules/.pnpm/@privy-io+react-auth@3.8.1_@react-native-async-storage+async-storage@2.2.0_react-native@0.81._2swqv4hh7pfehfb5q3m5dawvam/node_modules/@privy-io/react-auth/dist/esm/TransactionDetails-DITlhQNk.mjs (1:2581): A comment
#17 51.28 
#17 51.28 "/*#__PURE__*/"
#17 51.28 
#17 51.28 in "../../node_modules/.pnpm/@privy-io+react-auth@3.8.1_@react-native-async-storage+async-storage@2.2.0_react-native@0.81._2swqv4hh7pfehfb5q3m5dawvam/node_modules/@privy-io/react-auth/dist/esm/TransactionDetails-DITlhQNk.mjs" contains an annotation that Rollup cannot interpret due to the position of the comment. The comment will be removed to avoid issues.
#17 51.28 ../../node_modules/.pnpm/@privy-io+react-auth@3.8.1_@react-native-async-storage+async-storage@2.2.0_react-native@0.81._2swqv4hh7pfehfb5q3m5dawvam/node_modules/@privy-io/react-auth/dist/esm/TransactionDetails-DITlhQNk.mjs (1:2786): A comment
#17 51.28 
#17 51.28 "/*#__PURE__*/"
#17 51.28 
#17 51.28 in "../../node_modules/.pnpm/@privy-io+react-auth@3.8.1_@react-native-async-storage+async-storage@2.2.0_react-native@0.81._2swqv4hh7pfehfb5q3m5dawvam/node_modules/@privy-io/react-auth/dist/esm/TransactionDetails-DITlhQNk.mjs" contains an annotation that Rollup cannot interpret due to the position of the comment. The comment will be removed to avoid issues.
#17 51.29 ../../node_modules/.pnpm/@privy-io+react-auth@3.8.1_@react-native-async-storage+async-storage@2.2.0_react-native@0.81._2swqv4hh7pfehfb5q3m5dawvam/node_modules/@privy-io/react-auth/dist/esm/TransactionDetails-DITlhQNk.mjs (1:3022): A comment
#17 51.29 
#17 51.29 "/*#__PURE__*/"
#17 51.29 
#17 51.29 in "../../node_modules/.pnpm/@privy-io+react-auth@3.8.1_@react-native-async-storage+async-storage@2.2.0_react-native@0.81._2swqv4hh7pfehfb5q3m5dawvam/node_modules/@privy-io/react-auth/dist/esm/TransactionDetails-DITlhQNk.mjs" contains an annotation that Rollup cannot interpret due to the position of the comment. The comment will be removed to avoid issues.
#17 51.29 ../../node_modules/.pnpm/@privy-io+react-auth@3.8.1_@react-native-async-storage+async-storage@2.2.0_react-native@0.81._2swqv4hh7pfehfb5q3m5dawvam/node_modules/@privy-io/react-auth/dist/esm/TransactionDetails-DITlhQNk.mjs (2:317): A comment
#17 51.29 
#17 51.29 "/*#__PURE__*/"
#17 51.29 
#17 51.29 in "../../node_modules/.pnpm/@privy-io+react-auth@3.8.1_@react-native-async-storage+async-storage@2.2.0_react-native@0.81._2swqv4hh7pfehfb5q3m5dawvam/node_modules/@privy-io/react-auth/dist/esm/TransactionDetails-DITlhQNk.mjs" contains an annotation that Rollup cannot interpret due to the position of the comment. The comment will be removed to avoid issues.
#17 51.29 ../../node_modules/.pnpm/@privy-io+react-auth@3.8.1_@react-native-async-storage+async-storage@2.2.0_react-native@0.81._2swqv4hh7pfehfb5q3m5dawvam/node_modules/@privy-io/react-auth/dist/esm/TransactionDetails-DITlhQNk.mjs (2:469): A comment
#17 51.29 
#17 51.29 "/*#__PURE__*/"
#17 51.29 
#17 51.29 in "../../node_modules/.pnpm/@privy-io+react-auth@3.8.1_@react-native-async-storage+async-storage@2.2.0_react-native@0.81._2swqv4hh7pfehfb5q3m5dawvam/node_modules/@privy-io/react-auth/dist/esm/TransactionDetails-DITlhQNk.mjs" contains an annotation that Rollup cannot interpret due to the position of the comment. The comment will be removed to avoid issues.
#17 51.29 ../../node_modules/.pnpm/@privy-io+react-auth@3.8.1_@react-native-async-storage+async-storage@2.2.0_react-native@0.81._2swqv4hh7pfehfb5q3m5dawvam/node_modules/@privy-io/react-auth/dist/esm/TransactionDetails-DITlhQNk.mjs (2:2297): A comment
#17 51.29 
#17 51.29 "/*#__PURE__*/"
#17 51.29 
#17 51.29 in "../../node_modules/.pnpm/@privy-io+react-auth@3.8.1_@react-native-async-storage+async-storage@2.2.0_react-native@0.81._2swqv4hh7pfehfb5q3m5dawvam/node_modules/@privy-io/react-auth/dist/esm/TransactionDetails-DITlhQNk.mjs" contains an annotation that Rollup cannot interpret due to the position of the comment. The comment will be removed to avoid issues.
#17 51.29 ../../node_modules/.pnpm/@privy-io+react-auth@3.8.1_@react-native-async-storage+async-storage@2.2.0_react-native@0.81._2swqv4hh7pfehfb5q3m5dawvam/node_modules/@privy-io/react-auth/dist/esm/WalletLink-D2x4SkPO.mjs (1:456): A comment
#17 51.29 
#17 51.29 "/*#__PURE__*/"
#17 51.29 
#17 51.29 in "../../node_modules/.pnpm/@privy-io+react-auth@3.8.1_@react-native-async-storage+async-storage@2.2.0_react-native@0.81._2swqv4hh7pfehfb5q3m5dawvam/node_modules/@privy-io/react-auth/dist/esm/WalletLink-D2x4SkPO.mjs" contains an annotation that Rollup cannot interpret due to the position of the comment. The comment will be removed to avoid issues.
#17 51.29 ../../node_modules/.pnpm/@privy-io+react-auth@3.8.1_@react-native-async-storage+async-storage@2.2.0_react-native@0.81._2swqv4hh7pfehfb5q3m5dawvam/node_modules/@privy-io/react-auth/dist/esm/WalletLink-D2x4SkPO.mjs (1:587): A comment
#17 51.29 
#17 51.29 "/*#__PURE__*/"
#17 51.29 
#17 51.29 in "../../node_modules/.pnpm/@privy-io+react-auth@3.8.1_@react-native-async-storage+async-storage@2.2.0_react-native@0.81._2swqv4hh7pfehfb5q3m5dawvam/node_modules/@privy-io/react-auth/dist/esm/WalletLink-D2x4SkPO.mjs" contains an annotation that Rollup cannot interpret due to the position of the comment. The comment will be removed to avoid issues.
#17 51.29 ../../node_modules/.pnpm/@privy-io+react-auth@3.8.1_@react-native-async-storage+async-storage@2.2.0_react-native@0.81._2swqv4hh7pfehfb5q3m5dawvam/node_modules/@privy-io/react-auth/dist/esm/WalletLink-D2x4SkPO.mjs (2:263): A comment
#17 51.29 
#17 51.29 "/*#__PURE__*/"
#17 51.29 
#17 51.29 in "../../node_modules/.pnpm/@privy-io+react-auth@3.8.1_@react-native-async-storage+async-storage@2.2.0_react-native@0.81._2swqv4hh7pfehfb5q3m5dawvam/node_modules/@privy-io/react-auth/dist/esm/WalletLink-D2x4SkPO.mjs" contains an annotation that Rollup cannot interpret due to the position of the comment. The comment will be removed to avoid issues.
#17 51.29 ../../node_modules/.pnpm/@privy-io+react-auth@3.8.1_@react-native-async-storage+async-storage@2.2.0_react-native@0.81._2swqv4hh7pfehfb5q3m5dawvam/node_modules/@privy-io/react-auth/dist/esm/JsonTree-Bvd2C29R.mjs (1:346): A comment
#17 51.29 
#17 51.29 "/*#__PURE__*/"
#17 51.29 
#17 51.29 in "../../node_modules/.pnpm/@privy-io+react-auth@3.8.1_@react-native-async-storage+async-storage@2.2.0_react-native@0.81._2swqv4hh7pfehfb5q3m5dawvam/node_modules/@privy-io/react-auth/dist/esm/JsonTree-Bvd2C29R.mjs" contains an annotation that Rollup cannot interpret due to the position of the comment. The comment will be removed to avoid issues.
#17 51.30 ../../node_modules/.pnpm/@privy-io+react-auth@3.8.1_@react-native-async-storage+async-storage@2.2.0_react-native@0.81._2swqv4hh7pfehfb5q3m5dawvam/node_modules/@privy-io/react-auth/dist/esm/TransactionErrorView-DmFbjQHi.mjs (1:1721): A comment
#17 51.30 
#17 51.30 "/*#__PURE__*/"
#17 51.30 
#17 51.30 in "../../node_modules/.pnpm/@privy-io+react-auth@3.8.1_@react-native-async-storage+async-storage@2.2.0_react-native@0.81._2swqv4hh7pfehfb5q3m5dawvam/node_modules/@privy-io/react-auth/dist/esm/TransactionErrorView-DmFbjQHi.mjs" contains an annotation that Rollup cannot interpret due to the position of the comment. The comment will be removed to avoid issues.
#17 51.30 ../../node_modules/.pnpm/@privy-io+react-auth@3.8.1_@react-native-async-storage+async-storage@2.2.0_react-native@0.81._2swqv4hh7pfehfb5q3m5dawvam/node_modules/@privy-io/react-auth/dist/esm/TransactionErrorView-DmFbjQHi.mjs (1:2105): A comment
#17 51.30 
#17 51.30 "/*#__PURE__*/"
#17 51.30 
#17 51.30 in "../../node_modules/.pnpm/@privy-io+react-auth@3.8.1_@react-native-async-storage+async-storage@2.2.0_react-native@0.81._2swqv4hh7pfehfb5q3m5dawvam/node_modules/@privy-io/react-auth/dist/esm/TransactionErrorView-DmFbjQHi.mjs" contains an annotation that Rollup cannot interpret due to the position of the comment. The comment will be removed to avoid issues.
#17 51.31 ../../node_modules/.pnpm/@privy-io+react-auth@3.8.1_@react-native-async-storage+async-storage@2.2.0_react-native@0.81._2swqv4hh7pfehfb5q3m5dawvam/node_modules/@privy-io/react-auth/dist/esm/TransactionErrorView-DmFbjQHi.mjs (1:3128): A comment
#17 51.31 
#17 51.31 "/*#__PURE__*/"
#17 51.31 
#17 51.31 in "../../node_modules/.pnpm/@privy-io+react-auth@3.8.1_@react-native-async-storage+async-storage@2.2.0_react-native@0.81._2swqv4hh7pfehfb5q3m5dawvam/node_modules/@privy-io/react-auth/dist/esm/TransactionErrorView-DmFbjQHi.mjs" contains an annotation that Rollup cannot interpret due to the position of the comment. The comment will be removed to avoid issues.
#17 51.31 ../../node_modules/.pnpm/@privy-io+react-auth@3.8.1_@react-native-async-storage+async-storage@2.2.0_react-native@0.81._2swqv4hh7pfehfb5q3m5dawvam/node_modules/@privy-io/react-auth/dist/esm/TransactionErrorView-DmFbjQHi.mjs (1:7925): A comment
#17 51.31 
#17 51.31 "/*#__PURE__*/"
#17 51.31 
#17 51.31 in "../../node_modules/.pnpm/@privy-io+react-auth@3.8.1_@react-native-async-storage+async-storage@2.2.0_react-native@0.81._2swqv4hh7pfehfb5q3m5dawvam/node_modules/@privy-io/react-auth/dist/esm/TransactionErrorView-DmFbjQHi.mjs" contains an annotation that Rollup cannot interpret due to the position of the comment. The comment will be removed to avoid issues.
#17 51.31 ../../node_modules/.pnpm/@privy-io+react-auth@3.8.1_@react-native-async-storage+async-storage@2.2.0_react-native@0.81._2swqv4hh7pfehfb5q3m5dawvam/node_modules/@privy-io/react-auth/dist/esm/TransactionErrorView-DmFbjQHi.mjs (2:877): A comment
#17 51.31 
#17 51.31 "/*#__PURE__*/"
#17 51.31 
#17 51.31 in "../../node_modules/.pnpm/@privy-io+react-auth@3.8.1_@react-native-async-storage+async-storage@2.2.0_react-native@0.81._2swqv4hh7pfehfb5q3m5dawvam/node_modules/@privy-io/react-auth/dist/esm/TransactionErrorView-DmFbjQHi.mjs" contains an annotation that Rollup cannot interpret due to the position of the comment. The comment will be removed to avoid issues.
#17 51.31 ../../node_modules/.pnpm/@privy-io+react-auth@3.8.1_@react-native-async-storage+async-storage@2.2.0_react-native@0.81._2swqv4hh7pfehfb5q3m5dawvam/node_modules/@privy-io/react-auth/dist/esm/TransactionErrorView-DmFbjQHi.mjs (2:11396): A comment
#17 51.31 
#17 51.31 "/*#__PURE__*/"
#17 51.31 
#17 51.31 in "../../node_modules/.pnpm/@privy-io+react-auth@3.8.1_@react-native-async-storage+async-storage@2.2.0_react-native@0.81._2swqv4hh7pfehfb5q3m5dawvam/node_modules/@privy-io/react-auth/dist/esm/TransactionErrorView-DmFbjQHi.mjs" contains an annotation that Rollup cannot interpret due to the position of the comment. The comment will be removed to avoid issues.
#17 51.42 ../../node_modules/.pnpm/@privy-io+react-auth@3.8.1_@react-native-async-storage+async-storage@2.2.0_react-native@0.81._erejg4ast5j5xivknppng7u6xq/node_modules/@privy-io/react-auth/dist/esm/ScreenLayout-pthdsODa.mjs (1:323): A comment
#17 51.42 
#17 51.42 "/*#__PURE__*/"
#17 51.42 
#17 51.42 in "../../node_modules/.pnpm/@privy-io+react-auth@3.8.1_@react-native-async-storage+async-storage@2.2.0_react-native@0.81._erejg4ast5j5xivknppng7u6xq/node_modules/@privy-io/react-auth/dist/esm/ScreenLayout-pthdsODa.mjs" contains an annotation that Rollup cannot interpret due to the position of the comment. The comment will be removed to avoid issues.
#17 51.42 ../../node_modules/.pnpm/@privy-io+react-auth@3.8.1_@react-native-async-storage+async-storage@2.2.0_react-native@0.81._erejg4ast5j5xivknppng7u6xq/node_modules/@privy-io/react-auth/dist/esm/ScreenLayout-pthdsODa.mjs (1:466): A comment
#17 51.42 
#17 51.42 "/*#__PURE__*/"
#17 51.42 
#17 51.42 in "../../node_modules/.pnpm/@privy-io+react-auth@3.8.1_@react-native-async-storage+async-storage@2.2.0_react-native@0.81._erejg4ast5j5xivknppng7u6xq/node_modules/@privy-io/react-auth/dist/esm/ScreenLayout-pthdsODa.mjs" contains an annotation that Rollup cannot interpret due to the position of the comment. The comment will be removed to avoid issues.
#17 51.42 ../../node_modules/.pnpm/@privy-io+react-auth@3.8.1_@react-native-async-storage+async-storage@2.2.0_react-native@0.81._erejg4ast5j5xivknppng7u6xq/node_modules/@privy-io/react-auth/dist/esm/ScreenLayout-pthdsODa.mjs (1:563): A comment
#17 51.42 
#17 51.42 "/*#__PURE__*/"
#17 51.42 
#17 51.42 in "../../node_modules/.pnpm/@privy-io+react-auth@3.8.1_@react-native-async-storage+async-storage@2.2.0_react-native@0.81._erejg4ast5j5xivknppng7u6xq/node_modules/@privy-io/react-auth/dist/esm/ScreenLayout-pthdsODa.mjs" contains an annotation that Rollup cannot interpret due to the position of the comment. The comment will be removed to avoid issues.
#17 51.42 ../../node_modules/.pnpm/@privy-io+react-auth@3.8.1_@react-native-async-storage+async-storage@2.2.0_react-native@0.81._erejg4ast5j5xivknppng7u6xq/node_modules/@privy-io/react-auth/dist/esm/ModalHeader-CxHK1IKF.mjs (1:429): A comment
#17 51.42 
#17 51.42 "/*#__PURE__*/"
#17 51.42 
#17 51.42 in "../../node_modules/.pnpm/@privy-io+react-auth@3.8.1_@react-native-async-storage+async-storage@2.2.0_react-native@0.81._erejg4ast5j5xivknppng7u6xq/node_modules/@privy-io/react-auth/dist/esm/ModalHeader-CxHK1IKF.mjs" contains an annotation that Rollup cannot interpret due to the position of the comment. The comment will be removed to avoid issues.
#17 51.42 ../../node_modules/.pnpm/@privy-io+react-auth@3.8.1_@react-native-async-storage+async-storage@2.2.0_react-native@0.81._erejg4ast5j5xivknppng7u6xq/node_modules/@privy-io/react-auth/dist/esm/ModalHeader-CxHK1IKF.mjs (3:297): A comment
#17 51.42 
#17 51.42 "/*#__PURE__*/"
#17 51.42 
#17 51.42 in "../../node_modules/.pnpm/@privy-io+react-auth@3.8.1_@react-native-async-storage+async-storage@2.2.0_react-native@0.81._erejg4ast5j5xivknppng7u6xq/node_modules/@privy-io/react-auth/dist/esm/ModalHeader-CxHK1IKF.mjs" contains an annotation that Rollup cannot interpret due to the position of the comment. The comment will be removed to avoid issues.
#17 51.42 ../../node_modules/.pnpm/@privy-io+react-auth@3.8.1_@react-native-async-storage+async-storage@2.2.0_react-native@0.81._erejg4ast5j5xivknppng7u6xq/node_modules/@privy-io/react-auth/dist/esm/ModalHeader-CxHK1IKF.mjs (3:1591): A comment
#17 51.42 
#17 51.42 "/*#__PURE__*/"
#17 51.42 
#17 51.42 in "../../node_modules/.pnpm/@privy-io+react-auth@3.8.1_@react-native-async-storage+async-storage@2.2.0_react-native@0.81._erejg4ast5j5xivknppng7u6xq/node_modules/@privy-io/react-auth/dist/esm/ModalHeader-CxHK1IKF.mjs" contains an annotation that Rollup cannot interpret due to the position of the comment. The comment will be removed to avoid issues.
#17 51.43 ../../node_modules/.pnpm/@privy-io+react-auth@3.8.1_@react-native-async-storage+async-storage@2.2.0_react-native@0.81._erejg4ast5j5xivknppng7u6xq/node_modules/@privy-io/react-auth/dist/esm/Button-OlK_6fKk.mjs (1:265): A comment
#17 51.43 
#17 51.43 "/*#__PURE__*/"
#17 51.43 
#17 51.43 in "../../node_modules/.pnpm/@privy-io+react-auth@3.8.1_@react-native-async-storage+async-storage@2.2.0_react-native@0.81._erejg4ast5j5xivknppng7u6xq/node_modules/@privy-io/react-auth/dist/esm/Button-OlK_6fKk.mjs" contains an annotation that Rollup cannot interpret due to the position of the comment. The comment will be removed to avoid issues.
#17 51.43 ../../node_modules/.pnpm/@privy-io+react-auth@3.8.1_@react-native-async-storage+async-storage@2.2.0_react-native@0.81._erejg4ast5j5xivknppng7u6xq/node_modules/@privy-io/react-auth/dist/esm/Button-OlK_6fKk.mjs (1:327): A comment
#17 51.43 
#17 51.43 "/*#__PURE__*/"
#17 51.43 
#17 51.43 in "../../node_modules/.pnpm/@privy-io+react-auth@3.8.1_@react-native-async-storage+async-storage@2.2.0_react-native@0.81._erejg4ast5j5xivknppng7u6xq/node_modules/@privy-io/react-auth/dist/esm/Button-OlK_6fKk.mjs" contains an annotation that Rollup cannot interpret due to the position of the comment. The comment will be removed to avoid issues.
#17 51.43 ../../node_modules/.pnpm/@privy-io+react-auth@3.8.1_@react-native-async-storage+async-storage@2.2.0_react-native@0.81._erejg4ast5j5xivknppng7u6xq/node_modules/@privy-io/react-auth/dist/esm/Button-OlK_6fKk.mjs (1:398): A comment
#17 51.43 
#17 51.43 "/*#__PURE__*/"
#17 51.43 
#17 51.43 in "../../node_modules/.pnpm/@privy-io+react-auth@3.8.1_@react-native-async-storage+async-storage@2.2.0_react-native@0.81._erejg4ast5j5xivknppng7u6xq/node_modules/@privy-io/react-auth/dist/esm/Button-OlK_6fKk.mjs" contains an annotation that Rollup cannot interpret due to the position of the comment. The comment will be removed to avoid issues.
#17 51.43 ../../node_modules/.pnpm/@privy-io+react-auth@3.8.1_@react-native-async-storage+async-storage@2.2.0_react-native@0.81._erejg4ast5j5xivknppng7u6xq/node_modules/@privy-io/react-auth/dist/esm/Button-OlK_6fKk.mjs (1:456): A comment
#17 51.43 
#17 51.43 "/*#__PURE__*/"
#17 51.43 
#17 51.43 in "../../node_modules/.pnpm/@privy-io+react-auth@3.8.1_@react-native-async-storage+async-storage@2.2.0_react-native@0.81._erejg4ast5j5xivknppng7u6xq/node_modules/@privy-io/react-auth/dist/esm/Button-OlK_6fKk.mjs" contains an annotation that Rollup cannot interpret due to the position of the comment. The comment will be removed to avoid issues.
#17 51.43 ../../node_modules/.pnpm/@privy-io+react-auth@3.8.1_@react-native-async-storage+async-storage@2.2.0_react-native@0.81._erejg4ast5j5xivknppng7u6xq/node_modules/@privy-io/react-auth/dist/esm/Button-OlK_6fKk.mjs (1:1145): A comment
#17 51.43 
#17 51.43 "/*#__PURE__*/"
#17 51.43 
#17 51.43 in "../../node_modules/.pnpm/@privy-io+react-auth@3.8.1_@react-native-async-storage+async-storage@2.2.0_react-native@0.81._erejg4ast5j5xivknppng7u6xq/node_modules/@privy-io/react-auth/dist/esm/Button-OlK_6fKk.mjs" contains an annotation that Rollup cannot interpret due to the position of the comment. The comment will be removed to avoid issues.
#17 51.43 ../../node_modules/.pnpm/@privy-io+react-auth@3.8.1_@react-native-async-storage+async-storage@2.2.0_react-native@0.81._erejg4ast5j5xivknppng7u6xq/node_modules/@privy-io/react-auth/dist/esm/Button-OlK_6fKk.mjs (1:3428): A comment
#17 51.43 
#17 51.43 "/*#__PURE__*/"
#17 51.43 
#17 51.43 in "../../node_modules/.pnpm/@privy-io+react-auth@3.8.1_@react-native-async-storage+async-storage@2.2.0_react-native@0.81._erejg4ast5j5xivknppng7u6xq/node_modules/@privy-io/react-auth/dist/esm/Button-OlK_6fKk.mjs" contains an annotation that Rollup cannot interpret due to the position of the comment. The comment will be removed to avoid issues.
#17 51.43 ../../node_modules/.pnpm/@privy-io+react-auth@3.8.1_@react-native-async-storage+async-storage@2.2.0_react-native@0.81._erejg4ast5j5xivknppng7u6xq/node_modules/@privy-io/react-auth/dist/esm/Button-OlK_6fKk.mjs (1:3823): A comment
#17 51.43 
#17 51.43 "/*#__PURE__*/"
#17 51.43 
#17 51.43 in "../../node_modules/.pnpm/@privy-io+react-auth@3.8.1_@react-native-async-storage+async-storage@2.2.0_react-native@0.81._erejg4ast5j5xivknppng7u6xq/node_modules/@privy-io/react-auth/dist/esm/Button-OlK_6fKk.mjs" contains an annotation that Rollup cannot interpret due to the position of the comment. The comment will be removed to avoid issues.
#17 51.47 ../../node_modules/.pnpm/@privy-io+react-auth@3.8.1_@react-native-async-storage+async-storage@2.2.0_react-native@0.81._erejg4ast5j5xivknppng7u6xq/node_modules/@privy-io/react-auth/dist/esm/FundWalletMethodHeader-RY6-H-Ry.mjs (1:239): A comment
#17 51.47 
#17 51.47 "/*#__PURE__*/"
#17 51.47 
#17 51.47 in "../../node_modules/.pnpm/@privy-io+react-auth@3.8.1_@react-native-async-storage+async-storage@2.2.0_react-native@0.81._erejg4ast5j5xivknppng7u6xq/node_modules/@privy-io/react-auth/dist/esm/FundWalletMethodHeader-RY6-H-Ry.mjs" contains an annotation that Rollup cannot interpret due to the position of the comment. The comment will be removed to avoid issues.
#17 51.47 ../../node_modules/.pnpm/@privy-io+react-auth@3.8.1_@react-native-async-storage+async-storage@2.2.0_react-native@0.81._erejg4ast5j5xivknppng7u6xq/node_modules/@privy-io/react-auth/dist/esm/QrCode-BI2LxLLg.mjs (2:688): A comment
#17 51.47 
#17 51.47 "/*#__PURE__*/"
#17 51.47 
#17 51.47 in "../../node_modules/.pnpm/@privy-io+react-auth@3.8.1_@react-native-async-storage+async-storage@2.2.0_react-native@0.81._erejg4ast5j5xivknppng7u6xq/node_modules/@privy-io/react-auth/dist/esm/QrCode-BI2LxLLg.mjs" contains an annotation that Rollup cannot interpret due to the position of the comment. The comment will be removed to avoid issues.
#17 51.47 ../../node_modules/.pnpm/@privy-io+react-auth@3.8.1_@react-native-async-storage+async-storage@2.2.0_react-native@0.81._erejg4ast5j5xivknppng7u6xq/node_modules/@privy-io/react-auth/dist/esm/QrCode-BI2LxLLg.mjs (2:827): A comment
#17 51.47 
#17 51.47 "/*#__PURE__*/"
#17 51.47 
#17 51.47 in "../../node_modules/.pnpm/@privy-io+react-auth@3.8.1_@react-native-async-storage+async-storage@2.2.0_react-native@0.81._erejg4ast5j5xivknppng7u6xq/node_modules/@privy-io/react-auth/dist/esm/QrCode-BI2LxLLg.mjs" contains an annotation that Rollup cannot interpret due to the position of the comment. The comment will be removed to avoid issues.
#17 51.47 ../../node_modules/.pnpm/@privy-io+react-auth@3.8.1_@react-native-async-storage+async-storage@2.2.0_react-native@0.81._erejg4ast5j5xivknppng7u6xq/node_modules/@privy-io/react-auth/dist/esm/QrCode-BI2LxLLg.mjs (2:1087): A comment
#17 51.47 
#17 51.47 "/*#__PURE__*/"
#17 51.47 
#17 51.47 in "../../node_modules/.pnpm/@privy-io+react-auth@3.8.1_@react-native-async-storage+async-storage@2.2.0_react-native@0.81._erejg4ast5j5xivknppng7u6xq/node_modules/@privy-io/react-auth/dist/esm/QrCode-BI2LxLLg.mjs" contains an annotation that Rollup cannot interpret due to the position of the comment. The comment will be removed to avoid issues.
#17 51.47 ../../node_modules/.pnpm/@privy-io+react-auth@3.8.1_@react-native-async-storage+async-storage@2.2.0_react-native@0.81._erejg4ast5j5xivknppng7u6xq/node_modules/@privy-io/react-auth/dist/esm/QrCode-BI2LxLLg.mjs (2:2031): A comment
#17 51.47 
#17 51.47 "/*#__PURE__*/"
#17 51.47 
#17 51.47 in "../../node_modules/.pnpm/@privy-io+react-auth@3.8.1_@react-native-async-storage+async-storage@2.2.0_react-native@0.81._erejg4ast5j5xivknppng7u6xq/node_modules/@privy-io/react-auth/dist/esm/QrCode-BI2LxLLg.mjs" contains an annotation that Rollup cannot interpret due to the position of the comment. The comment will be removed to avoid issues.
#17 51.48 ../../node_modules/.pnpm/@privy-io+react-auth@3.8.1_@react-native-async-storage+async-storage@2.2.0_react-native@0.81._erejg4ast5j5xivknppng7u6xq/node_modules/@privy-io/react-auth/dist/esm/ConnectWalletView-tpdAD3K7.mjs (1:1806): A comment
#17 51.48 
#17 51.48 "/*#__PURE__*/"
#17 51.48 
#17 51.48 in "../../node_modules/.pnpm/@privy-io+react-auth@3.8.1_@react-native-async-storage+async-storage@2.2.0_react-native@0.81._erejg4ast5j5xivknppng7u6xq/node_modules/@privy-io/react-auth/dist/esm/ConnectWalletView-tpdAD3K7.mjs" contains an annotation that Rollup cannot interpret due to the position of the comment. The comment will be removed to avoid issues.
#17 51.49 ../../node_modules/.pnpm/@privy-io+react-auth@3.8.1_@react-native-async-storage+async-storage@2.2.0_react-native@0.81._erejg4ast5j5xivknppng7u6xq/node_modules/@privy-io/react-auth/dist/esm/BridgeNetworkSelectionView-DXjTVIcQ.mjs (1:4464): A comment
#17 51.49 
#17 51.49 "/*#__PURE__*/"
#17 51.49 
#17 51.49 in "../../node_modules/.pnpm/@privy-io+react-auth@3.8.1_@react-native-async-storage+async-storage@2.2.0_react-native@0.81._erejg4ast5j5xivknppng7u6xq/node_modules/@privy-io/react-auth/dist/esm/BridgeNetworkSelectionView-DXjTVIcQ.mjs" contains an annotation that Rollup cannot interpret due to the position of the comment. The comment will be removed to avoid issues.
#17 51.50 ../../node_modules/.pnpm/@privy-io+react-auth@3.8.1_@react-native-async-storage+async-storage@2.2.0_react-native@0.81._erejg4ast5j5xivknppng7u6xq/node_modules/@privy-io/react-auth/dist/esm/TransferOrBridgeLoadingScreen-CFRKffkj.mjs (1:846): A comment
#17 51.50 
#17 51.50 "/*#__PURE__*/"
#17 51.50 
#17 51.50 in "../../node_modules/.pnpm/@privy-io+react-auth@3.8.1_@react-native-async-storage+async-storage@2.2.0_react-native@0.81._erejg4ast5j5xivknppng7u6xq/node_modules/@privy-io/react-auth/dist/esm/TransferOrBridgeLoadingScreen-CFRKffkj.mjs" contains an annotation that Rollup cannot interpret due to the position of the comment. The comment will be removed to avoid issues.
#17 51.50 ../../node_modules/.pnpm/@privy-io+react-auth@3.8.1_@react-native-async-storage+async-storage@2.2.0_react-native@0.81._erejg4ast5j5xivknppng7u6xq/node_modules/@privy-io/react-auth/dist/esm/Chip-Bsgj4Yc-.mjs (1:919): A comment
#17 51.50 
#17 51.50 "/*#__PURE__*/"
#17 51.50 
#17 51.50 in "../../node_modules/.pnpm/@privy-io+react-auth@3.8.1_@react-native-async-storage+async-storage@2.2.0_react-native@0.81._erejg4ast5j5xivknppng7u6xq/node_modules/@privy-io/react-auth/dist/esm/Chip-Bsgj4Yc-.mjs" contains an annotation that Rollup cannot interpret due to the position of the comment. The comment will be removed to avoid issues.
#17 51.50 ../../node_modules/.pnpm/@privy-io+react-auth@3.8.1_@react-native-async-storage+async-storage@2.2.0_react-native@0.81._erejg4ast5j5xivknppng7u6xq/node_modules/@privy-io/react-auth/dist/esm/NetworkIcon-B48ilzF8.mjs (1:12201): A comment
#17 51.50 
#17 51.50 "/*#__PURE__*/"
#17 51.50 
#17 51.50 in "../../node_modules/.pnpm/@privy-io+react-auth@3.8.1_@react-native-async-storage+async-storage@2.2.0_react-native@0.81._erejg4ast5j5xivknppng7u6xq/node_modules/@privy-io/react-auth/dist/esm/NetworkIcon-B48ilzF8.mjs" contains an annotation that Rollup cannot interpret due to the position of the comment. The comment will be removed to avoid issues.
#17 51.50 ../../node_modules/.pnpm/@privy-io+react-auth@3.8.1_@react-native-async-storage+async-storage@2.2.0_react-native@0.81._erejg4ast5j5xivknppng7u6xq/node_modules/@privy-io/react-auth/dist/esm/NetworkIcon-B48ilzF8.mjs (1:12244): A comment
#17 51.50 
#17 51.50 "/*#__PURE__*/"
#17 51.50 
#17 51.50 in "../../node_modules/.pnpm/@privy-io+react-auth@3.8.1_@react-native-async-storage+async-storage@2.2.0_react-native@0.81._erejg4ast5j5xivknppng7u6xq/node_modules/@privy-io/react-auth/dist/esm/NetworkIcon-B48ilzF8.mjs" contains an annotation that Rollup cannot interpret due to the position of the comment. The comment will be removed to avoid issues.
#17 51.51 ../../node_modules/.pnpm/@privy-io+react-auth@3.8.1_@react-native-async-storage+async-storage@2.2.0_react-native@0.81._erejg4ast5j5xivknppng7u6xq/node_modules/@privy-io/react-auth/dist/esm/CustomLandingScreenView-DZTOg8z4.mjs (2:499): A comment
#17 51.51 
#17 51.51 "/*#__PURE__*/"
#17 51.51 
#17 51.51 in "../../node_modules/.pnpm/@privy-io+react-auth@3.8.1_@react-native-async-storage+async-storage@2.2.0_react-native@0.81._erejg4ast5j5xivknppng7u6xq/node_modules/@privy-io/react-auth/dist/esm/CustomLandingScreenView-DZTOg8z4.mjs" contains an annotation that Rollup cannot interpret due to the position of the comment. The comment will be removed to avoid issues.
#17 51.51 ../../node_modules/.pnpm/@privy-io+react-auth@3.8.1_@react-native-async-storage+async-storage@2.2.0_react-native@0.81._erejg4ast5j5xivknppng7u6xq/node_modules/@privy-io/react-auth/dist/esm/CustomLandingScreenView-DZTOg8z4.mjs (2:965): A comment
#17 51.51 
#17 51.51 "/*#__PURE__*/"
#17 51.51 
#17 51.51 in "../../node_modules/.pnpm/@privy-io+react-auth@3.8.1_@react-native-async-storage+async-storage@2.2.0_react-native@0.81._erejg4ast5j5xivknppng7u6xq/node_modules/@privy-io/react-auth/dist/esm/CustomLandingScreenView-DZTOg8z4.mjs" contains an annotation that Rollup cannot interpret due to the position of the comment. The comment will be removed to avoid issues.
#17 51.51 ../../node_modules/.pnpm/@privy-io+react-auth@3.8.1_@react-native-async-storage+async-storage@2.2.0_react-native@0.81._erejg4ast5j5xivknppng7u6xq/node_modules/@privy-io/react-auth/dist/esm/CustomLandingScreenView-DZTOg8z4.mjs (2:4921): A comment
#17 51.51 
#17 51.51 "/*#__PURE__*/"
#17 51.51 
#17 51.51 in "../../node_modules/.pnpm/@privy-io+react-auth@3.8.1_@react-native-async-storage+async-storage@2.2.0_react-native@0.81._erejg4ast5j5xivknppng7u6xq/node_modules/@privy-io/react-auth/dist/esm/CustomLandingScreenView-DZTOg8z4.mjs" contains an annotation that Rollup cannot interpret due to the position of the comment. The comment will be removed to avoid issues.
#17 51.51 ../../node_modules/.pnpm/@privy-io+react-auth@3.8.1_@react-native-async-storage+async-storage@2.2.0_react-native@0.81._erejg4ast5j5xivknppng7u6xq/node_modules/@privy-io/react-auth/dist/esm/CustomLandingScreenView-DZTOg8z4.mjs (2:6737): A comment
#17 51.51 
#17 51.51 "/*#__PURE__*/"
#17 51.51 
#17 51.51 in "../../node_modules/.pnpm/@privy-io+react-auth@3.8.1_@react-native-async-storage+async-storage@2.2.0_react-native@0.81._erejg4ast5j5xivknppng7u6xq/node_modules/@privy-io/react-auth/dist/esm/CustomLandingScreenView-DZTOg8z4.mjs" contains an annotation that Rollup cannot interpret due to the position of the comment. The comment will be removed to avoid issues.
#17 51.51 ../../node_modules/.pnpm/@privy-io+react-auth@3.8.1_@react-native-async-storage+async-storage@2.2.0_react-native@0.81._erejg4ast5j5xivknppng7u6xq/node_modules/@privy-io/react-auth/dist/esm/CustomLandingScreenView-DZTOg8z4.mjs (2:7635): A comment
#17 51.51 
#17 51.51 "/*#__PURE__*/"
#17 51.51 
#17 51.51 in "../../node_modules/.pnpm/@privy-io+react-auth@3.8.1_@react-native-async-storage+async-storage@2.2.0_react-native@0.81._erejg4ast5j5xivknppng7u6xq/node_modules/@privy-io/react-auth/dist/esm/CustomLandingScreenView-DZTOg8z4.mjs" contains an annotation that Rollup cannot interpret due to the position of the comment. The comment will be removed to avoid issues.
#17 51.51 ../../node_modules/.pnpm/@privy-io+react-auth@3.8.1_@react-native-async-storage+async-storage@2.2.0_react-native@0.81._erejg4ast5j5xivknppng7u6xq/node_modules/@privy-io/react-auth/dist/esm/CustomLandingScreenView-DZTOg8z4.mjs (2:9820): A comment
#17 51.51 
#17 51.51 "/*#__PURE__*/"
#17 51.51 
#17 51.51 in "../../node_modules/.pnpm/@privy-io+react-auth@3.8.1_@react-native-async-storage+async-storage@2.2.0_react-native@0.81._erejg4ast5j5xivknppng7u6xq/node_modules/@privy-io/react-auth/dist/esm/CustomLandingScreenView-DZTOg8z4.mjs" contains an annotation that Rollup cannot interpret due to the position of the comment. The comment will be removed to avoid issues.
#17 51.52 ../../node_modules/.pnpm/@privy-io+react-auth@3.8.1_@react-native-async-storage+async-storage@2.2.0_react-native@0.81._erejg4ast5j5xivknppng7u6xq/node_modules/@privy-io/react-auth/dist/esm/CustomLandingScreenView-DZTOg8z4.mjs (2:9982): A comment
#17 51.52 
#17 51.52 "/*#__PURE__*/"
#17 51.52 
#17 51.52 in "../../node_modules/.pnpm/@privy-io+react-auth@3.8.1_@react-native-async-storage+async-storage@2.2.0_react-native@0.81._erejg4ast5j5xivknppng7u6xq/node_modules/@privy-io/react-auth/dist/esm/CustomLandingScreenView-DZTOg8z4.mjs" contains an annotation that Rollup cannot interpret due to the position of the comment. The comment will be removed to avoid issues.
#17 51.52 ../../node_modules/.pnpm/@privy-io+react-auth@3.8.1_@react-native-async-storage+async-storage@2.2.0_react-native@0.81._erejg4ast5j5xivknppng7u6xq/node_modules/@privy-io/react-auth/dist/esm/CustomLandingScreenView-DZTOg8z4.mjs (2:10142): A comment
#17 51.52 
#17 51.52 "/*#__PURE__*/"
#17 51.52 
#17 51.52 in "../../node_modules/.pnpm/@privy-io+react-auth@3.8.1_@react-native-async-storage+async-storage@2.2.0_react-native@0.81._erejg4ast5j5xivknppng7u6xq/node_modules/@privy-io/react-auth/dist/esm/CustomLandingScreenView-DZTOg8z4.mjs" contains an annotation that Rollup cannot interpret due to the position of the comment. The comment will be removed to avoid issues.
#17 51.52 ../../node_modules/.pnpm/@privy-io+react-auth@3.8.1_@react-native-async-storage+async-storage@2.2.0_react-native@0.81._erejg4ast5j5xivknppng7u6xq/node_modules/@privy-io/react-auth/dist/esm/CustomLandingScreenView-DZTOg8z4.mjs (2:10206): A comment
#17 51.52 
#17 51.52 "/*#__PURE__*/"
#17 51.52 
#17 51.52 in "../../node_modules/.pnpm/@privy-io+react-auth@3.8.1_@react-native-async-storage+async-storage@2.2.0_react-native@0.81._erejg4ast5j5xivknppng7u6xq/node_modules/@privy-io/react-auth/dist/esm/CustomLandingScreenView-DZTOg8z4.mjs" contains an annotation that Rollup cannot interpret due to the position of the comment. The comment will be removed to avoid issues.
#17 51.52 ../../node_modules/.pnpm/@privy-io+react-auth@3.8.1_@react-native-async-storage+async-storage@2.2.0_react-native@0.81._erejg4ast5j5xivknppng7u6xq/node_modules/@privy-io/react-auth/dist/esm/CustomLandingScreenView-DZTOg8z4.mjs (2:10274): A comment
#17 51.52 
#17 51.52 "/*#__PURE__*/"
#17 51.52 
#17 51.52 in "../../node_modules/.pnpm/@privy-io+react-auth@3.8.1_@react-native-async-storage+async-storage@2.2.0_react-native@0.81._erejg4ast5j5xivknppng7u6xq/node_modules/@privy-io/react-auth/dist/esm/CustomLandingScreenView-DZTOg8z4.mjs" contains an annotation that Rollup cannot interpret due to the position of the comment. The comment will be removed to avoid issues.
#17 51.52 ../../node_modules/.pnpm/@privy-io+react-auth@3.8.1_@react-native-async-storage+async-storage@2.2.0_react-native@0.81._erejg4ast5j5xivknppng7u6xq/node_modules/@privy-io/react-auth/dist/esm/CustomLandingScreenView-DZTOg8z4.mjs (2:10321): A comment
#17 51.52 
#17 51.52 "/*#__PURE__*/"
#17 51.52 
#17 51.52 in "../../node_modules/.pnpm/@privy-io+react-auth@3.8.1_@react-native-async-storage+async-storage@2.2.0_react-native@0.81._erejg4ast5j5xivknppng7u6xq/node_modules/@privy-io/react-auth/dist/esm/CustomLandingScreenView-DZTOg8z4.mjs" contains an annotation that Rollup cannot interpret due to the position of the comment. The comment will be removed to avoid issues.
#17 51.52 ../../node_modules/.pnpm/@privy-io+react-auth@3.8.1_@react-native-async-storage+async-storage@2.2.0_react-native@0.81._erejg4ast5j5xivknppng7u6xq/node_modules/@privy-io/react-auth/dist/esm/CustomLandingScreenView-DZTOg8z4.mjs (2:10385): A comment
#17 51.52 
#17 51.52 "/*#__PURE__*/"
#17 51.52 
#17 51.52 in "../../node_modules/.pnpm/@privy-io+react-auth@3.8.1_@react-native-async-storage+async-storage@2.2.0_react-native@0.81._erejg4ast5j5xivknppng7u6xq/node_modules/@privy-io/react-auth/dist/esm/CustomLandingScreenView-DZTOg8z4.mjs" contains an annotation that Rollup cannot interpret due to the position of the comment. The comment will be removed to avoid issues.
#17 51.52 ../../node_modules/.pnpm/@privy-io+react-auth@3.8.1_@react-native-async-storage+async-storage@2.2.0_react-native@0.81._erejg4ast5j5xivknppng7u6xq/node_modules/@privy-io/react-auth/dist/esm/CustomLandingScreenView-DZTOg8z4.mjs (2:10451): A comment
#17 51.52 
#17 51.52 "/*#__PURE__*/"
#17 51.52 
#17 51.52 in "../../node_modules/.pnpm/@privy-io+react-auth@3.8.1_@react-native-async-storage+async-storage@2.2.0_react-native@0.81._erejg4ast5j5xivknppng7u6xq/node_modules/@privy-io/react-auth/dist/esm/CustomLandingScreenView-DZTOg8z4.mjs" contains an annotation that Rollup cannot interpret due to the position of the comment. The comment will be removed to avoid issues.
#17 51.61 ../../node_modules/.pnpm/@privy-io+react-auth@3.8.1_@react-native-async-storage+async-storage@2.2.0_react-native@0.81._erejg4ast5j5xivknppng7u6xq/node_modules/@privy-io/react-auth/dist/esm/CustomLandingScreenView-DZTOg8z4.mjs (2:10517): A comment
#17 51.61 
#17 51.61 "/*#__PURE__*/"
#17 51.61 
#17 51.61 in "../../node_modules/.pnpm/@privy-io+react-auth@3.8.1_@react-native-async-storage+async-storage@2.2.0_react-native@0.81._erejg4ast5j5xivknppng7u6xq/node_modules/@privy-io/react-auth/dist/esm/CustomLandingScreenView-DZTOg8z4.mjs" contains an annotation that Rollup cannot interpret due to the position of the comment. The comment will be removed to avoid issues.
#17 51.61 ../../node_modules/.pnpm/@privy-io+react-auth@3.8.1_@react-native-async-storage+async-storage@2.2.0_react-native@0.81._erejg4ast5j5xivknppng7u6xq/node_modules/@privy-io/react-auth/dist/esm/CustomLandingScreenView-DZTOg8z4.mjs (2:10579): A comment
#17 51.61 
#17 51.61 "/*#__PURE__*/"
#17 51.61 
#17 51.61 in "../../node_modules/.pnpm/@privy-io+react-auth@3.8.1_@react-native-async-storage+async-storage@2.2.0_react-native@0.81._erejg4ast5j5xivknppng7u6xq/node_modules/@privy-io/react-auth/dist/esm/CustomLandingScreenView-DZTOg8z4.mjs" contains an annotation that Rollup cannot interpret due to the position of the comment. The comment will be removed to avoid issues.
#17 51.61 ../../node_modules/.pnpm/@privy-io+react-auth@3.8.1_@react-native-async-storage+async-storage@2.2.0_react-native@0.81._erejg4ast5j5xivknppng7u6xq/node_modules/@privy-io/react-auth/dist/esm/CustomLandingScreenView-DZTOg8z4.mjs (2:10641): A comment
#17 51.61 
#17 51.61 "/*#__PURE__*/"
#17 51.61 
#17 51.61 in "../../node_modules/.pnpm/@privy-io+react-auth@3.8.1_@react-native-async-storage+async-storage@2.2.0_react-native@0.81._erejg4ast5j5xivknppng7u6xq/node_modules/@privy-io/react-auth/dist/esm/CustomLandingScreenView-DZTOg8z4.mjs" contains an annotation that Rollup cannot interpret due to the position of the comment. The comment will be removed to avoid issues.
#17 51.61 ../../node_modules/.pnpm/@privy-io+react-auth@3.8.1_@react-native-async-storage+async-storage@2.2.0_react-native@0.81._erejg4ast5j5xivknppng7u6xq/node_modules/@privy-io/react-auth/dist/esm/CustomLandingScreenView-DZTOg8z4.mjs (2:10706): A comment
#17 51.61 
#17 51.61 "/*#__PURE__*/"
#17 51.61 
#17 51.61 in "../../node_modules/.pnpm/@privy-io+react-auth@3.8.1_@react-native-async-storage+async-storage@2.2.0_react-native@0.81._erejg4ast5j5xivknppng7u6xq/node_modules/@privy-io/react-auth/dist/esm/CustomLandingScreenView-DZTOg8z4.mjs" contains an annotation that Rollup cannot interpret due to the position of the comment. The comment will be removed to avoid issues.
#17 51.61 ../../node_modules/.pnpm/@privy-io+react-auth@3.8.1_@react-native-async-storage+async-storage@2.2.0_react-native@0.81._erejg4ast5j5xivknppng7u6xq/node_modules/@privy-io/react-auth/dist/esm/CustomLandingScreenView-DZTOg8z4.mjs (2:10774): A comment
#17 51.61 
#17 51.61 "/*#__PURE__*/"
#17 51.61 
#17 51.61 in "../../node_modules/.pnpm/@privy-io+react-auth@3.8.1_@react-native-async-storage+async-storage@2.2.0_react-native@0.81._erejg4ast5j5xivknppng7u6xq/node_modules/@privy-io/react-auth/dist/esm/CustomLandingScreenView-DZTOg8z4.mjs" contains an annotation that Rollup cannot interpret due to the position of the comment. The comment will be removed to avoid issues.
#17 51.61 ../../node_modules/.pnpm/@privy-io+react-auth@3.8.1_@react-native-async-storage+async-storage@2.2.0_react-native@0.81._erejg4ast5j5xivknppng7u6xq/node_modules/@privy-io/react-auth/dist/esm/CustomLandingScreenView-DZTOg8z4.mjs (2:10842): A comment
#17 51.61 
#17 51.61 "/*#__PURE__*/"
#17 51.61 
#17 51.61 in "../../node_modules/.pnpm/@privy-io+react-auth@3.8.1_@react-native-async-storage+async-storage@2.2.0_react-native@0.81._erejg4ast5j5xivknppng7u6xq/node_modules/@privy-io/react-auth/dist/esm/CustomLandingScreenView-DZTOg8z4.mjs" contains an annotation that Rollup cannot interpret due to the position of the comment. The comment will be removed to avoid issues.
#17 51.61 ../../node_modules/.pnpm/@privy-io+react-auth@3.8.1_@react-native-async-storage+async-storage@2.2.0_react-native@0.81._erejg4ast5j5xivknppng7u6xq/node_modules/@privy-io/react-auth/dist/esm/CustomLandingScreenView-DZTOg8z4.mjs (2:10909): A comment
#17 51.61 
#17 51.61 "/*#__PURE__*/"
#17 51.61 
#17 51.61 in "../../node_modules/.pnpm/@privy-io+react-auth@3.8.1_@react-native-async-storage+async-storage@2.2.0_react-native@0.81._erejg4ast5j5xivknppng7u6xq/node_modules/@privy-io/react-auth/dist/esm/CustomLandingScreenView-DZTOg8z4.mjs" contains an annotation that Rollup cannot interpret due to the position of the comment. The comment will be removed to avoid issues.
#17 51.61 ../../node_modules/.pnpm/@privy-io+react-auth@3.8.1_@react-native-async-storage+async-storage@2.2.0_react-native@0.81._erejg4ast5j5xivknppng7u6xq/node_modules/@privy-io/react-auth/dist/esm/CustomLandingScreenView-DZTOg8z4.mjs (2:10948): A comment
#17 51.61 
#17 51.61 "/*#__PURE__*/"
#17 51.61 
#17 51.61 in "../../node_modules/.pnpm/@privy-io+react-auth@3.8.1_@react-native-async-storage+async-storage@2.2.0_react-native@0.81._erejg4ast5j5xivknppng7u6xq/node_modules/@privy-io/react-auth/dist/esm/CustomLandingScreenView-DZTOg8z4.mjs" contains an annotation that Rollup cannot interpret due to the position of the comment. The comment will be removed to avoid issues.
#17 51.61 ../../node_modules/.pnpm/@privy-io+react-auth@3.8.1_@react-native-async-storage+async-storage@2.2.0_react-native@0.81._erejg4ast5j5xivknppng7u6xq/node_modules/@privy-io/react-auth/dist/esm/CustomLandingScreenView-DZTOg8z4.mjs (2:11084): A comment
#17 51.61 
#17 51.61 "/*#__PURE__*/"
#17 51.61 
#17 51.61 in "../../node_modules/.pnpm/@privy-io+react-auth@3.8.1_@react-native-async-storage+async-storage@2.2.0_react-native@0.81._erejg4ast5j5xivknppng7u6xq/node_modules/@privy-io/react-auth/dist/esm/CustomLandingScreenView-DZTOg8z4.mjs" contains an annotation that Rollup cannot interpret due to the position of the comment. The comment will be removed to avoid issues.
#17 51.61 ../../node_modules/.pnpm/@privy-io+react-auth@3.8.1_@react-native-async-storage+async-storage@2.2.0_react-native@0.81._erejg4ast5j5xivknppng7u6xq/node_modules/@privy-io/react-auth/dist/esm/CustomLandingScreenView-DZTOg8z4.mjs (2:12457): A comment
#17 51.61 
#17 51.61 "/*#__PURE__*/"
#17 51.61 
#17 51.61 in "../../node_modules/.pnpm/@privy-io+react-auth@3.8.1_@react-native-async-storage+async-storage@2.2.0_react-native@0.81._erejg4ast5j5xivknppng7u6xq/node_modules/@privy-io/react-auth/dist/esm/CustomLandingScreenView-DZTOg8z4.mjs" contains an annotation that Rollup cannot interpret due to the position of the comment. The comment will be removed to avoid issues.
#17 51.61 ../../node_modules/.pnpm/@privy-io+react-auth@3.8.1_@react-native-async-storage+async-storage@2.2.0_react-native@0.81._erejg4ast5j5xivknppng7u6xq/node_modules/@privy-io/react-auth/dist/esm/CustomLandingScreenView-DZTOg8z4.mjs (2:17100): A comment
#17 51.61 
#17 51.61 "/*#__PURE__*/"
#17 51.61 
#17 51.61 in "../../node_modules/.pnpm/@privy-io+react-auth@3.8.1_@react-native-async-storage+async-storage@2.2.0_react-native@0.81._erejg4ast5j5xivknppng7u6xq/node_modules/@privy-io/react-auth/dist/esm/CustomLandingScreenView-DZTOg8z4.mjs" contains an annotation that Rollup cannot interpret due to the position of the comment. The comment will be removed to avoid issues.
#17 51.62 ../../node_modules/.pnpm/@privy-io+react-auth@3.8.1_@react-native-async-storage+async-storage@2.2.0_react-native@0.81._erejg4ast5j5xivknppng7u6xq/node_modules/@privy-io/react-auth/dist/esm/twitter-6jomarO4.mjs (1:7958): A comment
#17 51.62 
#17 51.62 "/*#__PURE__*/"
#17 51.62 
#17 51.62 in "../../node_modules/.pnpm/@privy-io+react-auth@3.8.1_@react-native-async-storage+async-storage@2.2.0_react-native@0.81._erejg4ast5j5xivknppng7u6xq/node_modules/@privy-io/react-auth/dist/esm/twitter-6jomarO4.mjs" contains an annotation that Rollup cannot interpret due to the position of the comment. The comment will be removed to avoid issues.
#17 51.62 ../../node_modules/.pnpm/@privy-io+react-auth@3.8.1_@react-native-async-storage+async-storage@2.2.0_react-native@0.81._erejg4ast5j5xivknppng7u6xq/node_modules/@privy-io/react-auth/dist/esm/twitter-6jomarO4.mjs (1:12540): A comment
#17 51.62 
#17 51.62 "/*#__PURE__*/"
#17 51.62 
#17 51.62 in "../../node_modules/.pnpm/@privy-io+react-auth@3.8.1_@react-native-async-storage+async-storage@2.2.0_react-native@0.81._erejg4ast5j5xivknppng7u6xq/node_modules/@privy-io/react-auth/dist/esm/twitter-6jomarO4.mjs" contains an annotation that Rollup cannot interpret due to the position of the comment. The comment will be removed to avoid issues.
#17 51.62 ../../node_modules/.pnpm/@privy-io+react-auth@3.8.1_@react-native-async-storage+async-storage@2.2.0_react-native@0.81._erejg4ast5j5xivknppng7u6xq/node_modules/@privy-io/react-auth/dist/esm/twitter-6jomarO4.mjs (1:13625): A comment
#17 51.62 
#17 51.62 "/*#__PURE__*/"
#17 51.62 
#17 51.62 in "../../node_modules/.pnpm/@privy-io+react-auth@3.8.1_@react-native-async-storage+async-storage@2.2.0_react-native@0.81._erejg4ast5j5xivknppng7u6xq/node_modules/@privy-io/react-auth/dist/esm/twitter-6jomarO4.mjs" contains an annotation that Rollup cannot interpret due to the position of the comment. The comment will be removed to avoid issues.
#17 51.62 ../../node_modules/.pnpm/@privy-io+react-auth@3.8.1_@react-native-async-storage+async-storage@2.2.0_react-native@0.81._erejg4ast5j5xivknppng7u6xq/node_modules/@privy-io/react-auth/dist/esm/twitter-6jomarO4.mjs (1:14609): A comment
#17 51.62 
#17 51.62 "/*#__PURE__*/"
#17 51.62 
#17 51.62 in "../../node_modules/.pnpm/@privy-io+react-auth@3.8.1_@react-native-async-storage+async-storage@2.2.0_react-native@0.81._erejg4ast5j5xivknppng7u6xq/node_modules/@privy-io/react-auth/dist/esm/twitter-6jomarO4.mjs" contains an annotation that Rollup cannot interpret due to the position of the comment. The comment will be removed to avoid issues.
#17 51.62 ../../node_modules/.pnpm/@privy-io+react-auth@3.8.1_@react-native-async-storage+async-storage@2.2.0_react-native@0.81._erejg4ast5j5xivknppng7u6xq/node_modules/@privy-io/react-auth/dist/esm/ConnectEmailForm-C2TJPUYV.mjs (1:1686): A comment
#17 51.62 
#17 51.62 "/*#__PURE__*/"
#17 51.62 
#17 51.62 in "../../node_modules/.pnpm/@privy-io+react-auth@3.8.1_@react-native-async-storage+async-storage@2.2.0_react-native@0.81._erejg4ast5j5xivknppng7u6xq/node_modules/@privy-io/react-auth/dist/esm/ConnectEmailForm-C2TJPUYV.mjs" contains an annotation that Rollup cannot interpret due to the position of the comment. The comment will be removed to avoid issues.
#17 51.62 ../../node_modules/.pnpm/@privy-io+react-auth@3.8.1_@react-native-async-storage+async-storage@2.2.0_react-native@0.81._erejg4ast5j5xivknppng7u6xq/node_modules/@privy-io/react-auth/dist/esm/telegram-B-JqnkqZ.mjs (1:64): A comment
#17 51.62 
#17 51.62 "/*#__PURE__*/"
#17 51.62 
#17 51.62 in "../../node_modules/.pnpm/@privy-io+react-auth@3.8.1_@react-native-async-storage+async-storage@2.2.0_react-native@0.81._erejg4ast5j5xivknppng7u6xq/node_modules/@privy-io/react-auth/dist/esm/telegram-B-JqnkqZ.mjs" contains an annotation that Rollup cannot interpret due to the position of the comment. The comment will be removed to avoid issues.
#17 51.62 ../../node_modules/.pnpm/@privy-io+react-auth@3.8.1_@react-native-async-storage+async-storage@2.2.0_react-native@0.81._erejg4ast5j5xivknppng7u6xq/node_modules/@privy-io/react-auth/dist/esm/twitch-5IOe4sIQ.mjs (1:64): A comment
#17 51.62 
#17 51.62 "/*#__PURE__*/"
#17 51.62 
#17 51.62 in "../../node_modules/.pnpm/@privy-io+react-auth@3.8.1_@react-native-async-storage+async-storage@2.2.0_react-native@0.81._erejg4ast5j5xivknppng7u6xq/node_modules/@privy-io/react-auth/dist/esm/twitch-5IOe4sIQ.mjs" contains an annotation that Rollup cannot interpret due to the position of the comment. The comment will be removed to avoid issues.
#17 51.62 ../../node_modules/.pnpm/@privy-io+react-auth@3.8.1_@react-native-async-storage+async-storage@2.2.0_react-native@0.81._erejg4ast5j5xivknppng7u6xq/node_modules/@privy-io/react-auth/dist/esm/twitch-5IOe4sIQ.mjs (1:10025): A comment
#17 51.62 
#17 51.62 "/*#__PURE__*/"
#17 51.62 
#17 51.62 in "../../node_modules/.pnpm/@privy-io+react-auth@3.8.1_@react-native-async-storage+async-storage@2.2.0_react-native@0.81._erejg4ast5j5xivknppng7u6xq/node_modules/@privy-io/react-auth/dist/esm/twitch-5IOe4sIQ.mjs" contains an annotation that Rollup cannot interpret due to the position of the comment. The comment will be removed to avoid issues.
#17 51.63 ../../node_modules/.pnpm/@privy-io+react-auth@3.8.1_@react-native-async-storage+async-storage@2.2.0_react-native@0.81._erejg4ast5j5xivknppng7u6xq/node_modules/@privy-io/react-auth/dist/esm/WalletButtonList-C1OqZHCA.mjs (1:1962): A comment
#17 51.63 
#17 51.63 "/*#__PURE__*/"
#17 51.63 
#17 51.63 in "../../node_modules/.pnpm/@privy-io+react-auth@3.8.1_@react-native-async-storage+async-storage@2.2.0_react-native@0.81._erejg4ast5j5xivknppng7u6xq/node_modules/@privy-io/react-auth/dist/esm/WalletButtonList-C1OqZHCA.mjs" contains an annotation that Rollup cannot interpret due to the position of the comment. The comment will be removed to avoid issues.
#17 51.64 ../../node_modules/.pnpm/@privy-io+react-auth@3.8.1_@react-native-async-storage+async-storage@2.2.0_react-native@0.81._erejg4ast5j5xivknppng7u6xq/node_modules/@privy-io/react-auth/dist/esm/OpenLink-BpeNYBKs.mjs (1:143): A comment
#17 51.64 
#17 51.64 "/*#__PURE__*/"
#17 51.64 
#17 51.64 in "../../node_modules/.pnpm/@privy-io+react-auth@3.8.1_@react-native-async-storage+async-storage@2.2.0_react-native@0.81._erejg4ast5j5xivknppng7u6xq/node_modules/@privy-io/react-auth/dist/esm/OpenLink-BpeNYBKs.mjs" contains an annotation that Rollup cannot interpret due to the position of the comment. The comment will be removed to avoid issues.
#17 51.64 ../../node_modules/.pnpm/@privy-io+react-auth@3.8.1_@react-native-async-storage+async-storage@2.2.0_react-native@0.81._erejg4ast5j5xivknppng7u6xq/node_modules/@privy-io/react-auth/dist/esm/CopyToClipboard-DatKc59_.mjs (1:509): A comment
#17 51.64 
#17 51.64 "/*#__PURE__*/"
#17 51.64 
#17 51.64 in "../../node_modules/.pnpm/@privy-io+react-auth@3.8.1_@react-native-async-storage+async-storage@2.2.0_react-native@0.81._erejg4ast5j5xivknppng7u6xq/node_modules/@privy-io/react-auth/dist/esm/CopyToClipboard-DatKc59_.mjs" contains an annotation that Rollup cannot interpret due to the position of the comment. The comment will be removed to avoid issues.
#17 51.67 ../../node_modules/.pnpm/@privy-io+react-auth@3.8.1_@react-native-async-storage+async-storage@2.2.0_react-native@0.81._erejg4ast5j5xivknppng7u6xq/node_modules/@privy-io/react-auth/dist/esm/SetWalletPasswordForm-DUTEhc4R.mjs (2:313): A comment
#17 51.67 
#17 51.67 "/*#__PURE__*/"
#17 51.67 
#17 51.67 in "../../node_modules/.pnpm/@privy-io+react-auth@3.8.1_@react-native-async-storage+async-storage@2.2.0_react-native@0.81._erejg4ast5j5xivknppng7u6xq/node_modules/@privy-io/react-auth/dist/esm/SetWalletPasswordForm-DUTEhc4R.mjs" contains an annotation that Rollup cannot interpret due to the position of the comment. The comment will be removed to avoid issues.
#17 51.67 ../../node_modules/.pnpm/@privy-io+react-auth@3.8.1_@react-native-async-storage+async-storage@2.2.0_react-native@0.81._erejg4ast5j5xivknppng7u6xq/node_modules/@privy-io/react-auth/dist/esm/SetWalletPasswordForm-DUTEhc4R.mjs (2:2625): A comment
#17 51.67 
#17 51.67 "/*#__PURE__*/"
#17 51.67 
#17 51.67 in "../../node_modules/.pnpm/@privy-io+react-auth@3.8.1_@react-native-async-storage+async-storage@2.2.0_react-native@0.81._erejg4ast5j5xivknppng7u6xq/node_modules/@privy-io/react-auth/dist/esm/SetWalletPasswordForm-DUTEhc4R.mjs" contains an annotation that Rollup cannot interpret due to the position of the comment. The comment will be removed to avoid issues.
#17 51.67 ../../node_modules/.pnpm/@privy-io+react-auth@3.8.1_@react-native-async-storage+async-storage@2.2.0_react-native@0.81._erejg4ast5j5xivknppng7u6xq/node_modules/@privy-io/react-auth/dist/esm/SetWalletPasswordForm-DUTEhc4R.mjs (2:5035): A comment
#17 51.67 
#17 51.67 "/*#__PURE__*/"
#17 51.67 
#17 51.67 in "../../node_modules/.pnpm/@privy-io+react-auth@3.8.1_@react-native-async-storage+async-storage@2.2.0_react-native@0.81._erejg4ast5j5xivknppng7u6xq/node_modules/@privy-io/react-auth/dist/esm/SetWalletPasswordForm-DUTEhc4R.mjs" contains an annotation that Rollup cannot interpret due to the position of the comment. The comment will be removed to avoid issues.
#17 51.67 ../../node_modules/.pnpm/@privy-io+react-auth@3.8.1_@react-native-async-storage+async-storage@2.2.0_react-native@0.81._erejg4ast5j5xivknppng7u6xq/node_modules/@privy-io/react-auth/dist/esm/TodoList-Dn0Qu-vv.mjs (1:563): A comment
#17 51.67 
#17 51.67 "/*#__PURE__*/"
#17 51.67 
#17 51.67 in "../../node_modules/.pnpm/@privy-io+react-auth@3.8.1_@react-native-async-storage+async-storage@2.2.0_react-native@0.81._erejg4ast5j5xivknppng7u6xq/node_modules/@privy-io/react-auth/dist/esm/TodoList-Dn0Qu-vv.mjs" contains an annotation that Rollup cannot interpret due to the position of the comment. The comment will be removed to avoid issues.
#17 51.67 ../../node_modules/.pnpm/@privy-io+react-auth@3.8.1_@react-native-async-storage+async-storage@2.2.0_react-native@0.81._erejg4ast5j5xivknppng7u6xq/node_modules/@privy-io/react-auth/dist/esm/TodoList-Dn0Qu-vv.mjs (2:0): A comment
#17 51.67 
#17 51.67 "/*#__PURE__*/"
#17 51.67 
#17 51.67 in "../../node_modules/.pnpm/@privy-io+react-auth@3.8.1_@react-native-async-storage+async-storage@2.2.0_react-native@0.81._erejg4ast5j5xivknppng7u6xq/node_modules/@privy-io/react-auth/dist/esm/TodoList-Dn0Qu-vv.mjs" contains an annotation that Rollup cannot interpret due to the position of the comment. The comment will be removed to avoid issues.
#17 51.67 ../../node_modules/.pnpm/@privy-io+react-auth@3.8.1_@react-native-async-storage+async-storage@2.2.0_react-native@0.81._erejg4ast5j5xivknppng7u6xq/node_modules/@privy-io/react-auth/dist/esm/TodoList-Dn0Qu-vv.mjs (2:132): A comment
#17 51.67 
#17 51.67 "/*#__PURE__*/"
#17 51.67 
#17 51.67 in "../../node_modules/.pnpm/@privy-io+react-auth@3.8.1_@react-native-async-storage+async-storage@2.2.0_react-native@0.81._erejg4ast5j5xivknppng7u6xq/node_modules/@privy-io/react-auth/dist/esm/TodoList-Dn0Qu-vv.mjs" contains an annotation that Rollup cannot interpret due to the position of the comment. The comment will be removed to avoid issues.
#17 51.67 ../../node_modules/.pnpm/@privy-io+react-auth@3.8.1_@react-native-async-storage+async-storage@2.2.0_react-native@0.81._erejg4ast5j5xivknppng7u6xq/node_modules/@privy-io/react-auth/dist/esm/TodoList-Dn0Qu-vv.mjs (2:204): A comment
#17 51.67 
#17 51.67 "/*#__PURE__*/"
#17 51.67 
#17 51.67 in "../../node_modules/.pnpm/@privy-io+react-auth@3.8.1_@react-native-async-storage+async-storage@2.2.0_react-native@0.81._erejg4ast5j5xivknppng7u6xq/node_modules/@privy-io/react-auth/dist/esm/TodoList-Dn0Qu-vv.mjs" contains an annotation that Rollup cannot interpret due to the position of the comment. The comment will be removed to avoid issues.
#17 51.67 ../../node_modules/.pnpm/@privy-io+react-auth@3.8.1_@react-native-async-storage+async-storage@2.2.0_react-native@0.81._erejg4ast5j5xivknppng7u6xq/node_modules/@privy-io/react-auth/dist/esm/to-ui-error-B8DSJO-0.mjs (1:2862): A comment
#17 51.67 
#17 51.67 "/*#__PURE__*/"
#17 51.67 
#17 51.67 in "../../node_modules/.pnpm/@privy-io+react-auth@3.8.1_@react-native-async-storage+async-storage@2.2.0_react-native@0.81._erejg4ast5j5xivknppng7u6xq/node_modules/@privy-io/react-auth/dist/esm/to-ui-error-B8DSJO-0.mjs" contains an annotation that Rollup cannot interpret due to the position of the comment. The comment will be removed to avoid issues.
#17 51.67 ../../node_modules/.pnpm/@privy-io+react-auth@3.8.1_@react-native-async-storage+async-storage@2.2.0_react-native@0.81._erejg4ast5j5xivknppng7u6xq/node_modules/@privy-io/react-auth/dist/esm/to-ui-error-B8DSJO-0.mjs (1:4107): A comment
#17 51.67 
#17 51.67 "/*#__PURE__*/"
#17 51.67 
#17 51.67 in "../../node_modules/.pnpm/@privy-io+react-auth@3.8.1_@react-native-async-storage+async-storage@2.2.0_react-native@0.81._erejg4ast5j5xivknppng7u6xq/node_modules/@privy-io/react-auth/dist/esm/to-ui-error-B8DSJO-0.mjs" contains an annotation that Rollup cannot interpret due to the position of the comment. The comment will be removed to avoid issues.
#17 51.67 ../../node_modules/.pnpm/@privy-io+react-auth@3.8.1_@react-native-async-storage+async-storage@2.2.0_react-native@0.81._erejg4ast5j5xivknppng7u6xq/node_modules/@privy-io/react-auth/dist/esm/to-ui-error-B8DSJO-0.mjs (1:4774): A comment
#17 51.67 
#17 51.67 "/*#__PURE__*/"
#17 51.67 
#17 51.67 in "../../node_modules/.pnpm/@privy-io+react-auth@3.8.1_@react-native-async-storage+async-storage@2.2.0_react-native@0.81._erejg4ast5j5xivknppng7u6xq/node_modules/@privy-io/react-auth/dist/esm/to-ui-error-B8DSJO-0.mjs" contains an annotation that Rollup cannot interpret due to the position of the comment. The comment will be removed to avoid issues.
#17 51.68 ../../node_modules/.pnpm/@privy-io+react-auth@3.8.1_@react-native-async-storage+async-storage@2.2.0_react-native@0.81._erejg4ast5j5xivknppng7u6xq/node_modules/@privy-io/react-auth/dist/esm/PinInput-C3_MNxMt.mjs (1:8071): A comment
#17 51.68 
#17 51.68 "/*#__PURE__*/"
#17 51.68 
#17 51.68 in "../../node_modules/.pnpm/@privy-io+react-auth@3.8.1_@react-native-async-storage+async-storage@2.2.0_react-native@0.81._erejg4ast5j5xivknppng7u6xq/node_modules/@privy-io/react-auth/dist/esm/PinInput-C3_MNxMt.mjs" contains an annotation that Rollup cannot interpret due to the position of the comment. The comment will be removed to avoid issues.
#17 51.68 ../../node_modules/.pnpm/@privy-io+react-auth@3.8.1_@react-native-async-storage+async-storage@2.2.0_react-native@0.81._erejg4ast5j5xivknppng7u6xq/node_modules/@privy-io/react-auth/dist/esm/TransactionDetails-DITlhQNk.mjs (1:1610): A comment
#17 51.68 
#17 51.68 "/*#__PURE__*/"
#17 51.68 
#17 51.68 in "../../node_modules/.pnpm/@privy-io+react-auth@3.8.1_@react-native-async-storage+async-storage@2.2.0_react-native@0.81._erejg4ast5j5xivknppng7u6xq/node_modules/@privy-io/react-auth/dist/esm/TransactionDetails-DITlhQNk.mjs" contains an annotation that Rollup cannot interpret due to the position of the comment. The comment will be removed to avoid issues.
#17 51.68 ../../node_modules/.pnpm/@privy-io+react-auth@3.8.1_@react-native-async-storage+async-storage@2.2.0_react-native@0.81._erejg4ast5j5xivknppng7u6xq/node_modules/@privy-io/react-auth/dist/esm/TransactionDetails-DITlhQNk.mjs (1:2581): A comment
#17 51.68 
#17 51.68 "/*#__PURE__*/"
#17 51.68 
#17 51.68 in "../../node_modules/.pnpm/@privy-io+react-auth@3.8.1_@react-native-async-storage+async-storage@2.2.0_react-native@0.81._erejg4ast5j5xivknppng7u6xq/node_modules/@privy-io/react-auth/dist/esm/TransactionDetails-DITlhQNk.mjs" contains an annotation that Rollup cannot interpret due to the position of the comment. The comment will be removed to avoid issues.
#17 51.68 ../../node_modules/.pnpm/@privy-io+react-auth@3.8.1_@react-native-async-storage+async-storage@2.2.0_react-native@0.81._erejg4ast5j5xivknppng7u6xq/node_modules/@privy-io/react-auth/dist/esm/TransactionDetails-DITlhQNk.mjs (1:2786): A comment
#17 51.68 
#17 51.68 "/*#__PURE__*/"
#17 51.68 
#17 51.68 in "../../node_modules/.pnpm/@privy-io+react-auth@3.8.1_@react-native-async-storage+async-storage@2.2.0_react-native@0.81._erejg4ast5j5xivknppng7u6xq/node_modules/@privy-io/react-auth/dist/esm/TransactionDetails-DITlhQNk.mjs" contains an annotation that Rollup cannot interpret due to the position of the comment. The comment will be removed to avoid issues.
#17 51.68 ../../node_modules/.pnpm/@privy-io+react-auth@3.8.1_@react-native-async-storage+async-storage@2.2.0_react-native@0.81._erejg4ast5j5xivknppng7u6xq/node_modules/@privy-io/react-auth/dist/esm/TransactionDetails-DITlhQNk.mjs (1:3022): A comment
#17 51.68 
#17 51.68 "/*#__PURE__*/"
#17 51.68 
#17 51.68 in "../../node_modules/.pnpm/@privy-io+react-auth@3.8.1_@react-native-async-storage+async-storage@2.2.0_react-native@0.81._erejg4ast5j5xivknppng7u6xq/node_modules/@privy-io/react-auth/dist/esm/TransactionDetails-DITlhQNk.mjs" contains an annotation that Rollup cannot interpret due to the position of the comment. The comment will be removed to avoid issues.
#17 51.68 ../../node_modules/.pnpm/@privy-io+react-auth@3.8.1_@react-native-async-storage+async-storage@2.2.0_react-native@0.81._erejg4ast5j5xivknppng7u6xq/node_modules/@privy-io/react-auth/dist/esm/TransactionDetails-DITlhQNk.mjs (2:317): A comment
#17 51.68 
#17 51.68 "/*#__PURE__*/"
#17 51.68 
#17 51.68 in "../../node_modules/.pnpm/@privy-io+react-auth@3.8.1_@react-native-async-storage+async-storage@2.2.0_react-native@0.81._erejg4ast5j5xivknppng7u6xq/node_modules/@privy-io/react-auth/dist/esm/TransactionDetails-DITlhQNk.mjs" contains an annotation that Rollup cannot interpret due to the position of the comment. The comment will be removed to avoid issues.
#17 51.68 ../../node_modules/.pnpm/@privy-io+react-auth@3.8.1_@react-native-async-storage+async-storage@2.2.0_react-native@0.81._erejg4ast5j5xivknppng7u6xq/node_modules/@privy-io/react-auth/dist/esm/TransactionDetails-DITlhQNk.mjs (2:469): A comment
#17 51.68 
#17 51.68 "/*#__PURE__*/"
#17 51.68 
#17 51.68 in "../../node_modules/.pnpm/@privy-io+react-auth@3.8.1_@react-native-async-storage+async-storage@2.2.0_react-native@0.81._erejg4ast5j5xivknppng7u6xq/node_modules/@privy-io/react-auth/dist/esm/TransactionDetails-DITlhQNk.mjs" contains an annotation that Rollup cannot interpret due to the position of the comment. The comment will be removed to avoid issues.
#17 51.68 ../../node_modules/.pnpm/@privy-io+react-auth@3.8.1_@react-native-async-storage+async-storage@2.2.0_react-native@0.81._erejg4ast5j5xivknppng7u6xq/node_modules/@privy-io/react-auth/dist/esm/TransactionDetails-DITlhQNk.mjs (2:2297): A comment
#17 51.68 
#17 51.68 "/*#__PURE__*/"
#17 51.68 
#17 51.68 in "../../node_modules/.pnpm/@privy-io+react-auth@3.8.1_@react-native-async-storage+async-storage@2.2.0_react-native@0.81._erejg4ast5j5xivknppng7u6xq/node_modules/@privy-io/react-auth/dist/esm/TransactionDetails-DITlhQNk.mjs" contains an annotation that Rollup cannot interpret due to the position of the comment. The comment will be removed to avoid issues.
#17 51.68 ../../node_modules/.pnpm/@privy-io+react-auth@3.8.1_@react-native-async-storage+async-storage@2.2.0_react-native@0.81._erejg4ast5j5xivknppng7u6xq/node_modules/@privy-io/react-auth/dist/esm/WalletLink-D2x4SkPO.mjs (1:456): A comment
#17 51.68 
#17 51.68 "/*#__PURE__*/"
#17 51.68 
#17 51.68 in "../../node_modules/.pnpm/@privy-io+react-auth@3.8.1_@react-native-async-storage+async-storage@2.2.0_react-native@0.81._erejg4ast5j5xivknppng7u6xq/node_modules/@privy-io/react-auth/dist/esm/WalletLink-D2x4SkPO.mjs" contains an annotation that Rollup cannot interpret due to the position of the comment. The comment will be removed to avoid issues.
#17 51.68 ../../node_modules/.pnpm/@privy-io+react-auth@3.8.1_@react-native-async-storage+async-storage@2.2.0_react-native@0.81._erejg4ast5j5xivknppng7u6xq/node_modules/@privy-io/react-auth/dist/esm/WalletLink-D2x4SkPO.mjs (1:587): A comment
#17 51.68 
#17 51.68 "/*#__PURE__*/"
#17 51.68 
#17 51.68 in "../../node_modules/.pnpm/@privy-io+react-auth@3.8.1_@react-native-async-storage+async-storage@2.2.0_react-native@0.81._erejg4ast5j5xivknppng7u6xq/node_modules/@privy-io/react-auth/dist/esm/WalletLink-D2x4SkPO.mjs" contains an annotation that Rollup cannot interpret due to the position of the comment. The comment will be removed to avoid issues.
#17 51.68 ../../node_modules/.pnpm/@privy-io+react-auth@3.8.1_@react-native-async-storage+async-storage@2.2.0_react-native@0.81._erejg4ast5j5xivknppng7u6xq/node_modules/@privy-io/react-auth/dist/esm/WalletLink-D2x4SkPO.mjs (2:263): A comment
#17 51.68 
#17 51.68 "/*#__PURE__*/"
#17 51.68 
#17 51.68 in "../../node_modules/.pnpm/@privy-io+react-auth@3.8.1_@react-native-async-storage+async-storage@2.2.0_react-native@0.81._erejg4ast5j5xivknppng7u6xq/node_modules/@privy-io/react-auth/dist/esm/WalletLink-D2x4SkPO.mjs" contains an annotation that Rollup cannot interpret due to the position of the comment. The comment will be removed to avoid issues.
#17 51.68 ../../node_modules/.pnpm/@privy-io+react-auth@3.8.1_@react-native-async-storage+async-storage@2.2.0_react-native@0.81._erejg4ast5j5xivknppng7u6xq/node_modules/@privy-io/react-auth/dist/esm/JsonTree-Bvd2C29R.mjs (1:346): A comment
#17 51.68 
#17 51.68 "/*#__PURE__*/"
#17 51.68 
#17 51.68 in "../../node_modules/.pnpm/@privy-io+react-auth@3.8.1_@react-native-async-storage+async-storage@2.2.0_react-native@0.81._erejg4ast5j5xivknppng7u6xq/node_modules/@privy-io/react-auth/dist/esm/JsonTree-Bvd2C29R.mjs" contains an annotation that Rollup cannot interpret due to the position of the comment. The comment will be removed to avoid issues.
#17 51.69 ../../node_modules/.pnpm/@privy-io+react-auth@3.8.1_@react-native-async-storage+async-storage@2.2.0_react-native@0.81._erejg4ast5j5xivknppng7u6xq/node_modules/@privy-io/react-auth/dist/esm/EnrollTotp-CtNw20-I.mjs (1:3485): A comment
#17 51.69 
#17 51.69 "/*#__PURE__*/"
#17 51.69 
#17 51.69 in "../../node_modules/.pnpm/@privy-io+react-auth@3.8.1_@react-native-async-storage+async-storage@2.2.0_react-native@0.81._erejg4ast5j5xivknppng7u6xq/node_modules/@privy-io/react-auth/dist/esm/EnrollTotp-CtNw20-I.mjs" contains an annotation that Rollup cannot interpret due to the position of the comment. The comment will be removed to avoid issues.
#17 51.69 ../../node_modules/.pnpm/@privy-io+react-auth@3.8.1_@react-native-async-storage+async-storage@2.2.0_react-native@0.81._erejg4ast5j5xivknppng7u6xq/node_modules/@privy-io/react-auth/dist/esm/EnrollTotp-CtNw20-I.mjs (1:18752): A comment
#17 51.69 
#17 51.69 "/*#__PURE__*/"
#17 51.69 
#17 51.69 in "../../node_modules/.pnpm/@privy-io+react-auth@3.8.1_@react-native-async-storage+async-storage@2.2.0_react-native@0.81._erejg4ast5j5xivknppng7u6xq/node_modules/@privy-io/react-auth/dist/esm/EnrollTotp-CtNw20-I.mjs" contains an annotation that Rollup cannot interpret due to the position of the comment. The comment will be removed to avoid issues.
#17 51.69 ../../node_modules/.pnpm/@privy-io+react-auth@3.8.1_@react-native-async-storage+async-storage@2.2.0_react-native@0.81._erejg4ast5j5xivknppng7u6xq/node_modules/@privy-io/react-auth/dist/esm/EnrollTotp-CtNw20-I.mjs (1:21084): A comment
#17 51.69 
#17 51.69 "/*#__PURE__*/"
#17 51.69 
#17 51.69 in "../../node_modules/.pnpm/@privy-io+react-auth@3.8.1_@react-native-async-storage+async-storage@2.2.0_react-native@0.81._erejg4ast5j5xivknppng7u6xq/node_modules/@privy-io/react-auth/dist/esm/EnrollTotp-CtNw20-I.mjs" contains an annotation that Rollup cannot interpret due to the position of the comment. The comment will be removed to avoid issues.
#17 51.70 ../../node_modules/.pnpm/@privy-io+react-auth@3.8.1_@react-native-async-storage+async-storage@2.2.0_react-native@0.81._erejg4ast5j5xivknppng7u6xq/node_modules/@privy-io/react-auth/dist/esm/TransactionErrorView-DmFbjQHi.mjs (1:1721): A comment
#17 51.70 
#17 51.70 "/*#__PURE__*/"
#17 51.70 
#17 51.70 in "../../node_modules/.pnpm/@privy-io+react-auth@3.8.1_@react-native-async-storage+async-storage@2.2.0_react-native@0.81._erejg4ast5j5xivknppng7u6xq/node_modules/@privy-io/react-auth/dist/esm/TransactionErrorView-DmFbjQHi.mjs" contains an annotation that Rollup cannot interpret due to the position of the comment. The comment will be removed to avoid issues.
#17 51.70 ../../node_modules/.pnpm/@privy-io+react-auth@3.8.1_@react-native-async-storage+async-storage@2.2.0_react-native@0.81._erejg4ast5j5xivknppng7u6xq/node_modules/@privy-io/react-auth/dist/esm/TransactionErrorView-DmFbjQHi.mjs (1:2105): A comment
#17 51.70 
#17 51.70 "/*#__PURE__*/"
#17 51.70 
#17 51.70 in "../../node_modules/.pnpm/@privy-io+react-auth@3.8.1_@react-native-async-storage+async-storage@2.2.0_react-native@0.81._erejg4ast5j5xivknppng7u6xq/node_modules/@privy-io/react-auth/dist/esm/TransactionErrorView-DmFbjQHi.mjs" contains an annotation that Rollup cannot interpret due to the position of the comment. The comment will be removed to avoid issues.
#17 51.70 ../../node_modules/.pnpm/@privy-io+react-auth@3.8.1_@react-native-async-storage+async-storage@2.2.0_react-native@0.81._erejg4ast5j5xivknppng7u6xq/node_modules/@privy-io/react-auth/dist/esm/TransactionErrorView-DmFbjQHi.mjs (1:3128): A comment
#17 51.70 
#17 51.70 "/*#__PURE__*/"
#17 51.70 
#17 51.70 in "../../node_modules/.pnpm/@privy-io+react-auth@3.8.1_@react-native-async-storage+async-storage@2.2.0_react-native@0.81._erejg4ast5j5xivknppng7u6xq/node_modules/@privy-io/react-auth/dist/esm/TransactionErrorView-DmFbjQHi.mjs" contains an annotation that Rollup cannot interpret due to the position of the comment. The comment will be removed to avoid issues.
#17 51.70 ../../node_modules/.pnpm/@privy-io+react-auth@3.8.1_@react-native-async-storage+async-storage@2.2.0_react-native@0.81._erejg4ast5j5xivknppng7u6xq/node_modules/@privy-io/react-auth/dist/esm/TransactionErrorView-DmFbjQHi.mjs (1:7925): A comment
#17 51.70 
#17 51.70 "/*#__PURE__*/"
#17 51.70 
#17 51.70 in "../../node_modules/.pnpm/@privy-io+react-auth@3.8.1_@react-native-async-storage+async-storage@2.2.0_react-native@0.81._erejg4ast5j5xivknppng7u6xq/node_modules/@privy-io/react-auth/dist/esm/TransactionErrorView-DmFbjQHi.mjs" contains an annotation that Rollup cannot interpret due to the position of the comment. The comment will be removed to avoid issues.
#17 51.70 ../../node_modules/.pnpm/@privy-io+react-auth@3.8.1_@react-native-async-storage+async-storage@2.2.0_react-native@0.81._erejg4ast5j5xivknppng7u6xq/node_modules/@privy-io/react-auth/dist/esm/TransactionErrorView-DmFbjQHi.mjs (2:877): A comment
#17 51.70 
#17 51.70 "/*#__PURE__*/"
#17 51.70 
#17 51.70 in "../../node_modules/.pnpm/@privy-io+react-auth@3.8.1_@react-native-async-storage+async-storage@2.2.0_react-native@0.81._erejg4ast5j5xivknppng7u6xq/node_modules/@privy-io/react-auth/dist/esm/TransactionErrorView-DmFbjQHi.mjs" contains an annotation that Rollup cannot interpret due to the position of the comment. The comment will be removed to avoid issues.
#17 51.70 ../../node_modules/.pnpm/@privy-io+react-auth@3.8.1_@react-native-async-storage+async-storage@2.2.0_react-native@0.81._erejg4ast5j5xivknppng7u6xq/node_modules/@privy-io/react-auth/dist/esm/TransactionErrorView-DmFbjQHi.mjs (2:11396): A comment
#17 51.70 
#17 51.70 "/*#__PURE__*/"
#17 51.70 
#17 51.70 in "../../node_modules/.pnpm/@privy-io+react-auth@3.8.1_@react-native-async-storage+async-storage@2.2.0_react-native@0.81._erejg4ast5j5xivknppng7u6xq/node_modules/@privy-io/react-auth/dist/esm/TransactionErrorView-DmFbjQHi.mjs" contains an annotation that Rollup cannot interpret due to the position of the comment. The comment will be removed to avoid issues.
#17 53.13 ../../node_modules/.pnpm/ox@0.9.3_typescript@5.9.3_zod@4.1.13/node_modules/ox/_esm/core/Base64.js (6:27): A comment
#17 53.13 
#17 53.13 "/*#__PURE__*/"
#17 53.13 
#17 53.13 in "../../node_modules/.pnpm/ox@0.9.3_typescript@5.9.3_zod@4.1.13/node_modules/ox/_esm/core/Base64.js" contains an annotation that Rollup cannot interpret due to the position of the comment. The comment will be removed to avoid issues.
#17 53.27 ../../node_modules/.pnpm/ox@0.6.9_typescript@5.9.3_zod@4.1.13/node_modules/ox/_esm/core/Address.js (6:21): A comment
#17 53.27 
#17 53.27 "/*#__PURE__*/"
#17 53.27 
#17 53.27 in "../../node_modules/.pnpm/ox@0.6.9_typescript@5.9.3_zod@4.1.13/node_modules/ox/_esm/core/Address.js" contains an annotation that Rollup cannot interpret due to the position of the comment. The comment will be removed to avoid issues.
#17 53.27 ../../node_modules/.pnpm/ox@0.6.9_typescript@5.9.3_zod@4.1.13/node_modules/ox/_esm/core/Base64.js (6:27): A comment
#17 53.27 
#17 53.27 "/*#__PURE__*/"
#17 53.27 
#17 53.27 in "../../node_modules/.pnpm/ox@0.6.9_typescript@5.9.3_zod@4.1.13/node_modules/ox/_esm/core/Base64.js" contains an annotation that Rollup cannot interpret due to the position of the comment. The comment will be removed to avoid issues.
#17 53.64 ../../node_modules/.pnpm/ox@0.6.9_typescript@5.9.3_zod@4.1.13/node_modules/ox/_esm/core/internal/cursor.js (2:21): A comment
#17 53.64 
#17 53.64 "/*#__PURE__*/"
#17 53.64 
#17 53.64 in "../../node_modules/.pnpm/ox@0.6.9_typescript@5.9.3_zod@4.1.13/node_modules/ox/_esm/core/internal/cursor.js" contains an annotation that Rollup cannot interpret due to the position of the comment. The comment will be removed to avoid issues.
#17 55.27 ../../node_modules/.pnpm/ox@0.9.6_typescript@5.9.3_zod@4.1.13/node_modules/ox/_esm/core/Base64.js (6:27): A comment
#17 55.27 
#17 55.27 "/*#__PURE__*/"
#17 55.27 
#17 55.27 in "../../node_modules/.pnpm/ox@0.9.6_typescript@5.9.3_zod@4.1.13/node_modules/ox/_esm/core/Base64.js" contains an annotation that Rollup cannot interpret due to the position of the comment. The comment will be removed to avoid issues.
#17 100.7 ✓ 11402 modules transformed.
#17 107.5 rendering chunks...
#17 114.4 [plugin vite:reporter] 
#17 114.4 (!) /app/node_modules/.pnpm/viem@2.38.6_bufferutil@4.0.9_typescript@5.9.3_utf-8-validate@5.0.10_zod@3.25.76/node_modules/viem/_esm/chains/index.js is dynamically imported by /app/apps/web/src/features/trade/components/placeOrder/swap/swap.tsx but also statically imported by /app/apps/web/src/features/faucet/hooks/useNativeTokenFaucet.ts, /app/apps/web/src/features/home/hooks/useWithdraw.ts, /app/apps/web/src/features/lending/hooks/useBorrow.ts, /app/apps/web/src/features/lending/hooks/useRepay.ts, /app/apps/web/src/features/trade/hooks/swap/usePrivySwap.ts, /app/apps/web/src/hooks/useWalletState.ts, /app/apps/web/src/lib/viemClient.ts, /app/apps/web/src/providers/privyProvider.tsx, /app/node_modules/.pnpm/@reown+appkit@1.8.9_@react-native-async-storage+async-storage@2.2.0_react-native@0.81.5_@babe_vomv7vaiiglhdi5yvm5eqza5va/node_modules/@reown/appkit/dist/esm/src/networks/index.js, /app/node_modules/.pnpm/wagmi@2.19.5_@react-native-async-storage+async-storage@2.2.0_react-native@0.81.5_@babel+core@_z3nl57jmcqbop5rw36vedmvbji/node_modules/wagmi/dist/esm/exports/chains.js, /app/node_modules/.pnpm/x402@0.7.3_@react-native-async-storage+async-storage@2.2.0_react-native@0.81.5_@babel+core@7._bo2gcmsavgacpptnqduxoxmuva/node_modules/x402/dist/esm/chunk-3EQVFRKV.mjs, /app/node_modules/.pnpm/x402@0.7.3_@react-native-async-storage+async-storage@2.2.0_react-native@0.81.5_@babel+core@7._d3lvazv7wlxwd2rznrkhwy6m3m/node_modules/x402/dist/esm/chunk-3EQVFRKV.mjs, dynamic import will not move module into another chunk.
#17 114.4 
#17 114.5 [plugin vite:reporter] 
#17 114.5 (!) /app/apps/web/src/configs/contracts.ts is dynamically imported by /app/apps/web/src/features/trade/components/placeOrder/swap/swap.tsx but also statically imported by /app/apps/web/src/features/home/hooks/useDeposit.ts, /app/apps/web/src/features/home/hooks/useWithdraw.ts, /app/apps/web/src/features/lending/hooks/useBorrow.ts, /app/apps/web/src/features/lending/hooks/useRepay.ts, /app/apps/web/src/features/trade/components/placeOrder/swap/swap.tsx, /app/apps/web/src/features/trade/hooks/order/usePrivyPlaceOrder.ts, /app/apps/web/src/features/trade/hooks/swap/usePrivySwap.ts, /app/apps/web/src/features/trade/hooks/useContractBalance.ts, /app/apps/web/src/features/trade/hooks/useTradingRules.ts, dynamic import will not move module into another chunk.
#17 114.5 
#17 158.9 computing gzip size...
#17 164.7 dist/index.html                                                                 1.50 kB │ gzip:   0.76 kB
#17 164.7 dist/assets/index-B67xLQSA.css                                                 83.90 kB │ gzip:  14.49 kB
#17 164.7 dist/assets/analytics-mkkvFRju-DOXuftJB.js                                      0.12 kB │ gzip:   0.13 kB │ map:      0.44 kB
#17 164.7 dist/assets/capitalizeFirstLetter-DmLYqXsO-tV1Idewc.js                          0.14 kB │ gzip:   0.15 kB │ map:      0.54 kB
#17 164.7 dist/assets/parseEther-CCdWG4wI.js                                              0.15 kB │ gzip:   0.16 kB │ map:      0.91 kB
#17 164.7 dist/assets/check-DBLl-H-f.js                                                   0.17 kB │ gzip:   0.18 kB │ map:      0.83 kB
#17 164.7 dist/assets/getChainName-DjpPdUSc-c2urPd0g.js                                   0.21 kB │ gzip:   0.17 kB │ map:      0.64 kB
#17 164.7 dist/assets/shouldProceedtoEmbeddedWalletCreationFlow-DVwf2mAj-BxLp3G9B.js      0.23 kB │ gzip:   0.21 kB │ map:      0.67 kB
#17 164.7 dist/assets/formatErc20TokenAmount-BuPk9xcy-CkAr4Oc0.js                         0.23 kB │ gzip:   0.21 kB │ map:      0.73 kB
#17 164.7 dist/assets/getUsdcMintAddress-DFI1hv05-jlhpBW9a.js                             0.24 kB │ gzip:   0.23 kB │ map:      0.71 kB
#17 164.7 dist/assets/lock-SW8woq38.js                                                    0.26 kB │ gzip:   0.24 kB │ map:      1.04 kB
#17 164.7 dist/assets/circle-check-big-DFOHN5TF.js                                        0.26 kB │ gzip:   0.23 kB │ map:      1.04 kB
#17 164.7 dist/assets/circle-x-CZ5tXILn.js                                                0.26 kB │ gzip:   0.22 kB │ map:      1.08 kB
#17 164.7 dist/assets/transfer-CMPmjPsM-Cjofo3yZ.js                                       0.26 kB │ gzip:   0.21 kB │ map:      0.79 kB
#17 164.7 dist/assets/mail-cT-tv6p0.js                                                    0.27 kB │ gzip:   0.24 kB │ map:      1.04 kB
#17 164.7 dist/assets/copy-DiK8w9Ac.js                                                    0.29 kB │ gzip:   0.25 kB │ map:      1.07 kB
#17 164.7 dist/assets/LabelXs-BOisBtqT-CDvzRVQE.js                                        0.29 kB │ gzip:   0.26 kB │ map:      0.71 kB
#17 164.7 dist/assets/Title-D0pfZff--Dg-fRG-I.js                                          0.30 kB │ gzip:   0.26 kB │ map:      0.72 kB
#17 164.7 dist/assets/ErrorMessage-Cx8GKGhL-CG1wInJ-.js                                   0.31 kB │ gzip:   0.26 kB │ map:      0.73 kB
#17 164.7 dist/assets/circle-alert-BJp7IiLi.js                                            0.31 kB │ gzip:   0.24 kB │ map:      1.23 kB
#17 164.7 dist/assets/external-link-DC9uI3ro.js                                           0.31 kB │ gzip:   0.25 kB │ map:      1.14 kB
#17 164.7 dist/assets/formatters-SJxM3oSP.js                                              0.35 kB │ gzip:   0.28 kB │ map:      1.13 kB
#17 164.7 dist/assets/Subtitle-DkvfP2Ev-DxzlrRxz.js                                       0.36 kB │ gzip:   0.29 kB │ map:      0.78 kB
#17 164.7 dist/assets/InjectedWalletIcon-DLcYOGDj-s8IJJmHS.js                             0.40 kB │ gzip:   0.29 kB │ map:      1.10 kB
#17 164.7 dist/assets/StackedContainer-BrIQsdas-DDaEI8p9.js                               0.44 kB │ gzip:   0.32 kB │ map:      0.87 kB
#17 164.7 dist/assets/LoadingSkeleton-CHdaq3pb-DiwDsAqa.js                                0.46 kB │ gzip:   0.29 kB │ map:      0.99 kB
#17 164.7 dist/assets/useGetSolPrice-fF6UX0Cj-DNaVRZYg.js                                 0.49 kB │ gzip:   0.36 kB │ map:      1.41 kB
#17 164.7 dist/assets/getErc20Balance-Cl5jZN3g-BxfA18cR.js                                0.52 kB │ gzip:   0.37 kB │ map:      1.40 kB
#17 164.7 dist/assets/ChevronDownIcon-hF9peP6k.js                                         0.54 kB │ gzip:   0.40 kB │ map:      1.57 kB
#17 164.7 dist/assets/WalletCards-DH1rqayz-D4NG34vg.js                                    0.55 kB │ gzip:   0.39 kB │ map:      1.30 kB
#17 164.7 dist/assets/CheckCircleIcon-aF41a5CX.js                                         0.57 kB │ gzip:   0.42 kB │ map:      1.60 kB
#17 164.7 dist/assets/telegram-B-JqnkqZ-Cf-IQjOh.js                                       0.58 kB │ gzip:   0.41 kB │ map:      1.32 kB
#17 164.7 dist/assets/shared-CtYf3O54-C6FmdVtw.js                                         0.58 kB │ gzip:   0.40 kB │ map:      1.13 kB
#17 164.7 dist/assets/ExclamationCircleIcon-DLOZNwGi.js                                   0.59 kB │ gzip:   0.43 kB │ map:      1.65 kB
#17 164.7 dist/assets/useWalletBalance-BuMx9pCk-BIRw7NjH.js                               0.60 kB │ gzip:   0.42 kB │ map:      1.85 kB
#17 164.7 dist/assets/transaction-CnfuREWo-nROljJQP.js                                    0.63 kB │ gzip:   0.42 kB │ map:      1.60 kB
#17 164.7 dist/assets/FundWalletMethodHeader-RY6-H-Ry-iOxnrRg8.js                         0.64 kB │ gzip:   0.40 kB │ map:      1.48 kB
#17 164.7 dist/assets/fingerprint-pattern-Dkokanac.js                                     0.68 kB │ gzip:   0.40 kB │ map:      1.92 kB
#17 164.7 dist/assets/LockClosedIcon-oCBz95Ej.js                                          0.68 kB │ gzip:   0.45 kB │ map:      1.71 kB
#17 164.7 dist/assets/ExclamationTriangleIcon-KSkQJaBL.js                                 0.69 kB │ gzip:   0.50 kB │ map:      1.76 kB
#17 164.7 dist/assets/CheckCircleIcon-bWCO_kI9.js                                         0.70 kB │ gzip:   0.48 kB │ map:      1.69 kB
#17 164.7 dist/assets/getErc20TokenInfo-wBcf5dYY-DEBHJXcH.js                              0.70 kB │ gzip:   0.42 kB │ map:      1.81 kB
#17 164.7 dist/assets/ShieldCheckIcon-2mQAecqM.js                                         0.72 kB │ gzip:   0.51 kB │ map:      1.75 kB
#17 164.7 dist/assets/ethers-oRuqwv5W-C2GngGtl.js                                         0.75 kB │ gzip:   0.48 kB │ map:      2.11 kB
#17 164.7 dist/assets/use-create-wallet-without-fallback-COqi_EHH-D4dQNU7y.js             0.75 kB │ gzip:   0.44 kB │ map:      1.79 kB
#17 164.7 dist/assets/EnvelopeIcon-BKSH_z7z.js                                            0.76 kB │ gzip:   0.48 kB │ map:      1.78 kB
#17 164.7 dist/assets/WalletIcon-uuP6Wv0j.js                                              0.77 kB │ gzip:   0.47 kB │ map:      1.78 kB
#17 164.7 dist/assets/ArrowsRightLeftIcon-BW4unqPz.js                                     0.80 kB │ gzip:   0.47 kB │ map:      1.80 kB
#17 164.7 dist/assets/FingerPrintIcon-qfpRwrFX.js                                         0.82 kB │ gzip:   0.56 kB │ map:      1.84 kB
#17 164.7 dist/assets/InAppBrowserLoginNotPossible-CTnPeOBa-BX5NDts8.js                   0.84 kB │ gzip:   0.54 kB │ map:      2.19 kB
#17 164.7 dist/assets/ErrorBanner-BdiArMwu-DVRdJTDg.js                                    0.84 kB │ gzip:   0.52 kB │ map:      1.77 kB
#17 164.7 dist/assets/WarningBanner-BDp-QC9i-D5X6Pa7W.js                                  0.85 kB │ gzip:   0.52 kB │ map:      1.78 kB
#17 164.7 dist/assets/PhoneIcon-Bfy-4LYE.js                                               0.86 kB │ gzip:   0.57 kB │ map:      1.86 kB
#17 164.7 dist/assets/ScreenLayout-pthdsODa-DGuk5b2G.js                                   0.88 kB │ gzip:   0.48 kB │ map:      2.34 kB
#17 164.7 dist/assets/Value-B4M62ove-DiuoSEAq.js                                          0.97 kB │ gzip:   0.48 kB │ map:      2.08 kB
#17 164.7 dist/assets/ScreenHeader-Biz1wq02-CHUiEFKH.js                                   0.98 kB │ gzip:   0.54 kB │ map:      2.19 kB
#17 164.7 dist/assets/LoginFailedScreen-CoukYLVP-BpQr31KJ.js                              0.98 kB │ gzip:   0.61 kB │ map:      2.55 kB
#17 164.7 dist/assets/GlobeAltIcon-DZ5mVM7A.js                                            0.98 kB │ gzip:   0.60 kB │ map:      2.00 kB
#17 164.7 dist/assets/OpenLink-BpeNYBKs-f97D3zyE.js                                       1.00 kB │ gzip:   0.60 kB │ map:      1.90 kB
#17 164.7 dist/assets/Chip-Bsgj4Yc--CY0-1E8k.js                                           1.03 kB │ gzip:   0.58 kB │ map:      2.11 kB
#17 164.7 dist/assets/LinkEmailScreen-x_TPODcx-BVnFaKg2.js                                1.08 kB │ gzip:   0.64 kB │ map:      3.07 kB
#17 164.7 dist/assets/useGetTokenPrice-CnQZmfvQ-CIewgEZK.js                               1.08 kB │ gzip:   0.59 kB │ map:      3.98 kB
#17 164.7 dist/assets/JsonTree-Bvd2C29R-Bcjs7h67.js                                       1.13 kB │ gzip:   0.64 kB │ map:      2.36 kB
#17 164.7 dist/assets/AllowlistRejectionScreen-WgcCN6CH-c7yj95qw.js                       1.16 kB │ gzip:   0.65 kB │ map:      2.86 kB
#17 164.7 dist/assets/EmbeddedWalletPasswordUpdateSplashScreen-BNOCuoES-DWPCQQSm.js       1.22 kB │ gzip:   0.73 kB │ map:      2.97 kB
#17 164.7 dist/assets/createLucideIcon-CnB0lwQE.js                                        1.22 kB │ gzip:   0.73 kB │ map:      6.10 kB
#17 164.7 dist/assets/AccountNotFoundScreen-DQR0FatT-B7tt2RMt.js                          1.23 kB │ gzip:   0.78 kB │ map:      3.85 kB
#17 164.7 dist/assets/UserLimitReachedScreen-68Vv3bFU-CwsXrzcJ.js                         1.29 kB │ gzip:   0.79 kB │ map:      3.07 kB
#17 164.7 dist/assets/EmbeddedWalletCreatedScreen-DFciR3k8-86mTk3Oy.js                    1.30 kB │ gzip:   0.80 kB │ map:      3.28 kB
#17 164.7 dist/assets/InfoBanner-D6C6Bt8L-WTGgxe1h.js                                     1.35 kB │ gzip:   0.80 kB │ map:      3.37 kB
#17 164.7 dist/assets/ConnectOrCreateScreen-CZDi1Oaj-D7Go7lmk.js                          1.49 kB │ gzip:   0.85 kB │ map:      3.45 kB
#17 164.7 dist/assets/getFormattedUsdFromLamports-B6EqSEho-C-HCdwKa.js                    1.50 kB │ gzip:   0.79 kB │ map:      2.60 kB
#17 164.7 dist/assets/LinkPhoneScreen-DaK-7otl-B8MStkYZ.js                                1.50 kB │ gzip:   0.88 kB │ map:      3.66 kB
#17 164.7 dist/assets/farcaster-DPlSjvF5-B7Ee339_.js                                      1.51 kB │ gzip:   0.75 kB │ map:      2.63 kB
#17 164.7 dist/assets/CopyToClipboard-DatKc59_-CIXjd4Gz.js                                1.52 kB │ gzip:   0.85 kB │ map:      2.96 kB
#17 164.7 dist/assets/LandingScreen-CzhCoUSE-BkFvcKXP.js                                  1.53 kB │ gzip:   0.88 kB │ map:      3.50 kB
#17 164.7 dist/assets/Address-C1iw9r70-CR7Z10MY.js                                        1.55 kB │ gzip:   0.78 kB │ map:      3.61 kB
#17 164.7 dist/assets/UpdatePhoneScreen-BoEnTnCl-BwaDORv_.js                              1.61 kB │ gzip:   0.94 kB │ map:      3.78 kB
#17 164.7 dist/assets/Link-DwjLfHwW-DWW8GdJd.js                                           1.63 kB │ gzip:   0.68 kB │ map:      3.12 kB
#17 164.7 dist/assets/TodoList-Dn0Qu-vv-BCdBhoHu.js                                       1.66 kB │ gzip:   0.79 kB │ map:      3.85 kB
#17 164.7 dist/assets/InstallWalletScreen-CBxWJiQf-DrIFpftq.js                            1.68 kB │ gzip:   0.92 kB │ map:      3.99 kB
#17 164.7 dist/assets/copy-Bx2Jwc5_-B3JGCnHl.js                                           1.69 kB │ gzip:   0.71 kB │ map:      2.33 kB
#17 164.7 dist/assets/index-CJMgUOnw-DrUYua9o.js                                          1.71 kB │ gzip:   0.71 kB │ map:      2.89 kB
#17 164.7 dist/assets/WalletInterstitialScreen-Du_L0CK7-DhMuxuaJ.js                       1.72 kB │ gzip:   0.96 kB │ map:      3.94 kB
#17 164.7 dist/assets/index-BctMJtH0-N0DPLK5u.js                                          1.76 kB │ gzip:   0.88 kB │ map:      3.69 kB
#17 164.7 dist/assets/PasskeySelectSignupOrLogin-Dvxli58H-CSnEcbqZ.js                     1.76 kB │ gzip:   0.78 kB │ map:      4.57 kB
#17 164.7 dist/assets/DelegatedActionsRevokeScreen-CTgPXrqu-mps-0owg.js                   1.78 kB │ gzip:   1.04 kB │ map:      4.75 kB
#17 164.7 dist/assets/FundingEditAmountScreen-DiZ2-4XS-C6uD27BZ.js                        1.81 kB │ gzip:   1.02 kB │ map:      4.56 kB
#17 164.7 dist/assets/styles-DY17fuAX-BRsuuRWZ.js                                         1.83 kB │ gzip:   0.68 kB │ map:      3.18 kB
#17 164.7 dist/assets/useI18n-DIAzggWr-RTDOyUix.js                                        1.83 kB │ gzip:   0.82 kB │ map:      2.92 kB
#17 164.7 dist/assets/ConnectOnlyLandingScreen-CjVJO9uh-BqKGGBIr.js                       1.85 kB │ gzip:   0.94 kB │ map:      4.06 kB
#17 164.7 dist/assets/AuthenticateWithWalletScreen-D6Zy69An-BYVOdWJs.js                   1.90 kB │ gzip:   0.99 kB │ map:      4.20 kB
#17 164.7 dist/assets/WalletLink-D2x4SkPO-B0AiQXBO.js                                     1.92 kB │ gzip:   0.91 kB │ map:      4.45 kB
#17 164.7 dist/assets/PhCaretLeft-B7YLoNEF.js                                             1.93 kB │ gzip:   0.96 kB │ map:      4.60 kB
#17 164.7 dist/assets/PhCaretDown-ddSjwcwm.js                                             1.99 kB │ gzip:   0.99 kB │ map:      4.66 kB
#17 164.7 dist/assets/PhCaretRight-BY8D5MIg.js                                            2.01 kB │ gzip:   0.98 kB │ map:      4.68 kB
#17 164.7 dist/assets/Layouts-Bmf8DxNP-k9XYHxt2.js                                        2.05 kB │ gzip:   0.70 kB │ map:      3.55 kB
#17 164.7 dist/assets/fallback-ZEn9UGPy.js                                                2.05 kB │ gzip:   1.06 kB │ map:     10.85 kB
#17 164.7 dist/assets/reservoir-DRNnyqld-CbNc2oPN.js                                      2.05 kB │ gzip:   1.09 kB │ map:      4.32 kB
#17 164.7 dist/assets/WalletInfoCard-DmIqX_B8-DEaX7bVJ.js                                 2.06 kB │ gzip:   1.02 kB │ map:      4.39 kB
#17 164.7 dist/assets/PhCaretUp-BG10nSut.js                                               2.07 kB │ gzip:   0.97 kB │ map:      4.76 kB
#17 164.7 dist/assets/PhArrowUpRight-Bn-JhHsY.js                                          2.12 kB │ gzip:   1.05 kB │ map:      4.79 kB
#17 164.7 dist/assets/PhArrowDown-CkoOD89h.js                                             2.15 kB │ gzip:   1.05 kB │ map:      4.84 kB
#17 164.7 dist/assets/PhPlus-CBvZvLax.js                                                  2.15 kB │ gzip:   1.00 kB │ map:      4.82 kB
#17 164.7 dist/assets/PhCheck-DrKd7pBC.js                                                 2.16 kB │ gzip:   1.02 kB │ map:      4.83 kB
#17 164.7 dist/assets/PhArrowRight-BI-V03Xf.js                                            2.16 kB │ gzip:   1.04 kB │ map:      4.85 kB
#17 164.7 dist/assets/PhArrowLeft-C0jlxVhM.js                                             2.17 kB │ gzip:   1.04 kB │ map:      4.84 kB
#17 164.7 dist/assets/PhArrowUp-izKvURUW.js                                               2.22 kB │ gzip:   1.04 kB │ map:      4.89 kB
#17 164.7 dist/assets/DelegatedActionsConsentScreen-DeBkGN9b-CDFK0iWq.js                  2.22 kB │ gzip:   1.29 kB │ map:      5.30 kB
#17 164.7 dist/assets/PhBrowser-BjzAmrHO.js                                               2.26 kB │ gzip:   1.01 kB │ map:      4.93 kB
#17 164.7 dist/assets/PhMagnifyingGlass-B6D0sWFL.js                                       2.27 kB │ gzip:   1.11 kB │ map:      4.93 kB
#17 164.7 dist/assets/Checkbox-NmGCZeKL-DN5jhCYG.js                                       2.28 kB │ gzip:   1.21 kB │ map:      4.75 kB
#17 164.7 dist/assets/PhDotsThree-CSAEcba1.js                                             2.30 kB │ gzip:   0.98 kB │ map:      4.94 kB
#17 164.7 dist/assets/MfaVerifyFlowScreen-ghKHn2BT--Uqv2Aoh.js                            2.33 kB │ gzip:   1.26 kB │ map:      6.09 kB
#17 164.7 dist/assets/ConnectEmailForm-C2TJPUYV-wc_LT8J_.js                               2.39 kB │ gzip:   1.37 kB │ map:      5.57 kB
#17 164.7 dist/assets/PhCopy-rgttky8E.js                                                  2.41 kB │ gzip:   1.05 kB │ map:      5.11 kB
#17 164.7 dist/assets/PhFunnelSimple-DKx35ITq.js                                          2.41 kB │ gzip:   1.04 kB │ map:      5.10 kB
#17 164.7 dist/assets/PhClock-Sj17weCB.js                                                 2.42 kB │ gzip:   1.07 kB │ map:      5.08 kB
#17 164.7 dist/assets/PhWarningCircle-Cm58gXb9.js                                         2.48 kB │ gzip:   1.09 kB │ map:      5.18 kB
#17 164.7 dist/assets/parseSignature-D1XdPk67.js                                          2.49 kB │ gzip:   1.14 kB │ map:     14.19 kB
#17 164.7 dist/assets/AffirmativeConsentScreen-BU4I5ISJ-C7W_847u.js                       2.50 kB │ gzip:   1.35 kB │ map:      6.66 kB
#17 164.7 dist/assets/PhX-C3b4cCEy.js                                                     2.54 kB │ gzip:   1.10 kB │ map:      5.21 kB
#17 164.7 dist/assets/RecoveryPasswordCreateScreen-DdzD09T3-CdX7gFyT.js                   2.55 kB │ gzip:   1.32 kB │ map:      6.93 kB
#17 164.7 dist/assets/EmailInputForm-B4hjCxRU-24fdHu2l.js                                 2.59 kB │ gzip:   0.94 kB │ map:      3.62 kB
#17 164.7 dist/assets/ConnectLedgerScreen-TCVn5s4x-W9XoXV6Y.js                            2.61 kB │ gzip:   1.31 kB │ map:      6.69 kB
#17 164.7 dist/assets/PhDeviceMobile-CnybhXY-.js                                          2.63 kB │ gzip:   1.11 kB │ map:      5.31 kB
#17 164.7 dist/assets/UpdateEmailScreen-DoDVvVCw-ynAckO2h.js                              2.63 kB │ gzip:   1.40 kB │ map:      6.75 kB
#17 164.7 dist/assets/PhArrowClockwise-mOiWYLMV.js                                        2.64 kB │ gzip:   1.23 kB │ map:      5.33 kB
#17 164.7 dist/assets/CaptchaScreen-BBjPbV4B-C8q-obOR.js                                  2.66 kB │ gzip:   1.35 kB │ map:      6.85 kB
#17 164.7 dist/assets/ccip-DlqcbsHN.js                                                    2.66 kB │ gzip:   1.28 kB │ map:     10.29 kB
#17 164.7 dist/assets/ccip-BjBChEQ9.js                                                    2.66 kB │ gzip:   1.28 kB │ map:     10.29 kB
#17 164.7 dist/assets/EmbeddedWalletOnAccountCreateScreen-C7cawTmQ-Dbp14vff.js            2.67 kB │ gzip:   1.34 kB │ map:      6.55 kB
#17 164.7 dist/assets/MfaAuthVerifyFlowScreen-Cr92F0yT-Bjvt2ZXP.js                        2.69 kB │ gzip:   1.44 kB │ map:      6.77 kB
#17 164.7 dist/assets/PhUser-A2fxqIV0.js                                                  2.72 kB │ gzip:   1.30 kB │ map:      5.40 kB
#17 164.7 dist/assets/PhEnvelope-SmaNeXoQ.js                                              2.73 kB │ gzip:   1.21 kB │ map:      5.40 kB
#17 164.7 dist/assets/SetAutomaticRecoveryScreen-g1kDOe61-Daa9wNEO.js                     2.75 kB │ gzip:   1.37 kB │ map:      6.42 kB
#17 164.7 dist/assets/PhCircleHalf-Bk9C4DvT.js                                            2.76 kB │ gzip:   1.25 kB │ map:      5.45 kB
#17 164.7 dist/assets/styles-BxA7nKxI-DCczsnUq.js                                         2.79 kB │ gzip:   1.37 kB │ map:      4.70 kB
#17 164.7 dist/assets/PhSignOut-Cq2PivQ6.js                                               2.81 kB │ gzip:   1.20 kB │ map:      5.50 kB
#17 164.7 dist/assets/PhInfo-X33f06Ej.js                                                  2.82 kB │ gzip:   1.25 kB │ map:      5.49 kB
#17 164.7 dist/assets/PhPower-D8-AcNM6.js                                                 2.82 kB │ gzip:   1.31 kB │ map:      5.50 kB
#17 164.7 dist/assets/PhDesktop-BuCDXYJj.js                                               2.83 kB │ gzip:   1.15 kB │ map:      5.53 kB
#17 164.7 dist/assets/PhArrowsLeftRight-CYsRQ2qh.js                                       2.86 kB │ gzip:   1.22 kB │ map:      5.56 kB
#17 164.7 dist/assets/PhArrowCircleDown-BtlNV0TZ.js                                       2.87 kB │ gzip:   1.22 kB │ map:      5.55 kB
#17 164.7 dist/assets/QrCode-BI2LxLLg-WloTYE_G.js                                         2.88 kB │ gzip:   1.42 kB │ map:      7.30 kB
#17 164.7 dist/assets/PhQuestionMark-W55Txvvb.js                                          2.89 kB │ gzip:   1.34 kB │ map:      5.56 kB
#17 164.7 dist/assets/EmbeddedWalletConnectingScreen-Qu9cmWzJ-k9tE5HMk.js                 2.96 kB │ gzip:   1.44 kB │ map:      7.08 kB
#17 164.7 dist/assets/CrossAppAuthScreen-CnvB1lhx-Bu6RYTjO.js                             2.97 kB │ gzip:   1.54 kB │ map:      7.43 kB
#17 164.7 dist/assets/PhArrowSquareOut-DnQ7n_B4.js                                        2.98 kB │ gzip:   1.29 kB │ map:      5.67 kB
#17 164.7 dist/assets/PhArrowsDownUp-PZosTqZG.js                                          2.98 kB │ gzip:   1.21 kB │ map:      5.64 kB
#17 164.7 dist/assets/PhBank-hhPAIPVb.js                                                  2.98 kB │ gzip:   1.29 kB │ map:      5.66 kB
#17 164.7 dist/assets/PhCreditCard-CZpdid2n.js                                            2.98 kB │ gzip:   1.19 kB │ map:      5.68 kB
#17 164.7 dist/assets/PhVault-B8m1usHw.js                                                 3.01 kB │ gzip:   1.23 kB │ map:      5.69 kB
#17 164.7 dist/assets/PhCompass-Df1ugFO-.js                                               3.03 kB │ gzip:   1.31 kB │ map:      5.74 kB
#17 164.7 dist/assets/PasskeyStatusScreen-c9nu4s_d-45tRNjDR.js                            3.10 kB │ gzip:   1.56 kB │ map:      7.16 kB
#17 164.7 dist/assets/ConnectOnlyStatusScreen-BGJ4l52n-ByDHBeJQ.js                        3.14 kB │ gzip:   1.61 kB │ map:      7.29 kB
#17 164.7 dist/assets/PhPaperPlaneRight-Dvo-nXr9.js                                       3.15 kB │ gzip:   1.46 kB │ map:      5.83 kB
#17 164.7 dist/assets/PhTrash-BamrmMsN.js                                                 3.16 kB │ gzip:   1.23 kB │ map:      5.83 kB
#17 164.7 dist/assets/EmbeddedWalletPasswordUpdateScreen-GdNNmtZR-uWHST_Ux.js             3.20 kB │ gzip:   1.33 kB │ map:      7.33 kB
#17 164.7 dist/assets/PasswordRecoveryScreen-CsdO4G6h-C-xbdOA5.js                         3.25 kB │ gzip:   1.67 kB │ map:      8.26 kB
#17 164.7 dist/assets/PhCurrencyDollar-B6IKKjue.js                                        3.30 kB │ gzip:   1.37 kB │ map:      6.01 kB
#17 164.7 dist/assets/PhQuestion-rUoqC2sC.js                                              3.36 kB │ gzip:   1.48 kB │ map:      6.00 kB
#17 164.7 dist/assets/TelegramAuthScreen-B5uYbdxP-DdMu1PPX.js                             3.44 kB │ gzip:   1.71 kB │ map:      8.17 kB
#17 164.7 dist/assets/PhImage-BYrKfN9k.js                                                 3.48 kB │ gzip:   1.48 kB │ map:      6.15 kB
#17 164.7 dist/assets/CoinbaseOnrampStatusScreen-CZpfBNiz-BJZ9vcrx.js                     3.83 kB │ gzip:   1.76 kB │ map:      8.98 kB
#17 164.7 dist/assets/PhArrowsClockwise-Brtx2Re-.js                                       3.92 kB │ gzip:   1.63 kB │ map:      6.60 kB
#17 164.7 dist/assets/PhWarning-CpkID9oi.js                                               3.95 kB │ gzip:   1.53 kB │ map:      6.64 kB
#17 164.7 dist/assets/RecoverySelectionScreen-D2nDGt4R-CnpvPQDF.js                        3.95 kB │ gzip:   1.98 kB │ map:      9.93 kB
#17 164.7 dist/assets/TransferFromWalletScreen-Dvp-YNqS-BVjfCCkH.js                       4.13 kB │ gzip:   1.70 kB │ map:      9.83 kB
#17 164.7 dist/assets/FarcasterSignerStatusScreen-MQ2QrijY-T65cdWBx.js                    4.17 kB │ gzip:   1.81 kB │ map:      8.68 kB
#17 164.7 dist/assets/PhIdentificationCard-BeLXJpfZ.js                                    4.28 kB │ gzip:   1.69 kB │ map:      6.95 kB
#17 164.7 dist/assets/SignRequestScreen-DjLHkDxK-Cr6iMatk.js                              4.28 kB │ gzip:   2.21 kB │ map:     10.21 kB
#17 164.7 dist/assets/ErrorScreen-NoHFWbKU-v0VSFLd_.js                                    4.30 kB │ gzip:   1.85 kB │ map:     10.31 kB
#17 164.7 dist/assets/PhSpinner-CZMtAFdX.js                                               4.50 kB │ gzip:   1.68 kB │ map:      7.16 kB
#17 164.7 dist/assets/MoonpayStatusScreen-DhMZLroP-Dw9iLkTP.js                            4.73 kB │ gzip:   2.36 kB │ map:      8.99 kB
#17 164.7 dist/assets/ManualTransferScreen-DdumQnbt-EA-sngE8.js                           4.94 kB │ gzip:   2.37 kB │ map:     11.01 kB
#17 164.7 dist/assets/PhLightbulb-DMZJsowR.js                                             4.97 kB │ gzip:   1.90 kB │ map:      7.66 kB
#17 164.7 dist/assets/PhQrCode-uIXlI5ER.js                                                4.97 kB │ gzip:   1.51 kB │ map:      7.67 kB
#17 164.7 dist/assets/MfaAuthEnrollmentFlowScreen-BsRpCR72-BH9JxiiE.js                    5.09 kB │ gzip:   2.21 kB │ map:     12.23 kB
#17 164.7 dist/assets/EmbeddedWalletKeyExportScreen-CEo3FI_N-DVRU1sss.js                  5.31 kB │ gzip:   2.26 kB │ map:     10.42 kB
#17 164.7 dist/assets/PhPuzzlePiece-C-7mYqGO.js                                           5.42 kB │ gzip:   2.00 kB │ map:      8.11 kB
#17 164.7 dist/assets/OAuthStatusScreen-BFVDc4G4-F3a_WUps.js                              5.44 kB │ gzip:   2.60 kB │ map:     11.93 kB
#17 164.7 dist/assets/to-ui-error-B8DSJO-0-DwX5cuIN.js                                    5.67 kB │ gzip:   2.43 kB │ map:     13.24 kB
#17 164.7 dist/assets/AwaitingSolToEvmBridgingScreen-BSxfnQcf-BRwvyQso.js                 5.69 kB │ gzip:   2.62 kB │ map:     11.90 kB
#17 164.7 dist/assets/PhGlobe-q1mqj65V.js                                                 5.76 kB │ gzip:   1.96 kB │ map:      8.40 kB
#17 164.7 dist/assets/features-DkU2MqUe.js                                                5.92 kB │ gzip:   2.35 kB │ map:     20.11 kB
#17 164.7 dist/assets/TransactionDetails-DITlhQNk-f67owEKW.js                             5.97 kB │ gzip:   1.95 kB │ map:     12.49 kB
#17 164.7 dist/assets/LinkPasskeyScreen-D9IfHaec-nwkQJsqG.js                              6.14 kB │ gzip:   2.55 kB │ map:     12.68 kB
#17 164.7 dist/assets/shared-BMOp6N9y-380oxl8d.js                                         6.19 kB │ gzip:   2.01 kB │ map:     11.68 kB
#17 164.7 dist/assets/WalletButtonList-C1OqZHCA-BkXjqn5n.js                               6.52 kB │ gzip:   2.29 kB │ map:     14.19 kB
#17 164.7 dist/assets/TurnstileWrapper-Co-t5mTh-BJR7s5iL.js                               6.71 kB │ gzip:   2.65 kB │ map:     15.64 kB
#17 164.7 dist/assets/Screen-Dzz_AFFs-DXEReS92.js                                         7.01 kB │ gzip:   2.24 kB │ map:     12.92 kB
#17 164.7 dist/assets/Button-OlK_6fKk-Ds7YTyHp.js                                         7.66 kB │ gzip:   1.66 kB │ map:     12.51 kB
#17 164.7 dist/assets/FarcasterConnectStatusScreen-CiN00CmD-CAFt6THv.js                   7.94 kB │ gzip:   3.31 kB │ map:     16.38 kB
#17 164.7 dist/assets/RecoveryOAuthStatusScreen-Dp7fnj5t-K1Pyzt5i.js                      8.13 kB │ gzip:   3.12 kB │ map:     17.75 kB
#17 164.7 dist/assets/AwaitingEvmToSolBridgingScreen-ByIVuwRF-BHWxIrN3.js                 8.18 kB │ gzip:   3.56 kB │ map:     17.69 kB
#17 164.7 dist/assets/LinkConflictScreen-BnoDRUE0-C4VktKTz.js                             8.46 kB │ gzip:   3.18 kB │ map:     17.30 kB
#17 164.7 dist/assets/AwaitingPasswordlessCodeScreen-itJ4854u-C1IMn3lK.js                 8.79 kB │ gzip:   3.76 kB │ map:     18.44 kB
#17 164.7 dist/assets/ConnectionStatusScreen-B3NfUQx_-CeMBPHXy.js                         9.02 kB │ gzip:   3.86 kB │ map:     18.93 kB
#17 164.7 dist/assets/index-D9std1Z8.js                                                   9.03 kB │ gzip:   2.98 kB │ map:     38.07 kB
#17 164.7 dist/assets/index-BgF3bTTm.js                                                   9.52 kB │ gzip:   3.60 kB │ map:      0.10 kB
#17 164.7 dist/assets/AwaitingExternalEthereumTransferScreen-Bq0rCErj-AkeTJpqG.js        10.31 kB │ gzip:   4.14 kB │ map:     22.65 kB
#17 164.7 dist/assets/PinInput-C3_MNxMt-BE1d341L.js                                      10.34 kB │ gzip:   3.77 kB │ map:     16.87 kB
#17 164.7 dist/assets/MfaEnrollmentFlowScreen-CXyaDU1D-B8bMHKUx.js                       10.45 kB │ gzip:   3.83 kB │ map:     23.99 kB
#17 164.7 dist/assets/PhSealCheck-BeVLq9PH.js                                            12.15 kB │ gzip:   4.06 kB │ map:     14.82 kB
#17 164.7 dist/assets/ModalHeader-CxHK1IKF-CDRx4jI9.js                                   12.68 kB │ gzip:   5.44 kB │ map:     19.60 kB
#17 164.7 dist/assets/FundingMethodSelectionScreen-yZenKs6o-WXk-a4GL.js                  12.92 kB │ gzip:   5.36 kB │ map:     26.55 kB
#17 164.7 dist/assets/TransferOrBridgeLoadingScreen-CFRKffkj-Cqy40dxB.js                 13.11 kB │ gzip:   5.14 kB │ map:     22.48 kB
#17 164.7 dist/assets/property-CnFDNXw5.js                                               17.25 kB │ gzip:   6.45 kB │ map:     49.13 kB
#17 164.7 dist/assets/HCaptchaWrapper-Dl2Jt_Df-blxJPqZ-.js                               19.64 kB │ gzip:   7.26 kB │ map:     55.71 kB
#17 164.7 dist/assets/StandardSignAndSendTransactionScreen-CFqthHKF-Dau3mqgH.js          20.03 kB │ gzip:   6.79 kB │ map:     57.38 kB
#17 164.7 dist/assets/CustomLandingScreenView-DZTOg8z4-B642tp55.js                       20.20 kB │ gzip:   7.30 kB │ map:     46.07 kB
#17 164.7 dist/assets/index-Ce4cEnEO-C7PHanpZ.js                                         21.39 kB │ gzip:   6.44 kB │ map:     45.01 kB
#17 164.7 dist/assets/EnrollTotp-CtNw20-I-Cl4Xc2uF.js                                    23.71 kB │ gzip:   9.91 kB │ map:     42.02 kB
#17 164.7 dist/assets/TransactionErrorView-DmFbjQHi-C1422gTa.js                          24.41 kB │ gzip:   6.79 kB │ map:     56.96 kB
#17 164.7 dist/assets/FundSolWalletWithExternalSolanaWallet-DVaHCgDh-E3TtP3gA.js         25.03 kB │ gzip:   8.45 kB │ map:    219.28 kB
#17 164.7 dist/assets/browser-C_672cM4.js                                                25.99 kB │ gzip:  10.22 kB │ map:    126.15 kB
#17 164.7 dist/assets/twitch-5IOe4sIQ-sTo_GjcU.js                                        26.30 kB │ gzip:  14.24 kB │ map:     33.09 kB
#17 164.7 dist/assets/useSolanaRpcClient-Be5Dd6m5-mDk3SdXT.js                            27.61 kB │ gzip:   9.53 kB │ map:    270.07 kB
#17 164.7 dist/assets/secp256k1-C4xs51-J.js                                              28.98 kB │ gzip:  11.33 kB │ map:    178.76 kB
#17 164.7 dist/assets/ConnectWalletView-tpdAD3K7-CYRg7kUM.js                             36.57 kB │ gzip:  11.95 kB │ map:    101.01 kB
#17 164.7 dist/assets/BridgeNetworkSelectionView-DXjTVIcQ-BD2-3_Fw.js                    67.43 kB │ gzip:  24.82 kB │ map:    475.01 kB
#17 164.7 dist/assets/index-CIIsR8s7.js                                                  79.42 kB │ gzip:  22.26 kB │ map:    165.74 kB
#17 164.7 dist/assets/w3m-modal-0wNL2Y-R.js                                              79.67 kB │ gzip:  17.53 kB │ map:    217.75 kB
#17 164.7 dist/assets/SetWalletPasswordForm-DUTEhc4R-TdoadnUj.js                         91.11 kB │ gzip:  31.43 kB │ map:    214.97 kB
#17 164.7 dist/assets/basic-BDl__r0I.js                                                  95.87 kB │ gzip:  20.24 kB │ map:    272.84 kB
#17 164.7 dist/assets/ConnectPhoneForm-kW8tUq0--D9HQetV8.js                             162.69 kB │ gzip:  39.26 kB │ map:    551.59 kB
#17 164.7 dist/assets/index-B2-Ao4L3.js                                                 327.34 kB │ gzip: 124.70 kB │ map:  1,095.89 kB
#17 164.7 dist/assets/core-D06EY_Xw.js                                                  547.50 kB │ gzip: 159.35 kB │ map:  1,665.37 kB
#17 164.7 dist/assets/index-CbRr5ZYq.js                                               3,141.75 kB │ gzip: 931.81 kB │ map: 13,314.02 kB
#17 164.7 
#17 164.7 (!) Some chunks are larger than 500 kB after minification. Consider:
#17 164.7 - Using dynamic import() to code-split the application
#17 164.7 - Use build.rollupOptions.output.manualChunks to improve chunking: https://rollupjs.org/configuration-options/#output-manualchunks
#17 164.7 - Adjust chunk size limit for this warning via build.chunkSizeWarningLimit.
#17 164.8 ✓ built in 2m 38s
#17 DONE 167.6s

#18 [frontend-base-sepolia runner 3/5] COPY --from=builder /app/apps/web/dist /usr/share/nginx/html
#18 DONE 0.4s

#19 [frontend-base-sepolia runner 4/5] COPY nginx.conf /etc/nginx/nginx.conf
#19 DONE 0.1s

#20 [frontend-base-sepolia runner 5/5] RUN addgroup --system --gid 1001 nginx || true &&     adduser --system --uid 1001 -G nginx nginx || true
#20 0.469 addgroup: group 'nginx' in use
#20 0.469 adduser: user 'nginx' in use
#20 DONE 0.5s

#21 [frontend-base-sepolia] exporting to image
#21 exporting layers
#21 exporting layers 1.8s done
#21 exporting manifest sha256:88a091cceaa32a73e5887f37dcad57dda3e4386d0e88254abe5a28393eee4753 done
#21 exporting config sha256:5ae81834947d8a75afae03a5c258bbba69a0bf9da0fff98f2c855a01e6b9c184 done
#21 exporting attestation manifest sha256:28d91906202e214056b3a38f005d7af598419b11fb131ed5c06d45e586494212 0.0s done
#21 exporting manifest list sha256:65bd6dcedf85bb144269a3c9d16a3a3459a0f5d4fdbdbf6049b1657fe541de6c done
#21 naming to docker.io/library/scalex-base-sepolia-frontend-base-sepolia:latest done
#21 unpacking to docker.io/library/scalex-base-sepolia-frontend-base-sepolia:latest
#21 unpacking to docker.io/library/scalex-base-sepolia-frontend-base-sepolia:latest 0.3s done
#21 DONE 2.2s

#22 [frontend-base-sepolia] resolving provenance for metadata file
#22 DONE 0.1s
 frontend-base-sepolia  Built
[0;32m[SUCCESS][0m Build completed

=== Stopping existing services ===
 Container scalex-frontend-base-sepolia  Stopping
 Container scalex-frontend-base-sepolia  Stopped
 Container scalex-frontend-base-sepolia  Removing
 Container scalex-frontend-base-sepolia  Removed
 Network scalex-base-sepolia_frontend-network  Removing
 Network scalex-base-sepolia_frontend-network  Removed
[0;32m[SUCCESS][0m Existing services stopped

=== Starting Base Sepolia services ===
 Network scalex-base-sepolia_frontend-network  Creating
 Network scalex-base-sepolia_frontend-network  Created
 Container scalex-frontend-base-sepolia  Creating
 Container scalex-frontend-base-sepolia  Created
 Container scalex-frontend-base-sepolia  Starting
 Container scalex-frontend-base-sepolia  Started
[0;32m[SUCCESS][0m Services started

=== Checking initial service status ===
NAME                           IMAGE                                       COMMAND                  SERVICE                 CREATED         STATUS                    PORTS
scalex-frontend-base-sepolia   scalex-base-sepolia-frontend-base-sepolia   "/docker-entrypoint.…"   frontend-base-sepolia   2 minutes ago   Up 15 seconds (healthy)   0.0.0.0:9090->80/tcp, [::]:9090->80/tcp

==========================================
📋 CONTAINER LOGS AND STATUS
==========================================

=== 1. CONTAINER STATUS ===
NAME                           IMAGE                                       COMMAND                  SERVICE                 CREATED         STATUS                    PORTS
scalex-frontend-base-sepolia   scalex-base-sepolia-frontend-base-sepolia   "/docker-entrypoint.…"   frontend-base-sepolia   2 minutes ago   Up 15 seconds (healthy)   0.0.0.0:9090->80/tcp, [::]:9090->80/tcp

=== 2. FRONTEND CONTAINER LOGS (last 100 lines) ===
scalex-frontend-base-sepolia  | /docker-entrypoint.sh: /docker-entrypoint.d/ is not empty, will attempt to perform configuration
scalex-frontend-base-sepolia  | /docker-entrypoint.sh: Looking for shell scripts in /docker-entrypoint.d/
scalex-frontend-base-sepolia  | /docker-entrypoint.sh: Launching /docker-entrypoint.d/10-listen-on-ipv6-by-default.sh
scalex-frontend-base-sepolia  | 10-listen-on-ipv6-by-default.sh: info: Getting the checksum of /etc/nginx/conf.d/default.conf
scalex-frontend-base-sepolia  | 10-listen-on-ipv6-by-default.sh: info: Enabled listen on IPv6 in /etc/nginx/conf.d/default.conf
scalex-frontend-base-sepolia  | /docker-entrypoint.sh: Sourcing /docker-entrypoint.d/15-local-resolvers.envsh
scalex-frontend-base-sepolia  | /docker-entrypoint.sh: Launching /docker-entrypoint.d/20-envsubst-on-templates.sh
scalex-frontend-base-sepolia  | /docker-entrypoint.sh: Launching /docker-entrypoint.d/30-tune-worker-processes.sh
scalex-frontend-base-sepolia  | /docker-entrypoint.sh: Configuration complete; ready for start up

=== 3. STARTUP VERIFICATION ===
[0;32m[SUCCESS][0m Frontend container is running: be3932ecd7bd79a7923f5ceb3bd58789e627bdf967951137abd08de8e1f70f50
Container started at: 2025-12-16T00:23:55.735376651Z
Testing internal health endpoint...
⚠️ Internal health check failed - application may still be starting

=== 4. SYSTEM RESOURCES ===
Available disk space:
Filesystem        Size    Used   Avail Capacity iused ifree %iused  Mounted on
/dev/disk3s1s1   926Gi    14Gi   120Gi    11%    425k  1.3G    0%   /
/dev/disk3s6     926Gi    22Gi   120Gi    16%      22  1.3G    0%   /System/Volumes/VM
/dev/disk3s2     926Gi    13Gi   120Gi    10%    1.9k  1.3G    0%   /System/Volumes/Preboot
/dev/disk3s4     926Gi   680Mi   120Gi     1%     310  1.3G    0%   /System/Volumes/Update
/dev/disk1s2     500Mi   6.0Mi   483Mi     2%       1  4.9M    0%   /System/Volumes/xarts
/dev/disk1s1     500Mi   5.6Mi   483Mi     2%      31  4.9M    0%   /System/Volumes/iSCPreboot
/dev/disk1s3     500Mi   828Ki   483Mi     1%      57  4.9M    0%   /System/Volumes/Hardware
/dev/disk3s5     926Gi   754Gi   120Gi    87%     10M  1.3G    1%   /System/Volumes/Data
/dev/disk3s1     926Gi    14Gi   120Gi    11%    426k  1.3G    0%   /System/Volumes/Update/mnt1
/dev/disk5s1     6.6Gi   6.2Gi   452Mi    94%    434k  4.6M    9%   /Library/Developer/CoreSimulator/Volumes/iOS_20E247
/dev/disk7s1     8.5Gi   8.2Gi   251Mi    98%      13  2.6M    0%   /Library/Developer/CoreSimulator/Cryptex/Images/bundle/SimRuntimeBundle-B7EBED0F-73F7-429F-8196-5268B46C6B59
/dev/disk9s1      19Gi    19Gi   495Mi    98%    557k  5.1M   10%   /Library/Developer/CoreSimulator/Volumes/iOS_22E238

Memory usage:
Mach Virtual Memory Statistics: (page size of 16384 bytes)
Pages free:                                4644.
Pages active:                            171225.
Pages inactive:                          167464.
Pages speculative:                         2864.

Docker system info:
TYPE            TOTAL     ACTIVE    SIZE      RECLAIMABLE
Images          1         1         6.521GB   6.401GB (98%)
Containers      1         1         81.92kB   0B (0%)
Local Volumes   5         0         383.6MB   383.6MB (100%)
Build Cache     31        0         6.424GB   6.424GB

==========================================
🌐 HEALTH CHECKS
==========================================

--- Testing Health Endpoint ---
[0;34m[INFO][0m Testing on localhost:9090
Attempt 1: HTTP 200
[0;32m[SUCCESS][0m Health check passed (HTTP 200)
[0;32m[SUCCESS][0m Main app health check passed (HTTP 200)
📊 Response time: 13.34ms

==========================================
🔍 CONTAINER VERIFICATION
==========================================

=== 1. CONTAINER STATUS CHECK ===
NAME                           IMAGE                                       COMMAND                  SERVICE                 CREATED         STATUS                    PORTS
scalex-frontend-base-sepolia   scalex-base-sepolia-frontend-base-sepolia   "/docker-entrypoint.…"   frontend-base-sepolia   3 minutes ago   Up 47 seconds (healthy)   0.0.0.0:9090->80/tcp, [::]:9090->80/tcp

=== 2. DETAILED CONTAINER INSPECTION ===
[0;32m[SUCCESS][0m Frontend container is running: be3932ecd7bd79a7923f5ceb3bd58789e627bdf967951137abd08de8e1f70f50

=== 3. CONTAINER HEALTH CHECK ===
[0;32m[SUCCESS][0m Internal container health: PASS

=== 4. RESOURCE USAGE ===
CONTAINER ID   NAME                           CPU %     MEM USAGE / LIMIT     MEM %     NET I/O          BLOCK I/O     PIDS
be3932ecd7bd   scalex-frontend-base-sepolia   0.00%     2.586MiB / 7.737GiB   0.03%     2.8kB / 4.92kB   0B / 12.3kB   2

=== 5. LATEST LOGS ===
scalex-frontend-base-sepolia  | /docker-entrypoint.sh: /docker-entrypoint.d/ is not empty, will attempt to perform configuration
scalex-frontend-base-sepolia  | /docker-entrypoint.sh: Looking for shell scripts in /docker-entrypoint.d/
scalex-frontend-base-sepolia  | /docker-entrypoint.sh: Launching /docker-entrypoint.d/10-listen-on-ipv6-by-default.sh
scalex-frontend-base-sepolia  | 10-listen-on-ipv6-by-default.sh: info: Getting the checksum of /etc/nginx/conf.d/default.conf
scalex-frontend-base-sepolia  | 10-listen-on-ipv6-by-default.sh: info: Enabled listen on IPv6 in /etc/nginx/conf.d/default.conf
scalex-frontend-base-sepolia  | /docker-entrypoint.sh: Sourcing /docker-entrypoint.d/15-local-resolvers.envsh
scalex-frontend-base-sepolia  | /docker-entrypoint.sh: Launching /docker-entrypoint.d/20-envsubst-on-templates.sh
scalex-frontend-base-sepolia  | /docker-entrypoint.sh: Launching /docker-entrypoint.d/30-tune-worker-processes.sh
scalex-frontend-base-sepolia  | /docker-entrypoint.sh: Configuration complete; ready for start up
scalex-frontend-base-sepolia  | 172.22.0.1 - - [16/Dec/2025:00:24:43 +0000] "GET / HTTP/1.1" 200 1500 "-" "curl/8.7.1"
scalex-frontend-base-sepolia  | 172.22.0.1 - - [16/Dec/2025:00:24:43 +0000] "GET / HTTP/1.1" 200 1500 "-" "curl/8.7.1"

[0;32m==========================================
✅ DEPLOYMENT COMPLETED SUCCESSFULLY
==========================================[0m

[0;34mContainer is running on:[0m
  [0;32mhttp://localhost:9090[0m

[1;33mTo stop the container:[0m
  [0;34mdocker-compose -f docker-compose.base-sepolia.yml down[0m

