
> web@0.1.0 lint:fix /Users/renakaagusta/Documents/scalex/frontend/apps/web
> eslint --max-warnings=1000 --fix


/Users/renakaagusta/Documents/scalex/frontend/apps/web/dist/assets/BridgeNetworkSelectionView-DXjTVIcQ-C6BybTH3.js
  1:6065   warning  'mo' is never reassigned. Use 'const' instead                                                    prefer-const
  1:6079   warning  'et' is never reassigned. Use 'const' instead                                                    prefer-const
  1:6090   warning  'xe' is never reassigned. Use 'const' instead                                                    prefer-const
  1:9136   warning  't' is never reassigned. Use 'const' instead                                                     prefer-const
  1:9151   warning  'n' is never reassigned. Use 'const' instead                                                     prefer-const
  1:9167   warning  'r' is never reassigned. Use 'const' instead                                                     prefer-const
  1:9189   warning  'o' is never reassigned. Use 'const' instead                                                     prefer-const
  1:9194   warning  'i' is never reassigned. Use 'const' instead                                                     prefer-const
  1:9244   warning  's' is never reassigned. Use 'const' instead                                                     prefer-const
  1:9271   warning  'l' is never reassigned. Use 'const' instead                                                     prefer-const
  1:9279   warning  'a' is never reassigned. Use 'const' instead                                                     prefer-const
  1:9466   warning  'u' is never reassigned. Use 'const' instead                                                     prefer-const
  1:9474   warning  'c' is never reassigned. Use 'const' instead                                                     prefer-const
  1:10338  warning  't' is never reassigned. Use 'const' instead                                                     prefer-const
  1:10354  warning  'n' is never reassigned. Use 'const' instead                                                     prefer-const
  1:10367  warning  'r' is never reassigned. Use 'const' instead                                                     prefer-const
  1:10380  warning  'o' is never reassigned. Use 'const' instead                                                     prefer-const
  1:10386  warning  'i' is never reassigned. Use 'const' instead                                                     prefer-const
  1:10388  warning  's' is never reassigned. Use 'const' instead                                                     prefer-const
  1:10406  warning  'l' is never reassigned. Use 'const' instead                                                     prefer-const
  1:11510  warning  't' is never reassigned. Use 'const' instead                                                     prefer-const
  1:11527  warning  'n' is never reassigned. Use 'const' instead                                                     prefer-const
  1:11536  warning  'r' is never reassigned. Use 'const' instead                                                     prefer-const
  1:11541  warning  'o' is never reassigned. Use 'const' instead                                                     prefer-const
  1:11592  warning  'i' is never reassigned. Use 'const' instead                                                     prefer-const
  1:11594  warning  's' is never reassigned. Use 'const' instead                                                     prefer-const
  1:11613  warning  'l' is never reassigned. Use 'const' instead                                                     prefer-const
  1:11615  warning  'a' is never reassigned. Use 'const' instead                                                     prefer-const
  1:11680  warning  'u' is never reassigned. Use 'const' instead                                                     prefer-const
  1:11753  warning  'c' is never reassigned. Use 'const' instead                                                     prefer-const
  1:13503  error    Unexpected constant condition                                                                    no-constant-condition
  1:13504  error    Unexpected constant binary expression. Compares constantly with the right-hand side of the `!=`  no-constant-binary-expression
  1:25524  warning  'h' is never reassigned. Use 'const' instead                                                     prefer-const
  1:25552  warning  'p' is never reassigned. Use 'const' instead                                                     prefer-const
  1:40095  warning  's' is assigned a value but never used                                                           @typescript-eslint/no-unused-vars
  1:40102  warning  'l' is assigned a value but never used                                                           @typescript-eslint/no-unused-vars
  1:44343  warning  'b' is never reassigned. Use 'const' instead                                                     prefer-const
  1:44360  warning  'w' is never reassigned. Use 'const' instead                                                     prefer-const
  1:44370  warning  'y' is never reassigned. Use 'const' instead                                                     prefer-const
  1:44814  warning  'K' is never reassigned. Use 'const' instead                                                     prefer-const
  1:45475  warning  'E' is never reassigned. Use 'const' instead                                                     prefer-const
  1:47846  warning  'r' is never reassigned. Use 'const' instead                                                     prefer-const
  1:50542  warning  'n' is never reassigned. Use 'const' instead                                                     prefer-const
  1:50601  warning  'r' is never reassigned. Use 'const' instead                                                     prefer-const
  1:53020  warning  'n' is never reassigned. Use 'const' instead                                                     prefer-const
  1:53376  warning  'r' is never reassigned. Use 'const' instead                                                     prefer-const
  1:53381  warning  'o' is never reassigned. Use 'const' instead                                                     prefer-const
  1:58157  warning  'n' is never reassigned. Use 'const' instead                                                     prefer-const
  1:58173  warning  'r' is never reassigned. Use 'const' instead                                                     prefer-const
  1:58211  warning  'o' is never reassigned. Use 'const' instead                                                     prefer-const
  1:58231  warning  's' is never reassigned. Use 'const' instead                                                     prefer-const
  1:58247  warning  'l' is never reassigned. Use 'const' instead                                                     prefer-const
  1:58255  warning  'a' is never reassigned. Use 'const' instead                                                     prefer-const
  1:58260  warning  'u' is never reassigned. Use 'const' instead                                                     prefer-const
  1:58268  warning  'c' is never reassigned. Use 'const' instead                                                     prefer-const
  1:58288  warning  'm' is never reassigned. Use 'const' instead                                                     prefer-const
  1:58290  warning  'h' is never reassigned. Use 'const' instead                                                     prefer-const
  1:58299  warning  'd' is never reassigned. Use 'const' instead                                                     prefer-const
  1:58307  warning  'p' is never reassigned. Use 'const' instead                                                     prefer-const
  1:58309  warning  'g' is never reassigned. Use 'const' instead                                                     prefer-const
  1:58329  warning  'v' is never reassigned. Use 'const' instead                                                     prefer-const
  1:58398  warning  'b' is never reassigned. Use 'const' instead                                                     prefer-const
  1:58400  warning  'w' is never reassigned. Use 'const' instead                                                     prefer-const
  1:58441  warning  'y' is never reassigned. Use 'const' instead                                                     prefer-const
  1:58449  warning  '$' is never reassigned. Use 'const' instead                                                     prefer-const
  1:59239  error    Expected a 'break' statement before 'case'                                                       no-fallthrough
  1:63356  warning  's' is never reassigned. Use 'const' instead                                                     prefer-const
  1:63396  warning  'l' is never reassigned. Use 'const' instead                                                     prefer-const
  1:63453  warning  'u' is never reassigned. Use 'const' instead                                                     prefer-const

/Users/renakaagusta/Documents/scalex/frontend/apps/web/dist/assets/ConnectOnlyStatusScreen-BGJ4l52n-DHuRbt58.js
  1:1059  warning  'r' is never reassigned. Use 'const' instead  prefer-const
  1:1070  warning  'a' is never reassigned. Use 'const' instead  prefer-const
  1:1083  warning  'w' is never reassigned. Use 'const' instead  prefer-const
  1:1099  warning  'p' is never reassigned. Use 'const' instead  prefer-const
  1:1106  warning  'l' is never reassigned. Use 'const' instead  prefer-const
  1:1121  warning  'd' is never reassigned. Use 'const' instead  prefer-const
  1:1152  warning  'e' is never reassigned. Use 'const' instead  prefer-const
  1:1170  warning  's' is never reassigned. Use 'const' instead  prefer-const
  1:1178  warning  't' is never reassigned. Use 'const' instead  prefer-const
  1:1180  warning  'C' is never reassigned. Use 'const' instead  prefer-const
  1:1203  warning  'f' is never reassigned. Use 'const' instead  prefer-const
  1:1205  warning  'R' is never reassigned. Use 'const' instead  prefer-const
  1:1222  warning  'g' is never reassigned. Use 'const' instead  prefer-const
  1:1269  warning  'i' is never reassigned. Use 'const' instead  prefer-const
  1:1295  warning  'b' is never reassigned. Use 'const' instead  prefer-const
  1:2197  warning  'c' is never reassigned. Use 'const' instead  prefer-const

/Users/renakaagusta/Documents/scalex/frontend/apps/web/dist/assets/ConnectPhoneForm-kW8tUq0--DrE6g6kQ.js
   1:88312  error    'A' is a function                                                          no-func-assign
   1:88801  warning  'r' is defined but never used                                              @typescript-eslint/no-unused-vars
   1:97151  error    Do not access Object.prototype method 'hasOwnProperty' from target object  no-prototype-builtins
   3:2965   warning  't' is defined but never used                                              @typescript-eslint/no-unused-vars
   3:5758   error    'F' is a function                                                          no-func-assign
   3:6950   warning  'r' is defined but never used                                              @typescript-eslint/no-unused-vars
   3:9484   error    'st' is a function                                                         no-func-assign
   3:9709   warning  'e' is defined but never used                                              @typescript-eslint/no-unused-vars
   3:9711   warning  'r' is defined but never used                                              @typescript-eslint/no-unused-vars
   3:10619  error    'ft' is a function                                                         no-func-assign
   3:11265  error    Empty block statement                                                      no-empty
   3:11274  error    'Ct' is a function                                                         no-func-assign
   3:11442  error    'w' is a function                                                          no-func-assign
   3:11561  error    '_' is a function                                                          no-func-assign
   5:583    warning  'r' is defined but never used                                              @typescript-eslint/no-unused-vars
   5:3586   error    'O' is a function                                                          no-func-assign
   5:4908   error    'R' is a function                                                          no-func-assign
   6:779    error    Unsafe usage of ReturnStatement                                            no-unsafe-finally
   6:799    error    Unsafe usage of ThrowStatement                                             no-unsafe-finally
   6:1305   error    'D' is a function                                                          no-func-assign
   6:2738   error    'M' is a function                                                          no-func-assign
   6:4146   error    'L' is a function                                                          no-func-assign
   6:4637   warning  'r' is defined but never used                                              @typescript-eslint/no-unused-vars
   7:2290   error    'k' is a function                                                          no-func-assign
   7:2781   warning  'r' is defined but never used                                              @typescript-eslint/no-unused-vars
   7:5652   error    Unnecessary escape character: \(                                           no-useless-escape
   7:5654   error    Unnecessary escape character: \)                                           no-useless-escape
   7:5656   error    Unnecessary escape character: \[                                           no-useless-escape
   7:5660   error    Unnecessary escape character: \?                                           no-useless-escape
   7:5662   error    Unnecessary escape character: \:                                           no-useless-escape
   7:5664   error    Unnecessary escape character: \|                                           no-useless-escape
   8:512    error    'j' is a function                                                          no-func-assign
   8:1003   warning  'r' is defined but never used                                              @typescript-eslint/no-unused-vars
  10:359    error    'G' is a function                                                          no-func-assign
  11:747    warning  'r' is defined but never used                                              @typescript-eslint/no-unused-vars
  11:1182   error    Unnecessary escape character: \[                                           no-useless-escape
  11:5257   error    Unnecessary escape character: \+                                           no-useless-escape
  11:6767   error    'B' is a function                                                          no-func-assign
  12:779    error    Unsafe usage of ReturnStatement                                            no-unsafe-finally
  12:799    error    Unsafe usage of ThrowStatement                                             no-unsafe-finally
  12:1144   warning  'r' is defined but never used                                              @typescript-eslint/no-unused-vars
  12:1643   error    Unnecessary escape character: \[                                           no-useless-escape
  12:6119   error    'U' is a function                                                          no-func-assign
  13:779    error    Unsafe usage of ReturnStatement                                            no-unsafe-finally
  13:799    error    Unsafe usage of ThrowStatement                                             no-unsafe-finally
  13:1144   warning  'r' is defined but never used                                              @typescript-eslint/no-unused-vars
  13:4691   error    Unnecessary escape character: \+                                           no-useless-escape

/Users/renakaagusta/Documents/scalex/frontend/apps/web/dist/assets/ConnectWalletView-tpdAD3K7-BjibvKSu.js
  4:201  warning  'l' is defined but never used  @typescript-eslint/no-unused-vars

/Users/renakaagusta/Documents/scalex/frontend/apps/web/dist/assets/ConnectionStatusScreen-B3NfUQx_-BFvFox30.js
  1:2371  warning  'c' is never reassigned. Use 'const' instead   prefer-const
  1:2373  warning  's' is never reassigned. Use 'const' instead   prefer-const
  1:2392  warning  'g' is never reassigned. Use 'const' instead   prefer-const
  1:2394  warning  'd' is never reassigned. Use 'const' instead   prefer-const
  1:2413  warning  'u' is never reassigned. Use 'const' instead   prefer-const
  1:2415  warning  'E' is never reassigned. Use 'const' instead   prefer-const
  1:2452  warning  'R' is never reassigned. Use 'const' instead   prefer-const
  1:2461  warning  'v' is never reassigned. Use 'const' instead   prefer-const
  1:2478  warning  'l' is never reassigned. Use 'const' instead   prefer-const
  1:2493  warning  'k' is never reassigned. Use 'const' instead   prefer-const
  1:2506  warning  'A' is never reassigned. Use 'const' instead   prefer-const
  1:2522  warning  'M' is never reassigned. Use 'const' instead   prefer-const
  1:2537  warning  'h' is never reassigned. Use 'const' instead   prefer-const
  1:2544  warning  'p' is never reassigned. Use 'const' instead   prefer-const
  1:2552  warning  'I' is never reassigned. Use 'const' instead   prefer-const
  1:2562  warning  '_' is never reassigned. Use 'const' instead   prefer-const
  1:2583  warning  'f' is never reassigned. Use 'const' instead   prefer-const
  1:2608  warning  'e' is never reassigned. Use 'const' instead   prefer-const
  1:2626  warning  'U' is never reassigned. Use 'const' instead   prefer-const
  1:2648  warning  'F' is never reassigned. Use 'const' instead   prefer-const
  1:2666  warning  'te' is never reassigned. Use 'const' instead  prefer-const
  1:2683  warning  'ne' is never reassigned. Use 'const' instead  prefer-const
  1:2707  warning  'ae' is never reassigned. Use 'const' instead  prefer-const
  1:2734  warning  'oe' is never reassigned. Use 'const' instead  prefer-const
  1:2743  warning  'L' is never reassigned. Use 'const' instead   prefer-const
  1:2745  warning  'ie' is never reassigned. Use 'const' instead  prefer-const
  1:2769  warning  'w' is never reassigned. Use 'const' instead   prefer-const
  1:2776  warning  'le' is never reassigned. Use 'const' instead  prefer-const
  1:2785  warning  're' is never reassigned. Use 'const' instead  prefer-const
  1:2830  warning  'H' is never reassigned. Use 'const' instead   prefer-const
  1:2832  warning  'ce' is never reassigned. Use 'const' instead  prefer-const
  1:2852  warning  'se' is never reassigned. Use 'const' instead  prefer-const
  1:2855  warning  'de' is never reassigned. Use 'const' instead  prefer-const
  1:2875  warning  'ue' is never reassigned. Use 'const' instead  prefer-const
  1:2878  warning  'q' is never reassigned. Use 'const' instead   prefer-const
  1:2911  warning  'ge' is never reassigned. Use 'const' instead  prefer-const
  1:3186  warning  'pe' is never reassigned. Use 'const' instead  prefer-const
  1:3195  warning  'z' is never reassigned. Use 'const' instead   prefer-const
  1:3203  warning  'x' is never reassigned. Use 'const' instead   prefer-const
  1:3251  warning  'T' is never reassigned. Use 'const' instead   prefer-const
  1:3648  warning  'S' is never reassigned. Use 'const' instead   prefer-const
  1:3674  warning  'X' is never reassigned. Use 'const' instead   prefer-const
  1:7057  warning  'i' is never reassigned. Use 'const' instead   prefer-const

/Users/renakaagusta/Documents/scalex/frontend/apps/web/dist/assets/CustomLandingScreenView-DZTOg8z4-B6V1L0zo.js
  1:7150  warning  'g' is defined but never used  @typescript-eslint/no-unused-vars

/Users/renakaagusta/Documents/scalex/frontend/apps/web/dist/assets/EmbeddedWalletConnectingScreen-Qu9cmWzJ-DTweqRHh.js
  1:1113  error  Unsafe usage of optional chaining. If it short-circuits with 'undefined' the evaluation will throw TypeError  no-unsafe-optional-chaining

/Users/renakaagusta/Documents/scalex/frontend/apps/web/dist/assets/EmbeddedWalletCreatedScreen-DFciR3k8-BrB9FxnC.js
  1:889  error  React Hook "S.useEffect" is called in function "component" that is neither a React function component nor a custom React Hook function. React component names must start with an uppercase letter. React Hook names must start with the word "use"  react-hooks/rules-of-hooks

/Users/renakaagusta/Documents/scalex/frontend/apps/web/dist/assets/FundSolWalletWithExternalSolanaWallet-DVaHCgDh-BbisADij.js
  1:1586   error    React Hook "T.useMemo" is called in function "at" that is neither a React function component nor a custom React Hook function. React component names must start with an uppercase letter. React Hook names must start with the word "use"           react-hooks/rules-of-hooks
  1:4778   error    Promise executor functions should not be async                                                                                                                                                                                                      no-async-promise-executor
  1:7035   error    Promise executor functions should not be async                                                                                                                                                                                                      no-async-promise-executor
  1:13489  error    Promise executor functions should not be async                                                                                                                                                                                                      no-async-promise-executor
  1:13521  warning  'b' is never reassigned. Use 'const' instead                                                                                                                                                                                                        prefer-const
  1:13541  warning  'W' is never reassigned. Use 'const' instead                                                                                                                                                                                                        prefer-const
  1:14551  error    React Hook "T.useMemo" is called in function "nn" that is neither a React function component nor a custom React Hook function. React component names must start with an uppercase letter. React Hook names must start with the word "use"           react-hooks/rules-of-hooks
  1:14686  error    React Hook "T.useMemo" is called in function "nn" that is neither a React function component nor a custom React Hook function. React component names must start with an uppercase letter. React Hook names must start with the word "use"           react-hooks/rules-of-hooks
  1:15103  error    React Hook "T.useEffect" is called in function "nn" that is neither a React function component nor a custom React Hook function. React component names must start with an uppercase letter. React Hook names must start with the word "use"         react-hooks/rules-of-hooks
  1:15153  error    React Hook "T.useEffect" is called in function "nn" that is neither a React function component nor a custom React Hook function. React component names must start with an uppercase letter. React Hook names must start with the word "use"         react-hooks/rules-of-hooks
  1:15383  error    React Hook "T.useState" is called in function "an" that is neither a React function component nor a custom React Hook function. React component names must start with an uppercase letter. React Hook names must start with the word "use"          react-hooks/rules-of-hooks
  1:15404  error    React Hook "T.useState" is called in function "an" that is neither a React function component nor a custom React Hook function. React component names must start with an uppercase letter. React Hook names must start with the word "use"          react-hooks/rules-of-hooks
  1:15426  error    React Hook "T.useEffect" is called in function "an" that is neither a React function component nor a custom React Hook function. React component names must start with an uppercase letter. React Hook names must start with the word "use"         react-hooks/rules-of-hooks
  1:15821  error    React Hook "T.useEffect" is called in function "an" that is neither a React function component nor a custom React Hook function. React component names must start with an uppercase letter. React Hook names must start with the word "use"         react-hooks/rules-of-hooks
  1:16208  error    React Hook "T.useMemo" is called in function "sn" that is neither a React function component nor a custom React Hook function. React component names must start with an uppercase letter. React Hook names must start with the word "use"           react-hooks/rules-of-hooks
  1:16485  warning  'e' is defined but never used                                                                                                                                                                                                                       @typescript-eslint/no-unused-vars
  1:16487  warning  'a' is defined but never used                                                                                                                                                                                                                       @typescript-eslint/no-unused-vars
  1:16857  warning  'a' is defined but never used                                                                                                                                                                                                                       @typescript-eslint/no-unused-vars
  1:17326  warning  'a' is defined but never used                                                                                                                                                                                                                       @typescript-eslint/no-unused-vars
  1:17935  warning  'a' is defined but never used                                                                                                                                                                                                                       @typescript-eslint/no-unused-vars
  1:18689  warning  'a' is defined but never used                                                                                                                                                                                                                       @typescript-eslint/no-unused-vars
  1:20320  error    React Hook "T.useState" is called in function "component" that is neither a React function component nor a custom React Hook function. React component names must start with an uppercase letter. React Hook names must start with the word "use"   react-hooks/rules-of-hooks
  1:20350  error    React Hook "T.useState" is called in function "component" that is neither a React function component nor a custom React Hook function. React component names must start with an uppercase letter. React Hook names must start with the word "use"   react-hooks/rules-of-hooks
  1:20369  error    React Hook "T.useState" is called in function "component" that is neither a React function component nor a custom React Hook function. React component names must start with an uppercase letter. React Hook names must start with the word "use"   react-hooks/rules-of-hooks
  1:20388  error    React Hook "T.useState" is called in function "component" that is neither a React function component nor a custom React Hook function. React component names must start with an uppercase letter. React Hook names must start with the word "use"   react-hooks/rules-of-hooks
  1:20837  error    React Hook "T.useEffect" is called in function "component" that is neither a React function component nor a custom React Hook function. React component names must start with an uppercase letter. React Hook names must start with the word "use"  react-hooks/rules-of-hooks
  1:22311  error    React Hook "T.useEffect" is called in function "component" that is neither a React function component nor a custom React Hook function. React component names must start with an uppercase letter. React Hook names must start with the word "use"  react-hooks/rules-of-hooks
  1:22602  error    React Hook "T.useEffect" is called in function "component" that is neither a React function component nor a custom React Hook function. React component names must start with an uppercase letter. React Hook names must start with the word "use"  react-hooks/rules-of-hooks
  1:22790  error    React Hook "T.useEffect" is called in function "component" that is neither a React function component nor a custom React Hook function. React component names must start with an uppercase letter. React Hook names must start with the word "use"  react-hooks/rules-of-hooks

/Users/renakaagusta/Documents/scalex/frontend/apps/web/dist/assets/FundingMethodSelectionScreen-yZenKs6o-GR8flc1p.js
  1:1983  warning  'e' is defined but never used                   @typescript-eslint/no-unused-vars
  1:7104  error    Promise executor functions should not be async  no-async-promise-executor
  1:9629  warning  'P' is never reassigned. Use 'const' instead    prefer-const
  1:9654  warning  'G' is never reassigned. Use 'const' instead    prefer-const
  1:9667  warning  'w' is never reassigned. Use 'const' instead    prefer-const
  1:9726  warning  'Q' is never reassigned. Use 'const' instead    prefer-const
  1:9761  warning  'I' is never reassigned. Use 'const' instead    prefer-const
  1:9796  warning  'O' is never reassigned. Use 'const' instead    prefer-const

/Users/renakaagusta/Documents/scalex/frontend/apps/web/dist/assets/HCaptchaWrapper-Dl2Jt_Df-B8gRV_65.js
  1:196   error    'j' is a function                             no-func-assign
  1:732   error    'r' is already defined                        no-redeclare
  1:895   error    'i' is already defined                        no-redeclare
  1:2051  warning  's' is never reassigned. Use 'const' instead  prefer-const
  1:2864  warning  'e' is never reassigned. Use 'const' instead  prefer-const
  1:4147  warning  'n' is never reassigned. Use 'const' instead  prefer-const
  2:1382  warning  's' is never reassigned. Use 'const' instead  prefer-const
  4:6695  warning  't' is defined but never used                 @typescript-eslint/no-unused-vars

/Users/renakaagusta/Documents/scalex/frontend/apps/web/dist/assets/Link-DwjLfHwW-DdQGFkMP.js
  1:1034  warning  'r' is defined but never used  @typescript-eslint/no-unused-vars

/Users/renakaagusta/Documents/scalex/frontend/apps/web/dist/assets/MoonpayStatusScreen-DhMZLroP-C7SjVPXi.js
  1:2060  error  Unsafe usage of optional chaining. If it short-circuits with 'undefined' the evaluation will throw TypeError  no-unsafe-optional-chaining
  1:3722  error  Expected a conditional expression and instead saw an assignment                                               no-cond-assign

/Users/renakaagusta/Documents/scalex/frontend/apps/web/dist/assets/QrCode-BI2LxLLg-CzVKq0j6.js
  1:481   warning  'o' is never reassigned. Use 'const' instead  prefer-const
  1:1358  warning  'i' is never reassigned. Use 'const' instead  prefer-const
  1:1371  warning  'n' is never reassigned. Use 'const' instead  prefer-const

/Users/renakaagusta/Documents/scalex/frontend/apps/web/dist/assets/RecoveryOAuthStatusScreen-Dp7fnj5t-QdoIh-G8.js
  1:562   warning  'p' is defined but never used                                                                                 @typescript-eslint/no-unused-vars
  1:2739  warning  'b' is never reassigned. Use 'const' instead                                                                  prefer-const
  1:2754  warning  'O' is never reassigned. Use 'const' instead                                                                  prefer-const
  1:2766  warning  'z' is never reassigned. Use 'const' instead                                                                  prefer-const
  1:5928  error    Unsafe usage of optional chaining. If it short-circuits with 'undefined' the evaluation will throw TypeError  no-unsafe-optional-chaining

/Users/renakaagusta/Documents/scalex/frontend/apps/web/dist/assets/ScreenLayout-pthdsODa-Cnd1eTrK.js
  1:287  warning  'd' is never reassigned. Use 'const' instead  prefer-const
  1:292  warning  'e' is never reassigned. Use 'const' instead  prefer-const
  1:297  warning  'o' is never reassigned. Use 'const' instead  prefer-const
  1:419  warning  'd' is never reassigned. Use 'const' instead  prefer-const
  1:424  warning  'e' is never reassigned. Use 'const' instead  prefer-const
  1:429  warning  'o' is never reassigned. Use 'const' instead  prefer-const

/Users/renakaagusta/Documents/scalex/frontend/apps/web/dist/assets/SetAutomaticRecoveryScreen-g1kDOe61-HKXAGOER.js
  1:867  error  Unsafe usage of optional chaining. If it short-circuits with 'undefined' the evaluation will throw TypeError  no-unsafe-optional-chaining

/Users/renakaagusta/Documents/scalex/frontend/apps/web/dist/assets/SignRequestScreen-DjLHkDxK-BhhCEqSv.js
  1:1304  warning  'a' is assigned a value but never used  @typescript-eslint/no-unused-vars
  1:1318  warning  's' is assigned a value but never used  @typescript-eslint/no-unused-vars

/Users/renakaagusta/Documents/scalex/frontend/apps/web/dist/assets/StandardSignAndSendTransactionScreen-CFqthHKF-sYrEABJ-.js
  1:7794   error    Empty block statement                                                                                                                                                                                                                               no-empty
  1:7832   error    Empty block statement                                                                                                                                                                                                                               no-empty
  1:8089   error    Empty block statement                                                                                                                                                                                                                               no-empty
  1:8138   error    Empty block statement                                                                                                                                                                                                                               no-empty
  1:8176   error    Empty block statement                                                                                                                                                                                                                               no-empty
  1:8389   warning  'f' is never reassigned. Use 'const' instead                                                                                                                                                                                                        prefer-const
  1:8391   warning  'k' is never reassigned. Use 'const' instead                                                                                                                                                                                                        prefer-const
  1:8393   warning  'b' is never reassigned. Use 'const' instead                                                                                                                                                                                                        prefer-const
  1:8403   warning  'd' is never reassigned. Use 'const' instead                                                                                                                                                                                                        prefer-const
  1:13559  error    React Hook "I.useState" is called in function "component" that is neither a React function component nor a custom React Hook function. React component names must start with an uppercase letter. React Hook names must start with the word "use"   react-hooks/rules-of-hooks
  1:13624  error    React Hook "I.useState" is called in function "component" that is neither a React function component nor a custom React Hook function. React component names must start with an uppercase letter. React Hook names must start with the word "use"   react-hooks/rules-of-hooks
  1:13643  error    React Hook "I.useState" is called in function "component" that is neither a React function component nor a custom React Hook function. React component names must start with an uppercase letter. React Hook names must start with the word "use"   react-hooks/rules-of-hooks
  1:13662  error    React Hook "I.useState" is called in function "component" that is neither a React function component nor a custom React Hook function. React component names must start with an uppercase letter. React Hook names must start with the word "use"   react-hooks/rules-of-hooks
  1:13704  error    React Hook "I.useState" is called in function "component" that is neither a React function component nor a custom React Hook function. React component names must start with an uppercase letter. React Hook names must start with the word "use"   react-hooks/rules-of-hooks
  1:13725  error    React Hook "I.useState" is called in function "component" that is neither a React function component nor a custom React Hook function. React component names must start with an uppercase letter. React Hook names must start with the word "use"   react-hooks/rules-of-hooks
  1:13746  error    React Hook "I.useState" is called in function "component" that is neither a React function component nor a custom React Hook function. React component names must start with an uppercase letter. React Hook names must start with the word "use"   react-hooks/rules-of-hooks
  1:13963  error    React Hook "I.useMemo" is called in function "component" that is neither a React function component nor a custom React Hook function. React component names must start with an uppercase letter. React Hook names must start with the word "use"    react-hooks/rules-of-hooks
  1:15607  error    React Hook "I.useMemo" is called in function "component" that is neither a React function component nor a custom React Hook function. React component names must start with an uppercase letter. React Hook names must start with the word "use"    react-hooks/rules-of-hooks
  1:16162  error    React Hook "I.useEffect" is called in function "component" that is neither a React function component nor a custom React Hook function. React component names must start with an uppercase letter. React Hook names must start with the word "use"  react-hooks/rules-of-hooks
  1:16374  error    React Hook "I.useEffect" is called in function "component" that is neither a React function component nor a custom React Hook function. React component names must start with an uppercase letter. React Hook names must start with the word "use"  react-hooks/rules-of-hooks

/Users/renakaagusta/Documents/scalex/frontend/apps/web/dist/assets/TransactionErrorView-DmFbjQHi-B64nxyt-.js
  1:3428   warning  'u' is never reassigned. Use 'const' instead   prefer-const
  1:3473   warning  'k' is never reassigned. Use 'const' instead   prefer-const
  1:4478   warning  'l' is never reassigned. Use 'const' instead   prefer-const
  1:4499   warning  'o' is never reassigned. Use 'const' instead   prefer-const
  1:4528   warning  'x' is never reassigned. Use 'const' instead   prefer-const
  1:4537   warning  'C' is never reassigned. Use 'const' instead   prefer-const
  1:4550   warning  'p' is never reassigned. Use 'const' instead   prefer-const
  1:4565   warning  't' is never reassigned. Use 'const' instead   prefer-const
  1:8589   warning  'O' is never reassigned. Use 'const' instead   prefer-const
  1:8591   warning  'Fe' is never reassigned. Use 'const' instead  prefer-const
  1:20330  warning  'b' is never reassigned. Use 'const' instead   prefer-const

/Users/renakaagusta/Documents/scalex/frontend/apps/web/dist/assets/TransferFromWalletScreen-Dvp-YNqS-CBg1PvIy.js
  1:719   warning  'd' is never reassigned. Use 'const' instead                                                                                                                                                                                                        prefer-const
  1:740   warning  'r' is never reassigned. Use 'const' instead                                                                                                                                                                                                        prefer-const
  1:747   warning  'a' is never reassigned. Use 'const' instead                                                                                                                                                                                                        prefer-const
  1:758   warning  'm' is never reassigned. Use 'const' instead                                                                                                                                                                                                        prefer-const
  1:765   warning  'p' is never reassigned. Use 'const' instead                                                                                                                                                                                                        prefer-const
  1:780   warning  'D' is never reassigned. Use 'const' instead                                                                                                                                                                                                        prefer-const
  1:787   warning  'E' is never reassigned. Use 'const' instead                                                                                                                                                                                                        prefer-const
  1:826   warning  'v' is never reassigned. Use 'const' instead                                                                                                                                                                                                        prefer-const
  1:828   warning  'h' is never reassigned. Use 'const' instead                                                                                                                                                                                                        prefer-const
  1:831   error    React Hook "T.useState" is called in function "component" that is neither a React function component nor a custom React Hook function. React component names must start with an uppercase letter. React Hook names must start with the word "use"   react-hooks/rules-of-hooks
  1:853   warning  'y' is never reassigned. Use 'const' instead                                                                                                                                                                                                        prefer-const
  1:888   warning  'f' is never reassigned. Use 'const' instead                                                                                                                                                                                                        prefer-const
  1:930   warning  'i' is never reassigned. Use 'const' instead                                                                                                                                                                                                        prefer-const
  1:2707  error    React Hook "T.useEffect" is called in function "component" that is neither a React function component nor a custom React Hook function. React component names must start with an uppercase letter. React Hook names must start with the word "use"  react-hooks/rules-of-hooks

/Users/renakaagusta/Documents/scalex/frontend/apps/web/dist/assets/TurnstileWrapper-Co-t5mTh-CSVzoNd_.js
  1:1507  warning  'i' is never reassigned. Use 'const' instead  prefer-const
  1:1517  warning  'e' is never reassigned. Use 'const' instead  prefer-const
  1:1530  warning  'l' is never reassigned. Use 'const' instead  prefer-const
  1:1545  warning  'x' is never reassigned. Use 'const' instead  prefer-const
  1:1557  warning  'f' is never reassigned. Use 'const' instead  prefer-const
  1:1568  warning  'w' is never reassigned. Use 'const' instead  prefer-const
  1:1578  warning  'p' is never reassigned. Use 'const' instead  prefer-const
  1:1600  warning  's' is never reassigned. Use 'const' instead  prefer-const
  1:1621  warning  'c' is never reassigned. Use 'const' instead  prefer-const
  1:1637  warning  'C' is never reassigned. Use 'const' instead  prefer-const
  1:1649  warning  'O' is never reassigned. Use 'const' instead  prefer-const
  1:1664  warning  '$' is never reassigned. Use 'const' instead  prefer-const
  1:1669  warning  'H' is never reassigned. Use 'const' instead  prefer-const
  1:1677  warning  'G' is never reassigned. Use 'const' instead  prefer-const
  1:1682  warning  'J' is never reassigned. Use 'const' instead  prefer-const
  1:1703  warning  'A' is never reassigned. Use 'const' instead  prefer-const
  1:1733  warning  'a' is never reassigned. Use 'const' instead  prefer-const
  1:1741  warning  'V' is never reassigned. Use 'const' instead  prefer-const
  1:1746  warning  'd' is never reassigned. Use 'const' instead  prefer-const
  1:1755  warning  'P' is never reassigned. Use 'const' instead  prefer-const
  1:1915  warning  'X' is never reassigned. Use 'const' instead  prefer-const
  1:1917  warning  'k' is never reassigned. Use 'const' instead  prefer-const
  1:1936  warning  'm' is never reassigned. Use 'const' instead  prefer-const
  1:1954  warning  'y' is never reassigned. Use 'const' instead  prefer-const
  1:1956  warning  'z' is never reassigned. Use 'const' instead  prefer-const
  1:1974  warning  't' is never reassigned. Use 'const' instead  prefer-const
  1:1993  warning  'I' is never reassigned. Use 'const' instead  prefer-const
  1:2008  warning  'K' is never reassigned. Use 'const' instead  prefer-const
  1:2016  warning  'h' is never reassigned. Use 'const' instead  prefer-const
  1:4320  warning  '_' is never reassigned. Use 'const' instead  prefer-const

/Users/renakaagusta/Documents/scalex/frontend/apps/web/dist/assets/WalletButtonList-C1OqZHCA-B3MpdNmh.js
  1:739  warning  'y' is never reassigned. Use 'const' instead  prefer-const
  1:754  warning  'r' is never reassigned. Use 'const' instead  prefer-const
  1:776  warning  'f' is never reassigned. Use 'const' instead  prefer-const
  1:783  warning  'T' is never reassigned. Use 'const' instead  prefer-const
  1:789  warning  'p' is never reassigned. Use 'const' instead  prefer-const
  1:796  warning  'w' is never reassigned. Use 'const' instead  prefer-const
  1:857  warning  'i' is never reassigned. Use 'const' instead  prefer-const
  1:915  warning  'e' is never reassigned. Use 'const' instead  prefer-const
  1:971  warning  'x' is never reassigned. Use 'const' instead  prefer-const

/Users/renakaagusta/Documents/scalex/frontend/apps/web/dist/assets/basic-D4iMSIGN.js
  517:2554  warning  'Ye' is assigned a value but never used                          @typescript-eslint/no-unused-vars
  517:3683  warning  'Ze' is assigned a value but never used                          @typescript-eslint/no-unused-vars
  529:560   warning  'p' is defined but never used                                    @typescript-eslint/no-unused-vars
  708:9     warning  'et' is assigned a value but never used                          @typescript-eslint/no-unused-vars
  745:404   error    Expected a conditional expression and instead saw an assignment  no-cond-assign
  745:1337  warning  'e' is defined but never used                                    @typescript-eslint/no-unused-vars

/Users/renakaagusta/Documents/scalex/frontend/apps/web/dist/assets/browser-BpTCiXl8.js
  3:356  error  Do not access Object.prototype method 'hasOwnProperty' from target object  no-prototype-builtins
  3:911  error  Do not access Object.prototype method 'hasOwnProperty' from target object  no-prototype-builtins

/Users/renakaagusta/Documents/scalex/frontend/apps/web/dist/assets/core-BOVAG1In.js
    2:6600    error    Expected a conditional expression and instead saw an assignment                                               no-cond-assign
    2:6612    error    Expected a conditional expression and instead saw an assignment                                               no-cond-assign
    2:6696    error    Expected a conditional expression and instead saw an assignment                                               no-cond-assign
    2:17835   warning  's' is defined but never used                                                                                 @typescript-eslint/no-unused-vars
    2:18384   warning  'n' is defined but never used                                                                                 @typescript-eslint/no-unused-vars
    2:18523   warning  't' is defined but never used                                                                                 @typescript-eslint/no-unused-vars
    2:34625   warning  'r' is assigned a value but never used                                                                        @typescript-eslint/no-unused-vars
    2:36948   error    Unsafe usage of optional chaining. If it short-circuits with 'undefined' the evaluation will throw TypeError  no-unsafe-optional-chaining
    2:58850   error    Empty block statement                                                                                         no-empty
    4:9896    error    Empty block statement                                                                                         no-empty
    4:16491   warning  't' is defined but never used                                                                                 @typescript-eslint/no-unused-vars
    4:24223   warning  't' is defined but never used                                                                                 @typescript-eslint/no-unused-vars
    4:28882   warning  'i' is defined but never used                                                                                 @typescript-eslint/no-unused-vars
    4:38250   error    Unexpected lexical declaration in case block                                                                  no-case-declarations
    4:47402   warning  's' is assigned a value but never used                                                                        @typescript-eslint/no-unused-vars
    4:72358   error    's' is already defined                                                                                        no-redeclare
    4:74060   warning  'e' is defined but never used                                                                                 @typescript-eslint/no-unused-vars
    4:74100   warning  'r' is defined but never used                                                                                 @typescript-eslint/no-unused-vars
    5:6627    error    's' is already defined                                                                                        no-redeclare
    5:6902    error    'process' is not defined                                                                                      no-undef
    5:6931    error    'process' is not defined                                                                                      no-undef
    5:9837    error    Promise executor functions should not be async                                                                no-async-promise-executor
    5:10711   warning  'e' is defined but never used                                                                                 @typescript-eslint/no-unused-vars
    5:12514   error    'Buffer' is not defined                                                                                       no-undef
    5:12602   error    'Buffer' is not defined                                                                                       no-undef
    5:13450   warning  'e' is defined but never used                                                                                 @typescript-eslint/no-unused-vars
    5:29601   warning  'm' is never reassigned. Use 'const' instead                                                                  prefer-const
    5:29998   warning  'm' is never reassigned. Use 'const' instead                                                                  prefer-const
    6:57      error    'Buffer' is not defined                                                                                       no-undef
    6:1580    error    'Buffer' is not defined                                                                                       no-undef
    6:1674    error    'Buffer' is not defined                                                                                       no-undef
    6:2289    error    'Buffer' is not defined                                                                                       no-undef
    6:2414    error    'Buffer' is not defined                                                                                       no-undef
    6:2434    error    'Buffer' is not defined                                                                                       no-undef
    6:2451    error    'Buffer' is not defined                                                                                       no-undef
    6:2658    error    'Buffer' is not defined                                                                                       no-undef
    6:2696    error    'Buffer' is not defined                                                                                       no-undef
    6:2739    error    'Buffer' is not defined                                                                                       no-undef
    6:2786    error    'Buffer' is not defined                                                                                       no-undef
    6:2842    error    'Buffer' is not defined                                                                                       no-undef
    6:2899    error    'Buffer' is not defined                                                                                       no-undef
    6:2956    error    'Buffer' is not defined                                                                                       no-undef
    6:3014    error    'Buffer' is not defined                                                                                       no-undef
    6:3046    error    'Buffer' is not defined                                                                                       no-undef
    6:3764    error    's' is already defined                                                                                        no-redeclare
    8:27      error    'Buffer' is not defined                                                                                       no-undef
    8:110     error    'Buffer' is not defined                                                                                       no-undef
    8:7026    warning  'g' is never reassigned. Use 'const' instead                                                                  prefer-const
    8:8465    warning  'N' is never reassigned. Use 'const' instead                                                                  prefer-const
    8:8481    warning  'M' is never reassigned. Use 'const' instead                                                                  prefer-const
    8:8509    warning  'Y' is never reassigned. Use 'const' instead                                                                  prefer-const
    8:8537    warning  'O' is never reassigned. Use 'const' instead                                                                  prefer-const
    8:8564    warning  'C' is never reassigned. Use 'const' instead                                                                  prefer-const
    8:8592    warning  'y' is never reassigned. Use 'const' instead                                                                  prefer-const
    8:8612    warning  'E' is never reassigned. Use 'const' instead                                                                  prefer-const
    8:8640    warning  'k' is never reassigned. Use 'const' instead                                                                  prefer-const
    8:8668    warning  'D' is never reassigned. Use 'const' instead                                                                  prefer-const
    8:8695    warning  'B' is never reassigned. Use 'const' instead                                                                  prefer-const
    8:11546   warning  'o' is never reassigned. Use 'const' instead                                                                  prefer-const
    8:11553   warning  'a' is never reassigned. Use 'const' instead                                                                  prefer-const
    8:11560   warning  'c' is never reassigned. Use 'const' instead                                                                  prefer-const
    8:11567   warning  'l' is never reassigned. Use 'const' instead                                                                  prefer-const
    8:11574   warning  'd' is never reassigned. Use 'const' instead                                                                  prefer-const
    8:11581   warning  'u' is never reassigned. Use 'const' instead                                                                  prefer-const
    8:11588   warning  'h' is never reassigned. Use 'const' instead                                                                  prefer-const
    8:11595   warning  'f' is never reassigned. Use 'const' instead                                                                  prefer-const
    8:11602   warning  'g' is never reassigned. Use 'const' instead                                                                  prefer-const
    8:11609   warning  'w' is never reassigned. Use 'const' instead                                                                  prefer-const
    8:11616   warning  'm' is never reassigned. Use 'const' instead                                                                  prefer-const
    8:11623   warning  'A' is never reassigned. Use 'const' instead                                                                  prefer-const
    8:11630   warning  'v' is never reassigned. Use 'const' instead                                                                  prefer-const
    8:11634   warning  'P' is never reassigned. Use 'const' instead                                                                  prefer-const
    8:11641   warning  'F' is never reassigned. Use 'const' instead                                                                  prefer-const
    8:11648   warning  'G' is never reassigned. Use 'const' instead                                                                  prefer-const
    8:14352   error    'e' is assigned to itself                                                                                     no-self-assign
    8:36110   warning  'ae' is never reassigned. Use 'const' instead                                                                 prefer-const
    8:51120   error    'Buffer' is not defined                                                                                       no-undef
    8:51148   error    'Buffer' is not defined                                                                                       no-undef
    8:51256   error    'Buffer' is not defined                                                                                       no-undef
    8:52031   error    's' is already defined                                                                                        no-redeclare
    8:53803   error    's' is already defined                                                                                        no-redeclare
    8:54983   warning  'n' is assigned a value but never used                                                                        @typescript-eslint/no-unused-vars
    8:57527   warning  'e' is defined but never used                                                                                 @typescript-eslint/no-unused-vars
    8:58440   error    Empty block statement                                                                                         no-empty
    8:60555   warning  'e' is defined but never used                                                                                 @typescript-eslint/no-unused-vars
    8:60704   error    Unexpected constant binary expression. Compares constantly with the right-hand side of the `!==`              no-constant-binary-expression
    8:60715   error    Invalid typeof comparison value                                                                               valid-typeof
   14:2478    error    'Buffer' is not defined                                                                                       no-undef
   14:3547    error    'Buffer' is not defined                                                                                       no-undef
   14:3663    error    'Buffer' is not defined                                                                                       no-undef
   14:16785   error    'n' is already defined                                                                                        no-redeclare
   14:23898   error    's' is already defined                                                                                        no-redeclare
   14:27254   error    's' is already defined                                                                                        no-redeclare
   14:28322   error    Promise executor functions should not be async                                                                no-async-promise-executor
   14:29816   error    Promise executor functions should not be async                                                                no-async-promise-executor
   14:33025   error    's' is already defined                                                                                        no-redeclare
   14:36395   error    Empty block statement                                                                                         no-empty
   14:37920   error    Promise executor functions should not be async                                                                no-async-promise-executor
   14:38287   error    Empty block statement                                                                                         no-empty
   14:43467   error    's' is already defined                                                                                        no-redeclare
   14:47800   error    Promise executor functions should not be async                                                                no-async-promise-executor
   14:48866   error    Promise executor functions should not be async                                                                no-async-promise-executor
   14:50568   error    Promise executor functions should not be async                                                                no-async-promise-executor
   14:50968   error    Promise executor functions should not be async                                                                no-async-promise-executor
   14:57440   error    'Buffer' is not defined                                                                                       no-undef
   14:57461   error    'Buffer' is not defined                                                                                       no-undef
   14:58537   error    's' is already defined                                                                                        no-redeclare
   14:83166   error    Promise executor functions should not be async                                                                no-async-promise-executor
   14:84899   error    's' is already defined                                                                                        no-redeclare
   14:87293   warning  'i' is assigned a value but never used                                                                        @typescript-eslint/no-unused-vars
   14:88292   error    's' is already defined                                                                                        no-redeclare
   14:95594   error    's' is already defined                                                                                        no-redeclare
   14:104123  error    Promise executor functions should not be async                                                                no-async-promise-executor
   14:104388  error    Promise executor functions should not be async                                                                no-async-promise-executor
   14:116288  error    Empty block statement                                                                                         no-empty
   14:146218  error    Empty block statement                                                                                         no-empty
   14:158007  error    'Buffer' is not defined                                                                                       no-undef
   14:159333  warning  'e' is defined but never used                                                                                 @typescript-eslint/no-unused-vars
   14:159349  warning  's' is defined but never used                                                                                 @typescript-eslint/no-unused-vars
   14:159351  warning  'n' is defined but never used                                                                                 @typescript-eslint/no-unused-vars
   14:159353  warning  'r' is defined but never used                                                                                 @typescript-eslint/no-unused-vars
   14:159355  warning  'i' is defined but never used                                                                                 @typescript-eslint/no-unused-vars
   14:161434  error    'Buffer' is not defined                                                                                       no-undef
   14:162201  error    's' is already defined                                                                                        no-redeclare
   14:162797  warning  'e' is defined but never used                                                                                 @typescript-eslint/no-unused-vars
   14:164294  error    's' is already defined                                                                                        no-redeclare
   14:165858  error    's' is already defined                                                                                        no-redeclare
   14:167564  error    's' is already defined                                                                                        no-redeclare
   14:176074  error    's' is already defined                                                                                        no-redeclare
   14:176194  warning  'O1' is never reassigned. Use 'const' instead                                                                 prefer-const
   14:199493  warning  's' is defined but never used                                                                                 @typescript-eslint/no-unused-vars
   14:210367  warning  'e' is defined but never used                                                                                 @typescript-eslint/no-unused-vars
   14:211120  error    Do not access Object.prototype method 'hasOwnProperty' from target object                                     no-prototype-builtins
   14:211636  error    Do not access Object.prototype method 'hasOwnProperty' from target object                                     no-prototype-builtins
   14:211823  error    Do not access Object.prototype method 'hasOwnProperty' from target object                                     no-prototype-builtins
   14:211900  error    Do not access Object.prototype method 'hasOwnProperty' from target object                                     no-prototype-builtins
   14:212076  error    'litPropertyMetadata' is not defined                                                                          no-undef
   14:213123  error    Do not access Object.prototype method 'hasOwnProperty' from target object                                     no-prototype-builtins
   14:213490  warning  'e' is defined but never used                                                                                 @typescript-eslint/no-unused-vars
   14:215507  warning  'e' is defined but never used                                                                                 @typescript-eslint/no-unused-vars
   14:215789  warning  'e' is defined but never used                                                                                 @typescript-eslint/no-unused-vars
   14:215808  warning  'e' is defined but never used                                                                                 @typescript-eslint/no-unused-vars
   14:215888  warning  'e' is defined but never used                                                                                 @typescript-eslint/no-unused-vars
   14:215905  warning  'e' is defined but never used                                                                                 @typescript-eslint/no-unused-vars
   16:294     error    Do not access Object.prototype method 'hasOwnProperty' from target object                                     no-prototype-builtins
   16:2176    warning  's' is defined but never used                                                                                 @typescript-eslint/no-unused-vars
  212:15051   warning  'e' is defined but never used                                                                                 @typescript-eslint/no-unused-vars
  212:20485   warning  'e' is defined but never used                                                                                 @typescript-eslint/no-unused-vars
  212:23826   warning  't' is defined but never used                                                                                 @typescript-eslint/no-unused-vars
  212:32450   error    Empty block statement                                                                                         no-empty
  212:33506   error    Empty block statement                                                                                         no-empty
  212:63759   warning  'e' is defined but never used                                                                                 @typescript-eslint/no-unused-vars
  212:63805   warning  'e' is defined but never used                                                                                 @typescript-eslint/no-unused-vars

/Users/renakaagusta/Documents/scalex/frontend/apps/web/dist/assets/features-BXAettZR.js
  5:1349  warning  'e' is defined but never used  @typescript-eslint/no-unused-vars
  5:1351  warning  't' is defined but never used  @typescript-eslint/no-unused-vars

/Users/renakaagusta/Documents/scalex/frontend/apps/web/dist/assets/getUsdcMintAddress-DFI1hv05-jlhpBW9a.js
  1:124  warning  'o' is defined but never used  @typescript-eslint/no-unused-vars

/Users/renakaagusta/Documents/scalex/frontend/apps/web/dist/assets/index-BKwr7ZoG.js
   1:1512    warning  'n' is defined but never used                                    @typescript-eslint/no-unused-vars
   1:18672   warning  'te' is never reassigned. Use 'const' instead                    prefer-const
   1:28697   warning  't' is defined but never used                                    @typescript-eslint/no-unused-vars
   1:29055   warning  'r' is defined but never used                                    @typescript-eslint/no-unused-vars
   1:29093   warning  'r' is defined but never used                                    @typescript-eslint/no-unused-vars
   1:129871  warning  'n' is defined but never used                                    @typescript-eslint/no-unused-vars
  12:1583    error    Expected a conditional expression and instead saw an assignment  no-cond-assign
  12:4615    error    Empty block statement                                            no-empty
  12:9222    error    Expected a conditional expression and instead saw an assignment  no-cond-assign
  12:9406    warning  'n' is defined but never used                                    @typescript-eslint/no-unused-vars
  12:9440    error    Expected a conditional expression and instead saw an assignment  no-cond-assign
  12:9440    error    Unexpected constant condition                                    no-constant-condition
  12:9656    error    Expected a conditional expression and instead saw an assignment  no-cond-assign
  12:11871   warning  'n' is defined but never used                                    @typescript-eslint/no-unused-vars
  12:12777   error    Expected a conditional expression and instead saw an assignment  no-cond-assign
  15:19180   warning  'M' is assigned a value but never used                           @typescript-eslint/no-unused-vars
  16:28021   error    'r' is already defined                                           no-redeclare
  16:52738   error    'r' is already defined                                           no-redeclare

/Users/renakaagusta/Documents/scalex/frontend/apps/web/dist/assets/index-Bn28FebX.js
    9:2097  error    Do not access Object.prototype method 'hasOwnProperty' from target object  no-prototype-builtins
  323:548   warning  't' is defined but never used                                              @typescript-eslint/no-unused-vars

/Users/renakaagusta/Documents/scalex/frontend/apps/web/dist/assets/index-Ce4cEnEO-P3AiuN3-.js
  1:12632  warning  'T' is never reassigned. Use 'const' instead   prefer-const
  1:12642  warning  'h' is never reassigned. Use 'const' instead   prefer-const
  1:16133  warning  'V' is never reassigned. Use 'const' instead   prefer-const
  1:16186  warning  'qe' is never reassigned. Use 'const' instead  prefer-const
  1:16227  warning  'Ue' is never reassigned. Use 'const' instead  prefer-const
  1:16279  warning  'Le' is never reassigned. Use 'const' instead  prefer-const
  1:16305  warning  'Ve' is never reassigned. Use 'const' instead  prefer-const
  1:16332  warning  'Ge' is never reassigned. Use 'const' instead  prefer-const

/Users/renakaagusta/Documents/scalex/frontend/apps/web/dist/assets/index-kNkvu4r-.js
    2:1335    error    Empty block statement                                                                                                                                                                                                                                                  no-empty
    2:5287    error    Expected method 'get' to always return a value                                                                                                                                                                                                                         getter-return
    2:5402    error    Expected method 'get' to always return a value                                                                                                                                                                                                                         getter-return
    2:24981   warning  'ce' is defined but never used                                                                                                                                                                                                                                         @typescript-eslint/no-unused-vars
    2:24984   warning  'pe' is defined but never used                                                                                                                                                                                                                                         @typescript-eslint/no-unused-vars
    2:34757   error    'process' is not defined                                                                                                                                                                                                                                               no-undef
    2:34783   error    'process' is not defined                                                                                                                                                                                                                                               no-undef
    2:39438   error    'setImmediate' is not defined                                                                                                                                                                                                                                          no-undef
    2:40271   error    Unreachable code                                                                                                                                                                                                                                                       no-unreachable
    2:45527   error    '__REACT_DEVTOOLS_GLOBAL_HOOK__' is not defined                                                                                                                                                                                                                        no-undef
    2:45584   error    '__REACT_DEVTOOLS_GLOBAL_HOOK__' is not defined                                                                                                                                                                                                                        no-undef
    2:48958   error    Empty block statement                                                                                                                                                                                                                                                  no-empty
    7:207     error    Expected a conditional expression and instead saw an assignment                                                                                                                                                                                                        no-cond-assign
    9:545     error    Empty block statement                                                                                                                                                                                                                                                  no-empty
    9:4269    error    Expected a conditional expression and instead saw an assignment                                                                                                                                                                                                        no-cond-assign
    9:4369    error    Expected a conditional expression and instead saw an assignment                                                                                                                                                                                                        no-cond-assign
    9:4452    error    Expected a conditional expression and instead saw an assignment                                                                                                                                                                                                        no-cond-assign
    9:5274    error    Unexpected combined character in character class                                                                                                                                                                                                                       no-misleading-character-class
    9:6424    error    Do not access Object.prototype method 'hasOwnProperty' from target object                                                                                                                                                                                              no-prototype-builtins
    9:8661    error    Do not access Object.prototype method 'hasOwnProperty' from target object                                                                                                                                                                                              no-prototype-builtins
    9:10778   error    Do not access Object.prototype method 'hasOwnProperty' from target object                                                                                                                                                                                              no-prototype-builtins
    9:10808   error    Do not access Object.prototype method 'hasOwnProperty' from target object                                                                                                                                                                                              no-prototype-builtins
    9:10927   error    Do not access Object.prototype method 'hasOwnProperty' from target object                                                                                                                                                                                              no-prototype-builtins
    9:10988   error    Do not access Object.prototype method 'hasOwnProperty' from target object                                                                                                                                                                                              no-prototype-builtins
    9:13951   error    Unexpected control character(s) in regular expression: \x00, \x1f                                                                                                                                                                                                      no-control-regex
    9:15994   error    Expected to return a value in method 'get'                                                                                                                                                                                                                             getter-return
    9:16685   error    Do not access Object.prototype method 'hasOwnProperty' from target object                                                                                                                                                                                              no-prototype-builtins
    9:17031   error    Invalid typeof comparison value                                                                                                                                                                                                                                        valid-typeof
    9:17205   error    Invalid typeof comparison value                                                                                                                                                                                                                                        valid-typeof
    9:19087   error    Expected a conditional expression and instead saw an assignment                                                                                                                                                                                                        no-cond-assign
    9:25443   error    Do not access Object.prototype method 'hasOwnProperty' from target object                                                                                                                                                                                              no-prototype-builtins
    9:26756   error    'process' is not defined                                                                                                                                                                                                                                               no-undef
    9:26782   error    'process' is not defined                                                                                                                                                                                                                                               no-undef
    9:44436   error    Empty block statement                                                                                                                                                                                                                                                  no-empty
    9:46584   error    Expected a 'break' statement before 'case'                                                                                                                                                                                                                             no-fallthrough
    9:47091   error    Unexpected constant condition                                                                                                                                                                                                                                          no-constant-condition
    9:60249   error    Empty block statement                                                                                                                                                                                                                                                  no-empty
    9:60258   error    Empty block statement                                                                                                                                                                                                                                                  no-empty
    9:65815   error    Expected a conditional expression and instead saw an assignment                                                                                                                                                                                                        no-cond-assign
    9:70732   error    Expected a conditional expression and instead saw an assignment                                                                                                                                                                                                        no-cond-assign
    9:73656   error    Expected a conditional expression and instead saw an assignment                                                                                                                                                                                                        no-cond-assign
    9:74798   error    Expected a conditional expression and instead saw an assignment                                                                                                                                                                                                        no-cond-assign
    9:76495   error    Expected a conditional expression and instead saw an assignment                                                                                                                                                                                                        no-cond-assign
    9:83188   error    Expected a conditional expression and instead saw an assignment                                                                                                                                                                                                        no-cond-assign
    9:88179   error    Unnecessary escape character: \/                                                                                                                                                                                                                                       no-useless-escape
    9:99006   error    Expected a 'break' statement before 'case'                                                                                                                                                                                                                             no-fallthrough
    9:99961   error    Empty block statement                                                                                                                                                                                                                                                  no-empty
    9:100240  error    Expected a 'break' statement before 'case'                                                                                                                                                                                                                             no-fallthrough
    9:103453  error    Expected a conditional expression and instead saw an assignment                                                                                                                                                                                                        no-cond-assign
    9:105853  error    Do not access Object.prototype method 'hasOwnProperty' from target object                                                                                                                                                                                              no-prototype-builtins
    9:107700  error    Expected a 'break' statement before 'case'                                                                                                                                                                                                                             no-fallthrough
    9:108383  error    Expected a 'break' statement before 'case'                                                                                                                                                                                                                             no-fallthrough
    9:114208  error    Expected a 'break' statement before 'case'                                                                                                                                                                                                                             no-fallthrough
    9:114542  error    Unexpected constant condition                                                                                                                                                                                                                                          no-constant-condition
    9:117205  error    Unexpected constant condition                                                                                                                                                                                                                                          no-constant-condition
    9:117832  error    Expected a 'break' statement before 'case'                                                                                                                                                                                                                             no-fallthrough
    9:118165  error    Unexpected constant condition                                                                                                                                                                                                                                          no-constant-condition
    9:118566  error    Expected a 'break' statement before 'default'                                                                                                                                                                                                                          no-fallthrough
    9:121138  error    Expected a conditional expression and instead saw an assignment                                                                                                                                                                                                        no-cond-assign
    9:121970  error    Empty block statement                                                                                                                                                                                                                                                  no-empty
    9:122725  error    Empty block statement                                                                                                                                                                                                                                                  no-empty
    9:124206  warning  'p' is defined but never used                                                                                                                                                                                                                                          @typescript-eslint/no-unused-vars
    9:126612  error    Expected a conditional expression and instead saw an assignment                                                                                                                                                                                                        no-cond-assign
    9:130441  error    Expected a 'break' statement before 'case'                                                                                                                                                                                                                             no-fallthrough
    9:130635  error    Expected a 'break' statement before 'case'                                                                                                                                                                                                                             no-fallthrough
    9:131920  error    Expected a conditional expression and instead saw an assignment                                                                                                                                                                                                        no-cond-assign
    9:133590  error    Expected a 'break' statement before 'case'                                                                                                                                                                                                                             no-fallthrough
    9:135180  error    Unexpected control character(s) in regular expression: \x00                                                                                                                                                                                                            no-control-regex
   10:477     error    Expected a 'break' statement before 'case'                                                                                                                                                                                                                             no-fallthrough
   10:5079    error    Do not access Object.prototype method 'hasOwnProperty' from target object                                                                                                                                                                                              no-prototype-builtins
   10:5651    error    Do not access Object.prototype method 'hasOwnProperty' from target object                                                                                                                                                                                              no-prototype-builtins
   10:5993    error    Do not access Object.prototype method 'hasOwnProperty' from target object                                                                                                                                                                                              no-prototype-builtins
   10:6404    error    Do not access Object.prototype method 'hasOwnProperty' from target object                                                                                                                                                                                              no-prototype-builtins
   10:6525    error    Expected a 'break' statement before 'default'                                                                                                                                                                                                                          no-fallthrough
   10:6688    error    Do not access Object.prototype method 'hasOwnProperty' from target object                                                                                                                                                                                              no-prototype-builtins
   10:6959    error    Do not access Object.prototype method 'hasOwnProperty' from target object                                                                                                                                                                                              no-prototype-builtins
   10:7457    error    Expected a 'break' statement before 'case'                                                                                                                                                                                                                             no-fallthrough
   10:7597    error    Do not access Object.prototype method 'hasOwnProperty' from target object                                                                                                                                                                                              no-prototype-builtins
   10:7780    error    Do not access Object.prototype method 'hasOwnProperty' from target object                                                                                                                                                                                              no-prototype-builtins
   10:7866    error    Do not access Object.prototype method 'hasOwnProperty' from target object                                                                                                                                                                                              no-prototype-builtins
   10:8138    error    Do not access Object.prototype method 'hasOwnProperty' from target object                                                                                                                                                                                              no-prototype-builtins
   10:8241    error    Expected a 'break' statement before 'default'                                                                                                                                                                                                                          no-fallthrough
   10:8251    error    Do not access Object.prototype method 'hasOwnProperty' from target object                                                                                                                                                                                              no-prototype-builtins
   10:8337    error    Do not access Object.prototype method 'hasOwnProperty' from target object                                                                                                                                                                                              no-prototype-builtins
   10:8752    error    Do not access Object.prototype method 'hasOwnProperty' from target object                                                                                                                                                                                              no-prototype-builtins
   10:8829    error    Expected a 'break' statement before 'default'                                                                                                                                                                                                                          no-fallthrough
   10:8839    error    Do not access Object.prototype method 'hasOwnProperty' from target object                                                                                                                                                                                              no-prototype-builtins
   10:8909    error    Do not access Object.prototype method 'hasOwnProperty' from target object                                                                                                                                                                                              no-prototype-builtins
   10:9030    error    Expected a 'break' statement before 'default'                                                                                                                                                                                                                          no-fallthrough
   10:9216    error    Do not access Object.prototype method 'hasOwnProperty' from target object                                                                                                                                                                                              no-prototype-builtins
   10:9248    error    Do not access Object.prototype method 'hasOwnProperty' from target object                                                                                                                                                                                              no-prototype-builtins
   10:9375    error    Do not access Object.prototype method 'hasOwnProperty' from target object                                                                                                                                                                                              no-prototype-builtins
   10:9656    error    Do not access Object.prototype method 'hasOwnProperty' from target object                                                                                                                                                                                              no-prototype-builtins
   10:9689    error    Do not access Object.prototype method 'hasOwnProperty' from target object                                                                                                                                                                                              no-prototype-builtins
   10:9818    error    Do not access Object.prototype method 'hasOwnProperty' from target object                                                                                                                                                                                              no-prototype-builtins
   10:10188   error    Do not access Object.prototype method 'hasOwnProperty' from target object                                                                                                                                                                                              no-prototype-builtins
   10:10221   error    Do not access Object.prototype method 'hasOwnProperty' from target object                                                                                                                                                                                              no-prototype-builtins
   10:10297   error    Do not access Object.prototype method 'hasOwnProperty' from target object                                                                                                                                                                                              no-prototype-builtins
   10:10522   error    Do not access Object.prototype method 'hasOwnProperty' from target object                                                                                                                                                                                              no-prototype-builtins
   10:10558   error    Do not access Object.prototype method 'hasOwnProperty' from target object                                                                                                                                                                                              no-prototype-builtins
   10:10634   error    Do not access Object.prototype method 'hasOwnProperty' from target object                                                                                                                                                                                              no-prototype-builtins
   10:10743   error    Do not access Object.prototype method 'hasOwnProperty' from target object                                                                                                                                                                                              no-prototype-builtins
   10:10776   error    Do not access Object.prototype method 'hasOwnProperty' from target object                                                                                                                                                                                              no-prototype-builtins
   10:10850   error    Do not access Object.prototype method 'hasOwnProperty' from target object                                                                                                                                                                                              no-prototype-builtins
   10:18957   error    Expected a conditional expression and instead saw an assignment                                                                                                                                                                                                        no-cond-assign
   10:20047   error    Expected a conditional expression and instead saw an assignment                                                                                                                                                                                                        no-cond-assign
   10:22586   error    Expected a conditional expression and instead saw an assignment                                                                                                                                                                                                        no-cond-assign
   10:36346   error    '__REACT_DEVTOOLS_GLOBAL_HOOK__' is not defined                                                                                                                                                                                                                        no-undef
   10:36446   error    Empty block statement                                                                                                                                                                                                                                                  no-empty
   10:37598   error    '__REACT_DEVTOOLS_GLOBAL_HOOK__' is not defined                                                                                                                                                                                                                        no-undef
   10:37655   error    '__REACT_DEVTOOLS_GLOBAL_HOOK__' is not defined                                                                                                                                                                                                                        no-undef
   10:40966   warning  'e' is defined but never used                                                                                                                                                                                                                                          @typescript-eslint/no-unused-vars
   10:44440   error    Do not access Object.prototype method 'hasOwnProperty' from target object                                                                                                                                                                                              no-prototype-builtins
   10:45558   warning  't' is defined but never used                                                                                                                                                                                                                                          @typescript-eslint/no-unused-vars
   10:45752   warning  't' is defined but never used                                                                                                                                                                                                                                          @typescript-eslint/no-unused-vars
   10:57381   error    Empty block statement                                                                                                                                                                                                                                                  no-empty
   10:57749   error    Expected a conditional expression and instead saw an assignment                                                                                                                                                                                                        no-cond-assign
   10:58797   warning  't' is defined but never used                                                                                                                                                                                                                                          @typescript-eslint/no-unused-vars
   10:60899   error    Empty block statement                                                                                                                                                                                                                                                  no-empty
   10:61026   error    Empty block statement                                                                                                                                                                                                                                                  no-empty
   10:61084   error    Empty block statement                                                                                                                                                                                                                                                  no-empty
   10:61310   error    Empty block statement                                                                                                                                                                                                                                                  no-empty
   10:71201   warning  'n' is assigned a value but never used                                                                                                                                                                                                                                 @typescript-eslint/no-unused-vars
   10:78091   error    Empty block statement                                                                                                                                                                                                                                                  no-empty
   10:78769   warning  'f' is assigned a value but never used                                                                                                                                                                                                                                 @typescript-eslint/no-unused-vars
   10:79442   warning  'c' is never reassigned. Use 'const' instead                                                                                                                                                                                                                           prefer-const
   10:79463   warning  'l' is never reassigned. Use 'const' instead                                                                                                                                                                                                                           prefer-const
   10:79469   warning  'u' is assigned a value but never used                                                                                                                                                                                                                                 @typescript-eslint/no-unused-vars
   10:79469   warning  'u' is never reassigned. Use 'const' instead                                                                                                                                                                                                                           prefer-const
   10:80759   error    Empty block statement                                                                                                                                                                                                                                                  no-empty
   10:93864   error    React Hook "A.useState" is called in function "xO" that is neither a React function component nor a custom React Hook function. React component names must start with an uppercase letter. React Hook names must start with the word "use"                             react-hooks/rules-of-hooks
   10:97604   error    React Hook "A.useContext" is called in function "co" that is neither a React function component nor a custom React Hook function. React component names must start with an uppercase letter. React Hook names must start with the word "use"                           react-hooks/rules-of-hooks
   10:97711   error    React Hook "A.useRef" is called in function "ga" that is neither a React function component nor a custom React Hook function. React component names must start with an uppercase letter. React Hook names must start with the word "use"                               react-hooks/rules-of-hooks
   10:99007   error    React Hook "A.useRef" is called in function "y3" that is neither a React function component nor a custom React Hook function. React component names must start with an uppercase letter. React Hook names must start with the word "use"                               react-hooks/rules-of-hooks
   10:99376   error    React Hook "A.useRef" is called in function "eOe" that is neither a React function component nor a custom React Hook function. React component names must start with an uppercase letter. React Hook names must start with the word "use"                              react-hooks/rules-of-hooks
   10:99398   error    React Hook "A.useImperativeHandle" is called in function "eOe" that is neither a React function component nor a custom React Hook function. React component names must start with an uppercase letter. React Hook names must start with the word "use"                 react-hooks/rules-of-hooks
   10:99585   error    React Hook "A.useRef" is called in function "tOe" that is neither a React function component nor a custom React Hook function. React component names must start with an uppercase letter. React Hook names must start with the word "use"                              react-hooks/rules-of-hooks
   10:99714   error    React Hook "A.useState" is called in function "nOe" that is neither a React function component nor a custom React Hook function. React component names must start with an uppercase letter. React Hook names must start with the word "use"                            react-hooks/rules-of-hooks
   10:99731   error    React Hook "A.useRef" is called in function "nOe" that is neither a React function component nor a custom React Hook function. React component names must start with an uppercase letter. React Hook names must start with the word "use"                              react-hooks/rules-of-hooks
   10:100049  warning  'U' is assigned a value but never used                                                                                                                                                                                                                                 @typescript-eslint/no-unused-vars
   10:100058  warning  'H' is assigned a value but never used                                                                                                                                                                                                                                 @typescript-eslint/no-unused-vars
   10:100065  warning  'N' is assigned a value but never used                                                                                                                                                                                                                                 @typescript-eslint/no-unused-vars
   10:100073  warning  'R' is assigned a value but never used                                                                                                                                                                                                                                 @typescript-eslint/no-unused-vars
   10:100080  warning  'B' is assigned a value but never used                                                                                                                                                                                                                                 @typescript-eslint/no-unused-vars
   10:100097  warning  'W' is assigned a value but never used                                                                                                                                                                                                                                 @typescript-eslint/no-unused-vars
   10:100114  warning  'j' is assigned a value but never used                                                                                                                                                                                                                                 @typescript-eslint/no-unused-vars
   10:100121  warning  'G' is assigned a value but never used                                                                                                                                                                                                                                 @typescript-eslint/no-unused-vars
   10:100137  warning  'V' is assigned a value but never used                                                                                                                                                                                                                                 @typescript-eslint/no-unused-vars
   10:100218  error    React Hook "A.useMemo" is called in function "nOe" that is neither a React function component nor a custom React Hook function. React component names must start with an uppercase letter. React Hook names must start with the word "use"                             react-hooks/rules-of-hooks
   10:100338  error    React Hook "A.useMemo" is called in function "nOe" that is neither a React function component nor a custom React Hook function. React component names must start with an uppercase letter. React Hook names must start with the word "use"                             react-hooks/rules-of-hooks
   10:100388  error    React Hook "A.useMemo" is called in function "nOe" that is neither a React function component nor a custom React Hook function. React component names must start with an uppercase letter. React Hook names must start with the word "use"                             react-hooks/rules-of-hooks
   10:100663  error    React Hook "A.useMemo" is called in function "nOe" that is neither a React function component nor a custom React Hook function. React component names must start with an uppercase letter. React Hook names must start with the word "use"                             react-hooks/rules-of-hooks
   10:100738  error    Empty block statement                                                                                                                                                                                                                                                  no-empty
   10:101288  error    React Hook "A.useCallback" is called in function "nOe" that is neither a React function component nor a custom React Hook function. React component names must start with an uppercase letter. React Hook names must start with the word "use"                         react-hooks/rules-of-hooks
   10:101391  error    React Hook "A.useCallback" is called in function "nOe" that is neither a React function component nor a custom React Hook function. React component names must start with an uppercase letter. React Hook names must start with the word "use"                         react-hooks/rules-of-hooks
   10:101488  error    React Hook "A.useEffect" is called in function "nOe" that is neither a React function component nor a custom React Hook function. React component names must start with an uppercase letter. React Hook names must start with the word "use"                           react-hooks/rules-of-hooks
   10:102178  warning  'Oe' is defined but never used                                                                                                                                                                                                                                         @typescript-eslint/no-unused-vars
   10:103189  warning  'i' is assigned a value but never used                                                                                                                                                                                                                                 @typescript-eslint/no-unused-vars
   10:105897  error    React Hook "A.useRef" is called in function "fOe" that is neither a React function component nor a custom React Hook function. React component names must start with an uppercase letter. React Hook names must start with the word "use"                              react-hooks/rules-of-hooks
   10:105935  error    React Hook "A.useState" is called in function "fOe" that is neither a React function component nor a custom React Hook function. React component names must start with an uppercase letter. React Hook names must start with the word "use"                            react-hooks/rules-of-hooks
   10:106217  error    React Hook "A.useEffect" is called in function "fOe" that is neither a React function component nor a custom React Hook function. React component names must start with an uppercase letter. React Hook names must start with the word "use"                           react-hooks/rules-of-hooks
   10:109649  error    React Hook "A.useRef" is called in function "yOe" that is neither a React function component nor a custom React Hook function. React component names must start with an uppercase letter. React Hook names must start with the word "use"                              react-hooks/rules-of-hooks
   10:113156  warning  'e' is defined but never used                                                                                                                                                                                                                                          @typescript-eslint/no-unused-vars
   10:114217  error    Unnecessary escape character: \[                                                                                                                                                                                                                                       no-useless-escape
   10:115681  warning  'i' is defined but never used                                                                                                                                                                                                                                          @typescript-eslint/no-unused-vars
   10:123523  error    Unexpected constant truthiness on the left-hand side of a `&&` expression                                                                                                                                                                                              no-constant-binary-expression
   10:138332  warning  'i' is defined but never used                                                                                                                                                                                                                                          @typescript-eslint/no-unused-vars
   10:138334  warning  's' is defined but never used                                                                                                                                                                                                                                          @typescript-eslint/no-unused-vars
   10:138336  warning  'a' is defined but never used                                                                                                                                                                                                                                          @typescript-eslint/no-unused-vars
   10:138389  warning  'i' is defined but never used                                                                                                                                                                                                                                          @typescript-eslint/no-unused-vars
   10:138391  warning  's' is defined but never used                                                                                                                                                                                                                                          @typescript-eslint/no-unused-vars
   10:138393  warning  'a' is defined but never used                                                                                                                                                                                                                                          @typescript-eslint/no-unused-vars
   10:138448  warning  'i' is defined but never used                                                                                                                                                                                                                                          @typescript-eslint/no-unused-vars
   10:138450  warning  's' is defined but never used                                                                                                                                                                                                                                          @typescript-eslint/no-unused-vars
   10:138452  warning  'a' is defined but never used                                                                                                                                                                                                                                          @typescript-eslint/no-unused-vars
   10:138454  warning  'o' is defined but never used                                                                                                                                                                                                                                          @typescript-eslint/no-unused-vars
   10:145991  error    Expected a conditional expression and instead saw an assignment                                                                                                                                                                                                        no-cond-assign
   10:155487  warning  'i' is defined but never used                                                                                                                                                                                                                                          @typescript-eslint/no-unused-vars
   10:155489  warning  's' is defined but never used                                                                                                                                                                                                                                          @typescript-eslint/no-unused-vars
   10:155729  warning  'i' is defined but never used                                                                                                                                                                                                                                          @typescript-eslint/no-unused-vars
   10:155731  warning  's' is defined but never used                                                                                                                                                                                                                                          @typescript-eslint/no-unused-vars
   10:155733  warning  'a' is defined but never used                                                                                                                                                                                                                                          @typescript-eslint/no-unused-vars
   10:157117  error    Expected a conditional expression and instead saw an assignment                                                                                                                                                                                                        no-cond-assign
   10:157159  error    Expected a conditional expression and instead saw an assignment                                                                                                                                                                                                        no-cond-assign
   10:164992  error    Unnecessary escape character: \(                                                                                                                                                                                                                                       no-useless-escape
   10:168342  error    Empty block statement                                                                                                                                                                                                                                                  no-empty
   10:171065  error    Expected a conditional expression and instead saw an assignment                                                                                                                                                                                                        no-cond-assign
   10:175810  error    Expected a conditional expression and instead saw an assignment                                                                                                                                                                                                        no-cond-assign
   10:175938  error    Expected a conditional expression and instead saw an assignment                                                                                                                                                                                                        no-cond-assign
   22:3294    warning  'c' is assigned a value but never used                                                                                                                                                                                                                                 @typescript-eslint/no-unused-vars
   22:8678    error    Unexpected lexical declaration in case block                                                                                                                                                                                                                           no-case-declarations
   24:8432    warning  'D' is assigned a value but never used                                                                                                                                                                                                                                 @typescript-eslint/no-unused-vars
   25:9763    warning  't' is assigned a value but never used                                                                                                                                                                                                                                 @typescript-eslint/no-unused-vars
   25:9806    warning  'n' is assigned a value but never used                                                                                                                                                                                                                                 @typescript-eslint/no-unused-vars
   25:9913    error    React Hook "A.useState" is called in function "n5e" that is neither a React function component nor a custom React Hook function. React component names must start with an uppercase letter. React Hook names must start with the word "use"                            react-hooks/rules-of-hooks
   25:9934    error    React Hook "A.useState" is called in function "n5e" that is neither a React function component nor a custom React Hook function. React component names must start with an uppercase letter. React Hook names must start with the word "use"                            react-hooks/rules-of-hooks
   25:9954    error    React Hook "A.useState" is called in function "n5e" that is neither a React function component nor a custom React Hook function. React component names must start with an uppercase letter. React Hook names must start with the word "use"                            react-hooks/rules-of-hooks
   25:9969    error    React Hook "A.useEffect" is called in function "n5e" that is neither a React function component nor a custom React Hook function. React component names must start with an uppercase letter. React Hook names must start with the word "use"                           react-hooks/rules-of-hooks
   45:23141   warning  'r' is assigned a value but never used                                                                                                                                                                                                                                 @typescript-eslint/no-unused-vars
   47:2101    warning  'i' is never reassigned. Use 'const' instead                                                                                                                                                                                                                           prefer-const
   61:5629    warning  'r' is defined but never used                                                                                                                                                                                                                                          @typescript-eslint/no-unused-vars
   62:3038    warning  'i' is assigned a value but never used                                                                                                                                                                                                                                 @typescript-eslint/no-unused-vars
   65:1801    warning  't' is defined but never used                                                                                                                                                                                                                                          @typescript-eslint/no-unused-vars
   65:22814   warning  't' is defined but never used                                                                                                                                                                                                                                          @typescript-eslint/no-unused-vars
   65:24219   warning  't' is defined but never used                                                                                                                                                                                                                                          @typescript-eslint/no-unused-vars
   65:55936   warning  't' is defined but never used                                                                                                                                                                                                                                          @typescript-eslint/no-unused-vars
   66:1286    warning  'b' is assigned a value but never used                                                                                                                                                                                                                                 @typescript-eslint/no-unused-vars
   66:1453    warning  'b' is assigned a value but never used                                                                                                                                                                                                                                 @typescript-eslint/no-unused-vars
   67:17584   warning  'r' is assigned a value but never used                                                                                                                                                                                                                                 @typescript-eslint/no-unused-vars
   67:26329   warning  'n' is defined but never used                                                                                                                                                                                                                                          @typescript-eslint/no-unused-vars
   67:26965   warning  'c' is assigned a value but never used                                                                                                                                                                                                                                 @typescript-eslint/no-unused-vars
   67:27083   warning  'c' is assigned a value but never used                                                                                                                                                                                                                                 @typescript-eslint/no-unused-vars
   67:27263   warning  'c' is assigned a value but never used                                                                                                                                                                                                                                 @typescript-eslint/no-unused-vars
   67:27391   error    'x$' is a function                                                                                                                                                                                                                                                     no-func-assign
   68:1502    error    't' is assigned to itself                                                                                                                                                                                                                                              no-self-assign
   68:11457   warning  'S' is defined but never used                                                                                                                                                                                                                                          @typescript-eslint/no-unused-vars
   68:14548   warning  'H' is never reassigned. Use 'const' instead                                                                                                                                                                                                                           prefer-const
   68:15958   warning  'D' is never reassigned. Use 'const' instead                                                                                                                                                                                                                           prefer-const
   68:15971   warning  '$' is never reassigned. Use 'const' instead                                                                                                                                                                                                                           prefer-const
   68:16309   warning  'H' is never reassigned. Use 'const' instead                                                                                                                                                                                                                           prefer-const
   68:16332   warning  'R' is never reassigned. Use 'const' instead                                                                                                                                                                                                                           prefer-const
   68:20863   warning  'V' is never reassigned. Use 'const' instead                                                                                                                                                                                                                           prefer-const
   68:20878   warning  'Y' is never reassigned. Use 'const' instead                                                                                                                                                                                                                           prefer-const
   68:43582   error    Empty block statement                                                                                                                                                                                                                                                  no-empty
   68:51839   error    Empty block statement                                                                                                                                                                                                                                                  no-empty
   68:53853   error    Empty block statement                                                                                                                                                                                                                                                  no-empty
   69:6282    warning  'f' is never reassigned. Use 'const' instead                                                                                                                                                                                                                           prefer-const
   69:14105   error    'Xg' is a function                                                                                                                                                                                                                                                     no-func-assign
   71:8693    error    Empty block statement                                                                                                                                                                                                                                                  no-empty
   71:13957   error    Empty block statement                                                                                                                                                                                                                                                  no-empty
   71:19537   warning  't' is defined but never used                                                                                                                                                                                                                                          @typescript-eslint/no-unused-vars
   71:19895   warning  'r' is defined but never used                                                                                                                                                                                                                                          @typescript-eslint/no-unused-vars
   71:19933   warning  'r' is defined but never used                                                                                                                                                                                                                                          @typescript-eslint/no-unused-vars
   71:26637   error    Empty block statement                                                                                                                                                                                                                                                  no-empty
   71:33706   error    React Hook "A.useContext" is called in function "zf" that is neither a React function component nor a custom React Hook function. React component names must start with an uppercase letter. React Hook names must start with the word "use"                           react-hooks/rules-of-hooks
   71:35715   error    React Hook "A.useRef" is called in function "cLe" that is neither a React function component nor a custom React Hook function. React component names must start with an uppercase letter. React Hook names must start with the word "use"                              react-hooks/rules-of-hooks
   71:35730   error    React Hook "Fhe.useSyncExternalStoreWithSelector" is called in function "cLe" that is neither a React function component nor a custom React Hook function. React component names must start with an uppercase letter. React Hook names must start with the word "use"  react-hooks/rules-of-hooks
   71:35904   error    React Hook "A.useMemo" is called in function "cLe" that is neither a React function component nor a custom React Hook function. React component names must start with an uppercase letter. React Hook names must start with the word "use"                             react-hooks/rules-of-hooks
   71:36659   error    '#t' is defined but never used                                                                                                                                                                                                                                         no-unused-private-class-members
   71:38935   error    Do not access Object.prototype method 'hasOwnProperty' from target object                                                                                                                                                                                              no-prototype-builtins
   71:47869   error    Unexpected lexical declaration in case block                                                                                                                                                                                                                           no-case-declarations
   71:48076   error    Unexpected lexical declaration in case block                                                                                                                                                                                                                           no-case-declarations
   71:68977   error    Do not access Object.prototype method 'hasOwnProperty' from target object                                                                                                                                                                                              no-prototype-builtins
   71:69119   warning  't' is assigned a value but never used                                                                                                                                                                                                                                 @typescript-eslint/no-unused-vars
   71:69130   warning  'n' is assigned a value but never used                                                                                                                                                                                                                                 @typescript-eslint/no-unused-vars
   71:69139   warning  'r' is assigned a value but never used                                                                                                                                                                                                                                 @typescript-eslint/no-unused-vars
   71:69153   warning  'i' is assigned a value but never used                                                                                                                                                                                                                                 @typescript-eslint/no-unused-vars
   71:69176   warning  's' is assigned a value but never used                                                                                                                                                                                                                                 @typescript-eslint/no-unused-vars
   71:69187   warning  'a' is assigned a value but never used                                                                                                                                                                                                                                 @typescript-eslint/no-unused-vars
   71:69194   warning  'o' is assigned a value but never used                                                                                                                                                                                                                                 @typescript-eslint/no-unused-vars
   71:69208   warning  'c' is assigned a value but never used                                                                                                                                                                                                                                 @typescript-eslint/no-unused-vars
   71:69218   warning  'l' is assigned a value but never used                                                                                                                                                                                                                                 @typescript-eslint/no-unused-vars
   71:69230   warning  'u' is assigned a value but never used                                                                                                                                                                                                                                 @typescript-eslint/no-unused-vars
   71:69241   warning  'f' is assigned a value but never used                                                                                                                                                                                                                                 @typescript-eslint/no-unused-vars
   71:69258   warning  'h' is assigned a value but never used                                                                                                                                                                                                                                 @typescript-eslint/no-unused-vars
   71:69266   warning  'm' is assigned a value but never used                                                                                                                                                                                                                                 @typescript-eslint/no-unused-vars
   71:69279   warning  'g' is assigned a value but never used                                                                                                                                                                                                                                 @typescript-eslint/no-unused-vars
   71:69299   warning  'b' is assigned a value but never used                                                                                                                                                                                                                                 @typescript-eslint/no-unused-vars
   71:69322   warning  'w' is assigned a value but never used                                                                                                                                                                                                                                 @typescript-eslint/no-unused-vars
   71:69341   warning  '_' is assigned a value but never used                                                                                                                                                                                                                                 @typescript-eslint/no-unused-vars
   71:69360   warning  'C' is assigned a value but never used                                                                                                                                                                                                                                 @typescript-eslint/no-unused-vars
   71:69381   warning  'E' is assigned a value but never used                                                                                                                                                                                                                                 @typescript-eslint/no-unused-vars
   71:69391   warning  'T' is assigned a value but never used                                                                                                                                                                                                                                 @typescript-eslint/no-unused-vars
   71:69413   warning  'S' is assigned a value but never used                                                                                                                                                                                                                                 @typescript-eslint/no-unused-vars
   71:69431   warning  'I' is assigned a value but never used                                                                                                                                                                                                                                 @typescript-eslint/no-unused-vars
   71:69449   warning  'O' is assigned a value but never used                                                                                                                                                                                                                                 @typescript-eslint/no-unused-vars
   71:69479   warning  'D' is assigned a value but never used                                                                                                                                                                                                                                 @typescript-eslint/no-unused-vars
   71:69496   warning  'M' is assigned a value but never used                                                                                                                                                                                                                                 @typescript-eslint/no-unused-vars
   71:69517   warning  '$' is assigned a value but never used                                                                                                                                                                                                                                 @typescript-eslint/no-unused-vars
   71:69540   warning  'z' is assigned a value but never used                                                                                                                                                                                                                                 @typescript-eslint/no-unused-vars
   71:69555   warning  'F' is assigned a value but never used                                                                                                                                                                                                                                 @typescript-eslint/no-unused-vars
   71:69564   warning  'U' is assigned a value but never used                                                                                                                                                                                                                                 @typescript-eslint/no-unused-vars
   71:69576   warning  'H' is assigned a value but never used                                                                                                                                                                                                                                 @typescript-eslint/no-unused-vars
   71:69587   warning  'N' is assigned a value but never used                                                                                                                                                                                                                                 @typescript-eslint/no-unused-vars
   71:69602   warning  'R' is assigned a value but never used                                                                                                                                                                                                                                 @typescript-eslint/no-unused-vars
   71:69611   warning  'B' is assigned a value but never used                                                                                                                                                                                                                                 @typescript-eslint/no-unused-vars
   71:69623   warning  'W' is assigned a value but never used                                                                                                                                                                                                                                 @typescript-eslint/no-unused-vars
   71:69631   warning  'j' is assigned a value but never used                                                                                                                                                                                                                                 @typescript-eslint/no-unused-vars
   71:69791   warning  's' is assigned a value but never used                                                                                                                                                                                                                                 @typescript-eslint/no-unused-vars
   71:70101   warning  't' is assigned a value but never used                                                                                                                                                                                                                                 @typescript-eslint/no-unused-vars
   71:70452   warning  't' is assigned a value but never used                                                                                                                                                                                                                                 @typescript-eslint/no-unused-vars
   71:70625   warning  'e' is defined but never used                                                                                                                                                                                                                                          @typescript-eslint/no-unused-vars
   71:70637   error    React Hook "A.useContext" is called in function "r9" that is neither a React function component nor a custom React Hook function. React component names must start with an uppercase letter. React Hook names must start with the word "use"                           react-hooks/rules-of-hooks
   71:70900   error    React Hook "A.useContext" is called in function "zLe" that is neither a React function component nor a custom React Hook function. React component names must start with an uppercase letter. React Hook names must start with the word "use"                          react-hooks/rules-of-hooks
   71:71055   error    React Hook "A.useContext" is called in function "qLe" that is neither a React function component nor a custom React Hook function. React component names must start with an uppercase letter. React Hook names must start with the word "use"                          react-hooks/rules-of-hooks
   71:71747   warning  'n' is defined but never used                                                                                                                                                                                                                                          @typescript-eslint/no-unused-vars
   71:72722   warning  't' is defined but never used                                                                                                                                                                                                                                          @typescript-eslint/no-unused-vars
   71:72757   warning  't' is defined but never used                                                                                                                                                                                                                                          @typescript-eslint/no-unused-vars
   71:72777   error    React Hook "A.useState" is called in function "i9" that is neither a React function component nor a custom React Hook function. React component names must start with an uppercase letter. React Hook names must start with the word "use"                             react-hooks/rules-of-hooks
   71:72806   error    React Hook "A.useEffect" is called in function "i9" that is neither a React function component nor a custom React Hook function. React component names must start with an uppercase letter. React Hook names must start with the word "use"                            react-hooks/rules-of-hooks
   71:72855   error    React Hook "A.useSyncExternalStore" is called in function "i9" that is neither a React function component nor a custom React Hook function. React component names must start with an uppercase letter. React Hook names must start with the word "use"                 react-hooks/rules-of-hooks
   71:72878   error    React Hook "A.useCallback" is called in function "i9" that is neither a React function component nor a custom React Hook function. React component names must start with an uppercase letter. React Hook names must start with the word "use"                          react-hooks/rules-of-hooks
   71:72983   error    React Hook "A.useCallback" is called in function "i9" that is neither a React function component nor a custom React Hook function. React component names must start with an uppercase letter. React Hook names must start with the word "use"                          react-hooks/rules-of-hooks
   71:73266   error    React Hook "A.useSyncExternalStore" is called in function "rP" that is neither a React function component nor a custom React Hook function. React component names must start with an uppercase letter. React Hook names must start with the word "use"                 react-hooks/rules-of-hooks
   71:73480   error    React Hook "Fhe.useSyncExternalStoreWithSelector" is called in function "tpe" that is neither a React function component nor a custom React Hook function. React component names must start with an uppercase letter. React Hook names must start with the word "use"  react-hooks/rules-of-hooks
   72:12709   error    React Hook "A.useState" is called in function "o9" that is neither a React function component nor a custom React Hook function. React component names must start with an uppercase letter. React Hook names must start with the word "use"                             react-hooks/rules-of-hooks
   72:12730   error    React Hook "A.useState" is called in function "o9" that is neither a React function component nor a custom React Hook function. React component names must start with an uppercase letter. React Hook names must start with the word "use"                             react-hooks/rules-of-hooks
   72:13669   error    React Hook "A.useCallback" is called in function "o9" that is neither a React function component nor a custom React Hook function. React component names must start with an uppercase letter. React Hook names must start with the word "use"                          react-hooks/rules-of-hooks
   72:14251   error    React Hook "A.useState" is called in function "vBe" that is neither a React function component nor a custom React Hook function. React component names must start with an uppercase letter. React Hook names must start with the word "use"                            react-hooks/rules-of-hooks
   72:14272   error    React Hook "A.useState" is called in function "vBe" that is neither a React function component nor a custom React Hook function. React component names must start with an uppercase letter. React Hook names must start with the word "use"                            react-hooks/rules-of-hooks
   72:14293   error    React Hook "A.useState" is called in function "vBe" that is neither a React function component nor a custom React Hook function. React component names must start with an uppercase letter. React Hook names must start with the word "use"                            react-hooks/rules-of-hooks
   72:14316   error    React Hook "A.useState" is called in function "vBe" that is neither a React function component nor a custom React Hook function. React component names must start with an uppercase letter. React Hook names must start with the word "use"                            react-hooks/rules-of-hooks
   72:14340   error    React Hook "A.useEffect" is called in function "vBe" that is neither a React function component nor a custom React Hook function. React component names must start with an uppercase letter. React Hook names must start with the word "use"                           react-hooks/rules-of-hooks
   72:41031   warning  'i' is never reassigned. Use 'const' instead                                                                                                                                                                                                                           prefer-const
   72:41038   warning  's' is never reassigned. Use 'const' instead                                                                                                                                                                                                                           prefer-const
   72:42870   warning  'c' is never reassigned. Use 'const' instead                                                                                                                                                                                                                           prefer-const
   72:43633   warning  'i' is never reassigned. Use 'const' instead                                                                                                                                                                                                                           prefer-const
   72:47374   error    Promise executor functions should not be async                                                                                                                                                                                                                         no-async-promise-executor
   72:48198   warning  'n' is never reassigned. Use 'const' instead                                                                                                                                                                                                                           prefer-const
   72:48205   warning  'r' is never reassigned. Use 'const' instead                                                                                                                                                                                                                           prefer-const
   72:49186   error    'Buffer' is not defined                                                                                                                                                                                                                                                no-undef
   72:50001   error    'Buffer' is not defined                                                                                                                                                                                                                                                no-undef
   72:50576   error    'Buffer' is not defined                                                                                                                                                                                                                                                no-undef
   72:51875   warning  'a' is never reassigned. Use 'const' instead                                                                                                                                                                                                                           prefer-const
   72:51887   warning  'o' is never reassigned. Use 'const' instead                                                                                                                                                                                                                           prefer-const
   72:52126   warning  'a' is never reassigned. Use 'const' instead                                                                                                                                                                                                                           prefer-const
   72:52138   warning  'o' is never reassigned. Use 'const' instead                                                                                                                                                                                                                           prefer-const
   72:56568   error    Promise executor functions should not be async                                                                                                                                                                                                                         no-async-promise-executor
   72:58969   error    Promise executor functions should not be async                                                                                                                                                                                                                         no-async-promise-executor
   72:60868   error    'Buffer' is not defined                                                                                                                                                                                                                                                no-undef
   72:61052   error    'Buffer' is not defined                                                                                                                                                                                                                                                no-undef
   72:61804   error    'Buffer' is not defined                                                                                                                                                                                                                                                no-undef
   72:61988   error    'Buffer' is not defined                                                                                                                                                                                                                                                no-undef
   72:75295   warning  't' is defined but never used                                                                                                                                                                                                                                          @typescript-eslint/no-unused-vars
   72:77968   warning  't' is defined but never used                                                                                                                                                                                                                                          @typescript-eslint/no-unused-vars
   72:77970   warning  'n' is defined but never used                                                                                                                                                                                                                                          @typescript-eslint/no-unused-vars
   72:80954   warning  'i' is defined but never used                                                                                                                                                                                                                                          @typescript-eslint/no-unused-vars
   72:80971   warning  'i' is defined but never used                                                                                                                                                                                                                                          @typescript-eslint/no-unused-vars
   72:80999   warning  'i' is defined but never used                                                                                                                                                                                                                                          @typescript-eslint/no-unused-vars
   72:95002   error    Unnecessary escape character: \.                                                                                                                                                                                                                                       no-useless-escape
   72:95035   error    Unnecessary escape character: \-                                                                                                                                                                                                                                       no-useless-escape
   72:138146  error    Empty block statement                                                                                                                                                                                                                                                  no-empty
   72:146117  error    Empty block statement                                                                                                                                                                                                                                                  no-empty
   94:9370    error    'CI' is a function                                                                                                                                                                                                                                                     no-func-assign
   94:14570   error    Do not access Object.prototype method 'hasOwnProperty' from target object                                                                                                                                                                                              no-prototype-builtins
   94:15021   error    Do not access Object.prototype method 'hasOwnProperty' from target object                                                                                                                                                                                              no-prototype-builtins
   94:22368   error    Do not access Object.prototype method 'hasOwnProperty' from target object                                                                                                                                                                                              no-prototype-builtins
   94:23953   error    Expected a conditional expression and instead saw an assignment                                                                                                                                                                                                        no-cond-assign
   94:23995   error    Expected a conditional expression and instead saw an assignment                                                                                                                                                                                                        no-cond-assign
   94:24045   error    Expected a conditional expression and instead saw an assignment                                                                                                                                                                                                        no-cond-assign
   94:24087   error    Expected a conditional expression and instead saw an assignment                                                                                                                                                                                                        no-cond-assign
   94:24137   error    Expected a conditional expression and instead saw an assignment                                                                                                                                                                                                        no-cond-assign
   94:24179   error    Expected a conditional expression and instead saw an assignment                                                                                                                                                                                                        no-cond-assign
   94:24229   error    Expected a conditional expression and instead saw an assignment                                                                                                                                                                                                        no-cond-assign
   94:24318   error    Expected a conditional expression and instead saw an assignment                                                                                                                                                                                                        no-cond-assign
   94:24395   error    Expected a conditional expression and instead saw an assignment                                                                                                                                                                                                        no-cond-assign
   94:24516   error    Expected a conditional expression and instead saw an assignment                                                                                                                                                                                                        no-cond-assign
   94:33143   warning  'I' is never reassigned. Use 'const' instead                                                                                                                                                                                                                           prefer-const
   94:43479   error    React Hook "A.useState" is called in function "b7e" that is neither a React function component nor a custom React Hook function. React component names must start with an uppercase letter. React Hook names must start with the word "use"                            react-hooks/rules-of-hooks
   94:43498   error    React Hook "A.useMemo" is called in function "b7e" that is neither a React function component nor a custom React Hook function. React component names must start with an uppercase letter. React Hook names must start with the word "use"                             react-hooks/rules-of-hooks
   94:43598   error    React Hook "A.useEffect" is called in function "b7e" that is neither a React function component nor a custom React Hook function. React component names must start with an uppercase letter. React Hook names must start with the word "use"                           react-hooks/rules-of-hooks
   94:43682   warning  'h' is assigned a value but never used                                                                                                                                                                                                                                 @typescript-eslint/no-unused-vars
   94:44543   error    React Hook "A.useEffect" is called in function "b7e" that is neither a React function component nor a custom React Hook function. React component names must start with an uppercase letter. React Hook names must start with the word "use"                           react-hooks/rules-of-hooks
   94:44855   error    React Hook "A.useContext" is called in function "qu" that is neither a React function component nor a custom React Hook function. React component names must start with an uppercase letter. React Hook names must start with the word "use"                           react-hooks/rules-of-hooks
   94:44921   error    React Hook "A.useContext" is called in function "tme" that is neither a React function component nor a custom React Hook function. React component names must start with an uppercase letter. React Hook names must start with the word "use"                          react-hooks/rules-of-hooks
   94:47627   warning  't' is defined but never used                                                                                                                                                                                                                                          @typescript-eslint/no-unused-vars
   94:47671   warning  't' is defined but never used                                                                                                                                                                                                                                          @typescript-eslint/no-unused-vars
   94:47728   warning  't' is defined but never used                                                                                                                                                                                                                                          @typescript-eslint/no-unused-vars
   94:48205   warning  't' is defined but never used                                                                                                                                                                                                                                          @typescript-eslint/no-unused-vars
   94:48531   warning  'a' is never reassigned. Use 'const' instead                                                                                                                                                                                                                           prefer-const
   94:62310   error    Unexpected lexical declaration in case block                                                                                                                                                                                                                           no-case-declarations
   94:62692   error    Unexpected lexical declaration in case block                                                                                                                                                                                                                           no-case-declarations
   94:62924   error    Unexpected lexical declaration in case block                                                                                                                                                                                                                           no-case-declarations
   94:63173   error    Unexpected lexical declaration in case block                                                                                                                                                                                                                           no-case-declarations
   94:63323   error    Unexpected lexical declaration in case block                                                                                                                                                                                                                           no-case-declarations
   94:63483   error    Unexpected lexical declaration in case block                                                                                                                                                                                                                           no-case-declarations
   94:63667   error    Unexpected lexical declaration in case block                                                                                                                                                                                                                           no-case-declarations
   94:63853   error    Unexpected lexical declaration in case block                                                                                                                                                                                                                           no-case-declarations
   94:64031   error    Unexpected lexical declaration in case block                                                                                                                                                                                                                           no-case-declarations
   94:64261   error    Unexpected lexical declaration in case block                                                                                                                                                                                                                           no-case-declarations
   94:64452   error    Unexpected lexical declaration in case block                                                                                                                                                                                                                           no-case-declarations
   94:64655   error    Unexpected lexical declaration in case block                                                                                                                                                                                                                           no-case-declarations
   94:64842   error    Unexpected lexical declaration in case block                                                                                                                                                                                                                           no-case-declarations
   94:65065   error    Unexpected lexical declaration in case block                                                                                                                                                                                                                           no-case-declarations
   94:65244   error    Unexpected lexical declaration in case block                                                                                                                                                                                                                           no-case-declarations
   94:65451   error    Unexpected lexical declaration in case block                                                                                                                                                                                                                           no-case-declarations
   94:65777   error    Unexpected lexical declaration in case block                                                                                                                                                                                                                           no-case-declarations
   94:66088   error    Unexpected lexical declaration in case block                                                                                                                                                                                                                           no-case-declarations
   94:66462   error    Unexpected lexical declaration in case block                                                                                                                                                                                                                           no-case-declarations
   94:69444   error    React Hook "A.useState" is called in function "gze" that is neither a React function component nor a custom React Hook function. React component names must start with an uppercase letter. React Hook names must start with the word "use"                            react-hooks/rules-of-hooks
   94:69474   error    React Hook "A.useRef" is called in function "gze" that is neither a React function component nor a custom React Hook function. React component names must start with an uppercase letter. React Hook names must start with the word "use"                              react-hooks/rules-of-hooks
   94:69489   error    React Hook "A.useEffect" is called in function "gze" that is neither a React function component nor a custom React Hook function. React component names must start with an uppercase letter. React Hook names must start with the word "use"                           react-hooks/rules-of-hooks
   94:69544   error    React Hook "A.useEffect" is called in function "gze" that is neither a React function component nor a custom React Hook function. React component names must start with an uppercase letter. React Hook names must start with the word "use"                           react-hooks/rules-of-hooks
   94:71542   error    React Hook "A.useContext" is called in function "nS" that is neither a React function component nor a custom React Hook function. React component names must start with an uppercase letter. React Hook names must start with the word "use"                           react-hooks/rules-of-hooks
   94:72945   error    Expected a conditional expression and instead saw an assignment                                                                                                                                                                                                        no-cond-assign
   94:75154   error    Expected a 'break' statement before 'case'                                                                                                                                                                                                                             no-fallthrough
   94:75396   error    Expected a 'break' statement before 'case'                                                                                                                                                                                                                             no-fallthrough
   94:75452   error    Expected a 'break' statement before 'case'                                                                                                                                                                                                                             no-fallthrough
   94:75585   error    Expected a 'break' statement before 'default'                                                                                                                                                                                                                          no-fallthrough
   94:75911   error    Expected a 'break' statement before 'default'                                                                                                                                                                                                                          no-fallthrough
   94:77203   error    Expected a 'break' statement before 'case'                                                                                                                                                                                                                             no-fallthrough
   94:78874   error    Expected a 'break' statement before 'case'                                                                                                                                                                                                                             no-fallthrough
   94:79738   error    Expected a 'break' statement before 'case'                                                                                                                                                                                                                             no-fallthrough
   95:88      error    'SC_DISABLE_SPEEDY' is not defined                                                                                                                                                                                                                                     no-undef
   95:3303    error    Empty block statement                                                                                                                                                                                                                                                  no-empty
   95:3505    warning  't' is defined but never used                                                                                                                                                                                                                                          @typescript-eslint/no-unused-vars
   95:3865    error    'r' is already defined                                                                                                                                                                                                                                                 no-redeclare
   95:6197    error    '__webpack_nonce__' is not defined                                                                                                                                                                                                                                     no-undef
   95:7626    warning  't' is defined but never used                                                                                                                                                                                                                                          @typescript-eslint/no-unused-vars
   95:10092   warning  'e' is defined but never used                                                                                                                                                                                                                                          @typescript-eslint/no-unused-vars
   95:11013   error    React Hook "A.useContext" is called in function "f4" that is neither a React function component nor a custom React Hook function. React component names must start with an uppercase letter. React Hook names must start with the word "use"                           react-hooks/rules-of-hooks
   95:11730   error    Do not access Object.prototype method 'hasOwnProperty' from target object                                                                                                                                                                                              no-prototype-builtins
   95:19205   error    Unnecessary escape character: \.                                                                                                                                                                                                                                       no-useless-escape
   95:20095   error    Do not access Object.prototype method 'hasOwnProperty' from target object                                                                                                                                                                                              no-prototype-builtins
   95:20433   error    Unnecessary escape character: \.                                                                                                                                                                                                                                       no-useless-escape
   95:20482   error    Unnecessary escape character: \.                                                                                                                                                                                                                                       no-useless-escape
   95:20527   error    Unnecessary escape character: \.                                                                                                                                                                                                                                       no-useless-escape
   95:20578   error    Unnecessary escape character: \.                                                                                                                                                                                                                                       no-useless-escape
   95:20610   error    Unnecessary escape character: \/                                                                                                                                                                                                                                       no-useless-escape
   95:20620   error    Unnecessary escape character: \.                                                                                                                                                                                                                                       no-useless-escape
   95:20643   error    Unnecessary escape character: \/                                                                                                                                                                                                                                       no-useless-escape
   95:20652   error    Unnecessary escape character: \.                                                                                                                                                                                                                                       no-useless-escape
   95:20700   error    Unnecessary escape character: \.                                                                                                                                                                                                                                       no-useless-escape
   95:20739   error    Unnecessary escape character: \.                                                                                                                                                                                                                                       no-useless-escape
   95:20800   error    Unnecessary escape character: \/                                                                                                                                                                                                                                       no-useless-escape
   95:20809   error    Unnecessary escape character: \.                                                                                                                                                                                                                                       no-useless-escape
   95:20871   error    Unnecessary escape character: \.                                                                                                                                                                                                                                       no-useless-escape
   95:20916   error    Unnecessary escape character: \.                                                                                                                                                                                                                                       no-useless-escape
   95:20978   error    Unnecessary escape character: \/                                                                                                                                                                                                                                       no-useless-escape
   95:20987   error    Unnecessary escape character: \.                                                                                                                                                                                                                                       no-useless-escape
   95:21038   error    Unnecessary escape character: \/                                                                                                                                                                                                                                       no-useless-escape
   95:21047   error    Unnecessary escape character: \.                                                                                                                                                                                                                                       no-useless-escape
   95:21074   error    Unnecessary escape character: \.                                                                                                                                                                                                                                       no-useless-escape
   95:21297   error    Unnecessary escape character: \.                                                                                                                                                                                                                                       no-useless-escape
   95:21335   error    Unnecessary escape character: \.                                                                                                                                                                                                                                       no-useless-escape
   95:21357   error    Unnecessary escape character: \.                                                                                                                                                                                                                                       no-useless-escape
   95:21393   error    Unnecessary escape character: \.                                                                                                                                                                                                                                       no-useless-escape
   95:21431   error    Unnecessary escape character: \.                                                                                                                                                                                                                                       no-useless-escape
   95:21497   error    Unnecessary escape character: \/                                                                                                                                                                                                                                       no-useless-escape
   95:21506   error    Unnecessary escape character: \.                                                                                                                                                                                                                                       no-useless-escape
   95:21554   error    Unnecessary escape character: \.                                                                                                                                                                                                                                       no-useless-escape
   95:21577   error    Unnecessary escape character: \.                                                                                                                                                                                                                                       no-useless-escape
   95:21614   error    Unnecessary escape character: \.                                                                                                                                                                                                                                       no-useless-escape
   95:21657   error    Unnecessary escape character: \.                                                                                                                                                                                                                                       no-useless-escape
   95:21707   error    Unnecessary escape character: \.                                                                                                                                                                                                                                       no-useless-escape
   95:21775   error    Unnecessary escape character: \.                                                                                                                                                                                                                                       no-useless-escape
   95:21818   error    Unnecessary escape character: \.                                                                                                                                                                                                                                       no-useless-escape
   95:21872   error    Unnecessary escape character: \.                                                                                                                                                                                                                                       no-useless-escape
   95:21926   error    Unnecessary escape character: \.                                                                                                                                                                                                                                       no-useless-escape
   95:21967   error    Unnecessary escape character: \.                                                                                                                                                                                                                                       no-useless-escape
   95:22014   error    Unnecessary escape character: \.                                                                                                                                                                                                                                       no-useless-escape
   95:22055   error    Unnecessary escape character: \.                                                                                                                                                                                                                                       no-useless-escape
   95:22095   error    Unnecessary escape character: \.                                                                                                                                                                                                                                       no-useless-escape
   95:22143   error    Unnecessary escape character: \.                                                                                                                                                                                                                                       no-useless-escape
   95:22183   error    Unnecessary escape character: \.                                                                                                                                                                                                                                       no-useless-escape
   95:22226   error    Unnecessary escape character: \.                                                                                                                                                                                                                                       no-useless-escape
   95:22263   error    Unnecessary escape character: \.                                                                                                                                                                                                                                       no-useless-escape
   95:22348   error    Unnecessary escape character: \.                                                                                                                                                                                                                                       no-useless-escape
   95:22402   error    Unnecessary escape character: \.                                                                                                                                                                                                                                       no-useless-escape
   95:22443   error    Unnecessary escape character: \/                                                                                                                                                                                                                                       no-useless-escape
   95:22452   error    Unnecessary escape character: \.                                                                                                                                                                                                                                       no-useless-escape
   95:22506   error    Unnecessary escape character: \.                                                                                                                                                                                                                                       no-useless-escape
   95:22556   error    Unnecessary escape character: \.                                                                                                                                                                                                                                       no-useless-escape
   95:22611   error    Unnecessary escape character: \.                                                                                                                                                                                                                                       no-useless-escape
   95:22670   error    Unnecessary escape character: \/                                                                                                                                                                                                                                       no-useless-escape
   95:22681   error    Unnecessary escape character: \.                                                                                                                                                                                                                                       no-useless-escape
   95:22756   error    Unnecessary escape character: \.                                                                                                                                                                                                                                       no-useless-escape
   95:22790   error    Unnecessary escape character: \.                                                                                                                                                                                                                                       no-useless-escape
   95:22875   error    Unnecessary escape character: \.                                                                                                                                                                                                                                       no-useless-escape
   95:22913   error    Unnecessary escape character: \.                                                                                                                                                                                                                                       no-useless-escape
   95:22944   error    Unnecessary escape character: \/                                                                                                                                                                                                                                       no-useless-escape
   95:22952   error    Unnecessary escape character: \.                                                                                                                                                                                                                                       no-useless-escape
   95:22982   error    Unnecessary escape character: \.                                                                                                                                                                                                                                       no-useless-escape
   95:23006   error    Unnecessary escape character: \/                                                                                                                                                                                                                                       no-useless-escape
   95:23014   error    Unnecessary escape character: \.                                                                                                                                                                                                                                       no-useless-escape
   95:23042   error    Unnecessary escape character: \.                                                                                                                                                                                                                                       no-useless-escape
   95:23065   error    Unnecessary escape character: \.                                                                                                                                                                                                                                       no-useless-escape
   95:23099   error    Unnecessary escape character: \.                                                                                                                                                                                                                                       no-useless-escape
   95:23135   error    Unnecessary escape character: \.                                                                                                                                                                                                                                       no-useless-escape
   95:23175   error    Unnecessary escape character: \/                                                                                                                                                                                                                                       no-useless-escape
   95:23184   error    Unnecessary escape character: \.                                                                                                                                                                                                                                       no-useless-escape
   95:23212   error    Unnecessary escape character: \.                                                                                                                                                                                                                                       no-useless-escape
   95:23284   error    Unnecessary escape character: \.                                                                                                                                                                                                                                       no-useless-escape
   95:23335   error    Unnecessary escape character: \.                                                                                                                                                                                                                                       no-useless-escape
   95:23392   error    Unnecessary escape character: \.                                                                                                                                                                                                                                       no-useless-escape
   95:23445   error    Unnecessary escape character: \.                                                                                                                                                                                                                                       no-useless-escape
   95:23558   error    Unnecessary escape character: \.                                                                                                                                                                                                                                       no-useless-escape
   95:23588   error    Unnecessary escape character: \.                                                                                                                                                                                                                                       no-useless-escape
   95:23590   error    Unnecessary escape character: \,                                                                                                                                                                                                                                       no-useless-escape
   95:23662   error    Unnecessary escape character: \.                                                                                                                                                                                                                                       no-useless-escape
   95:23665   error    Unnecessary escape character: \,                                                                                                                                                                                                                                       no-useless-escape
   95:23747   error    Unnecessary escape character: \.                                                                                                                                                                                                                                       no-useless-escape
   95:23792   error    Unnecessary escape character: \.                                                                                                                                                                                                                                       no-useless-escape
   95:23839   error    Unnecessary escape character: \.                                                                                                                                                                                                                                       no-useless-escape
   95:23893   error    Unnecessary escape character: \.                                                                                                                                                                                                                                       no-useless-escape
   95:23928   error    Unnecessary escape character: \.                                                                                                                                                                                                                                       no-useless-escape
   95:23991   error    Unnecessary escape character: \.                                                                                                                                                                                                                                       no-useless-escape
   95:24088   error    Unnecessary escape character: \/                                                                                                                                                                                                                                       no-useless-escape
   95:24097   error    Unnecessary escape character: \.                                                                                                                                                                                                                                       no-useless-escape
   95:24099   error    Unnecessary escape character: \+                                                                                                                                                                                                                                       no-useless-escape
   95:24193   error    Unnecessary escape character: \.                                                                                                                                                                                                                                       no-useless-escape
   95:24218   error    Unnecessary escape character: \.                                                                                                                                                                                                                                       no-useless-escape
   95:24242   error    Unnecessary escape character: \.                                                                                                                                                                                                                                       no-useless-escape
   95:24252   error    Unnecessary escape character: \:                                                                                                                                                                                                                                       no-useless-escape
   95:24355   error    Unnecessary escape character: \.                                                                                                                                                                                                                                       no-useless-escape
   95:24370   error    Unnecessary escape character: \/                                                                                                                                                                                                                                       no-useless-escape
   95:24381   error    Unnecessary escape character: \.                                                                                                                                                                                                                                       no-useless-escape
   95:24406   error    Unnecessary escape character: \.                                                                                                                                                                                                                                       no-useless-escape
   95:24448   error    Unnecessary escape character: \.                                                                                                                                                                                                                                       no-useless-escape
   95:24727   error    Unnecessary escape character: \.                                                                                                                                                                                                                                       no-useless-escape
   95:24819   error    Unnecessary escape character: \)                                                                                                                                                                                                                                       no-useless-escape
   95:25271   error    Unnecessary escape character: \)                                                                                                                                                                                                                                       no-useless-escape
   95:25306   error    Unnecessary escape character: \.                                                                                                                                                                                                                                       no-useless-escape
   95:25580   error    Unnecessary escape character: \)                                                                                                                                                                                                                                       no-useless-escape
   95:25812   error    Unnecessary escape character: \.                                                                                                                                                                                                                                       no-useless-escape
   95:25884   error    Unnecessary escape character: \)                                                                                                                                                                                                                                       no-useless-escape
   95:25983   error    Unnecessary escape character: \)                                                                                                                                                                                                                                       no-useless-escape
   95:26248   error    Unnecessary escape character: \-                                                                                                                                                                                                                                       no-useless-escape
   95:26293   error    Unnecessary escape character: \)                                                                                                                                                                                                                                       no-useless-escape
   95:26975   error    Unnecessary escape character: \(                                                                                                                                                                                                                                       no-useless-escape
   95:26977   error    Unnecessary escape character: \)                                                                                                                                                                                                                                       no-useless-escape
   95:27102   error    Unnecessary escape character: \-                                                                                                                                                                                                                                       no-useless-escape
   95:27193   error    Unnecessary escape character: \.                                                                                                                                                                                                                                       no-useless-escape
   95:27233   error    Unnecessary escape character: \/                                                                                                                                                                                                                                       no-useless-escape
   95:27657   error    Unnecessary escape character: \.                                                                                                                                                                                                                                       no-useless-escape
   95:28331   error    Unnecessary escape character: \)                                                                                                                                                                                                                                       no-useless-escape
   95:28824   error    Unnecessary escape character: \.                                                                                                                                                                                                                                       no-useless-escape
   95:29845   error    Unnecessary escape character: \-                                                                                                                                                                                                                                       no-useless-escape
   95:30208   error    Unnecessary escape character: \.                                                                                                                                                                                                                                       no-useless-escape
   95:30466   error    Unnecessary escape character: \.                                                                                                                                                                                                                                       no-useless-escape
   95:30766   error    Unnecessary escape character: \+                                                                                                                                                                                                                                       no-useless-escape
   95:31268   error    Unnecessary escape character: \_                                                                                                                                                                                                                                       no-useless-escape
   95:31342   error    Unnecessary escape character: \-                                                                                                                                                                                                                                       no-useless-escape
   95:31500   error    Unnecessary escape character: \.                                                                                                                                                                                                                                       no-useless-escape
   95:32206   error    Unnecessary escape character: \)                                                                                                                                                                                                                                       no-useless-escape
   95:32411   error    Unnecessary escape character: \)                                                                                                                                                                                                                                       no-useless-escape
   95:32413   error    Unnecessary escape character: \/                                                                                                                                                                                                                                       no-useless-escape
   95:32429   error    Unnecessary escape character: \.                                                                                                                                                                                                                                       no-useless-escape
   95:32465   error    Unnecessary escape character: \+                                                                                                                                                                                                                                       no-useless-escape
   95:32813   error    Unnecessary escape character: \)                                                                                                                                                                                                                                       no-useless-escape
   95:33063   error    Unnecessary escape character: \/                                                                                                                                                                                                                                       no-useless-escape
   95:33078   error    Unnecessary escape character: \.                                                                                                                                                                                                                                       no-useless-escape
   95:33449   error    Unnecessary escape character: \.                                                                                                                                                                                                                                       no-useless-escape
   95:33733   error    Unnecessary escape character: \/                                                                                                                                                                                                                                       no-useless-escape
   95:33791   error    Unnecessary escape character: \/                                                                                                                                                                                                                                       no-useless-escape
   95:33800   error    Unnecessary escape character: \/                                                                                                                                                                                                                                       no-useless-escape
   95:33802   error    Unnecessary escape character: \.                                                                                                                                                                                                                                       no-useless-escape
   95:33863   error    Unnecessary escape character: \.                                                                                                                                                                                                                                       no-useless-escape
   95:33932   error    Unnecessary escape character: \.                                                                                                                                                                                                                                       no-useless-escape
   95:33974   error    Unnecessary escape character: \.                                                                                                                                                                                                                                       no-useless-escape
   95:34026   error    Unnecessary escape character: \.                                                                                                                                                                                                                                       no-useless-escape
   95:34067   error    Unnecessary escape character: \.                                                                                                                                                                                                                                       no-useless-escape
   95:34143   error    Unnecessary escape character: \.                                                                                                                                                                                                                                       no-useless-escape
   95:34169   error    Unnecessary escape character: \.                                                                                                                                                                                                                                       no-useless-escape
   95:34199   error    Unnecessary escape character: \/                                                                                                                                                                                                                                       no-useless-escape
   95:34210   error    Unnecessary escape character: \.                                                                                                                                                                                                                                       no-useless-escape
   95:34226   error    Unnecessary escape character: \/                                                                                                                                                                                                                                       no-useless-escape
   95:34240   error    Unnecessary escape character: \.                                                                                                                                                                                                                                       no-useless-escape
   95:34304   error    Unnecessary escape character: \:                                                                                                                                                                                                                                       no-useless-escape
   95:34310   error    Unnecessary escape character: \.                                                                                                                                                                                                                                       no-useless-escape
   95:34428   error    Unnecessary escape character: \/                                                                                                                                                                                                                                       no-useless-escape
   95:34437   error    Unnecessary escape character: \.                                                                                                                                                                                                                                       no-useless-escape
   95:34499   error    Unnecessary escape character: \/                                                                                                                                                                                                                                       no-useless-escape
   95:34511   error    Unnecessary escape character: \.                                                                                                                                                                                                                                       no-useless-escape
   95:34563   error    Unnecessary escape character: \.                                                                                                                                                                                                                                       no-useless-escape
   95:34681   error    Unnecessary escape character: \/                                                                                                                                                                                                                                       no-useless-escape
   95:34690   error    Unnecessary escape character: \.                                                                                                                                                                                                                                       no-useless-escape
   95:34765   error    Unnecessary escape character: \.                                                                                                                                                                                                                                       no-useless-escape
   95:34849   error    Unnecessary escape character: \.                                                                                                                                                                                                                                       no-useless-escape
   95:34909   error    Unnecessary escape character: \.                                                                                                                                                                                                                                       no-useless-escape
   95:35075   error    Unnecessary escape character: \/                                                                                                                                                                                                                                       no-useless-escape
   95:35085   error    Unnecessary escape character: \.                                                                                                                                                                                                                                       no-useless-escape
   95:35171   error    Unnecessary escape character: \/                                                                                                                                                                                                                                       no-useless-escape
   95:35180   error    Unnecessary escape character: \.                                                                                                                                                                                                                                       no-useless-escape
   95:35221   error    Unnecessary escape character: \.                                                                                                                                                                                                                                       no-useless-escape
   95:35282   error    Unnecessary escape character: \.                                                                                                                                                                                                                                       no-useless-escape
   95:35357   error    Unnecessary escape character: \.                                                                                                                                                                                                                                       no-useless-escape
   95:35398   error    Unnecessary escape character: \/                                                                                                                                                                                                                                       no-useless-escape
   95:35414   error    Unnecessary escape character: \.                                                                                                                                                                                                                                       no-useless-escape
   95:35454   error    Unnecessary escape character: \.                                                                                                                                                                                                                                       no-useless-escape
   95:35505   error    Unnecessary escape character: \.                                                                                                                                                                                                                                       no-useless-escape
   95:35586   error    Unnecessary escape character: \.                                                                                                                                                                                                                                       no-useless-escape
   95:35663   error    Unnecessary escape character: \)                                                                                                                                                                                                                                       no-useless-escape
   95:35704   error    Unnecessary escape character: \.                                                                                                                                                                                                                                       no-useless-escape
   95:35720   error    Unnecessary escape character: \/                                                                                                                                                                                                                                       no-useless-escape
   95:35722   error    Unnecessary escape character: \(                                                                                                                                                                                                                                       no-useless-escape
   95:35724   error    Unnecessary escape character: \)                                                                                                                                                                                                                                       no-useless-escape
   95:36032   error    Unnecessary escape character: \/                                                                                                                                                                                                                                       no-useless-escape
   95:36059   error    Unnecessary escape character: \.                                                                                                                                                                                                                                       no-useless-escape
   95:36106   error    Unnecessary escape character: \.                                                                                                                                                                                                                                       no-useless-escape
   95:36126   error    Unnecessary escape character: \.                                                                                                                                                                                                                                       no-useless-escape
   95:36172   error    Unnecessary escape character: \/                                                                                                                                                                                                                                       no-useless-escape
   95:36203   error    Unnecessary escape character: \.                                                                                                                                                                                                                                       no-useless-escape
   95:36250   error    Unnecessary escape character: \.                                                                                                                                                                                                                                       no-useless-escape
   95:36301   error    Unnecessary escape character: \/                                                                                                                                                                                                                                       no-useless-escape
   95:36310   error    Unnecessary escape character: \.                                                                                                                                                                                                                                       no-useless-escape
   95:36344   error    Unnecessary escape character: \.                                                                                                                                                                                                                                       no-useless-escape
   95:36432   error    Unnecessary escape character: \.                                                                                                                                                                                                                                       no-useless-escape
   95:39648   error    'w' is a function                                                                                                                                                                                                                                                      no-func-assign
   95:39681   error    'w' is a function                                                                                                                                                                                                                                                      no-func-assign
   95:40105   warning  'he' is defined but never used                                                                                                                                                                                                                                         @typescript-eslint/no-unused-vars
   95:40294   error    'S' is a function                                                                                                                                                                                                                                                      no-func-assign
   95:40758   error    'O' is a function                                                                                                                                                                                                                                                      no-func-assign
   95:40896   error    'D' is a function                                                                                                                                                                                                                                                      no-func-assign
   95:42137   error    Unsafe usage of ThrowStatement                                                                                                                                                                                                                                         no-unsafe-finally
   96:23865   warning  'c' is never reassigned. Use 'const' instead                                                                                                                                                                                                                           prefer-const
   96:24064   warning  'h' is never reassigned. Use 'const' instead                                                                                                                                                                                                                           prefer-const
   96:26794   error    React Hook "A.useEffect" is called in function "pP" that is neither a React function component nor a custom React Hook function. React component names must start with an uppercase letter. React Hook names must start with the word "use"                            react-hooks/rules-of-hooks
   96:27463   warning  'i' is never reassigned. Use 'const' instead                                                                                                                                                                                                                           prefer-const
   96:27470   warning  's' is never reassigned. Use 'const' instead                                                                                                                                                                                                                           prefer-const
   96:32419   warning  'o' is never reassigned. Use 'const' instead                                                                                                                                                                                                                           prefer-const
   96:32606   error    Promise executor functions should not be async                                                                                                                                                                                                                         no-async-promise-executor
   96:33110   warning  'a' is never reassigned. Use 'const' instead                                                                                                                                                                                                                           prefer-const
   96:51990   error    React Hook "A.useContext" is called in function "j9t" that is neither a React function component nor a custom React Hook function. React component names must start with an uppercase letter. React Hook names must start with the word "use"                          react-hooks/rules-of-hooks
   96:62426   error    'Buffer' is not defined                                                                                                                                                                                                                                                no-undef
   96:62511   error    'Buffer' is not defined                                                                                                                                                                                                                                                no-undef
   96:62539   error    'Buffer' is not defined                                                                                                                                                                                                                                                no-undef
   96:73319   warning  '$' is defined but never used                                                                                                                                                                                                                                          @typescript-eslint/no-unused-vars
   96:82669   error    'Buffer' is not defined                                                                                                                                                                                                                                                no-undef
   96:82891   error    'Buffer' is not defined                                                                                                                                                                                                                                                no-undef
   96:83210   error    'Buffer' is not defined                                                                                                                                                                                                                                                no-undef
   96:83251   error    'Buffer' is not defined                                                                                                                                                                                                                                                no-undef
   96:83300   error    'Buffer' is not defined                                                                                                                                                                                                                                                no-undef
   96:83329   error    'Buffer' is not defined                                                                                                                                                                                                                                                no-undef
   96:83373   error    'intToBuffer' is not defined                                                                                                                                                                                                                                           no-undef
   96:83406   error    'Buffer' is not defined                                                                                                                                                                                                                                                no-undef
   96:83482   error    'Buffer' is not defined                                                                                                                                                                                                                                                no-undef
   96:83687   error    'Buffer' is not defined                                                                                                                                                                                                                                                no-undef
   96:85008   error    'Buffer' is not defined                                                                                                                                                                                                                                                no-undef
   96:85354   error    'Buffer' is not defined                                                                                                                                                                                                                                                no-undef
   96:85404   error    'Buffer' is not defined                                                                                                                                                                                                                                                no-undef
   96:85416   error    'Buffer' is not defined                                                                                                                                                                                                                                                no-undef
   96:85477   error    'Buffer' is not defined                                                                                                                                                                                                                                                no-undef
   96:86769   error    'Buffer' is not defined                                                                                                                                                                                                                                                no-undef
   96:87013   error    'Buffer' is not defined                                                                                                                                                                                                                                                no-undef
   96:87061   error    'Buffer' is not defined                                                                                                                                                                                                                                                no-undef
   96:87841   error    'Buffer' is not defined                                                                                                                                                                                                                                                no-undef
   96:88747   error    'Buffer' is not defined                                                                                                                                                                                                                                                no-undef
   96:89241   error    'Buffer' is not defined                                                                                                                                                                                                                                                no-undef
   96:90316   error    'Buffer' is not defined                                                                                                                                                                                                                                                no-undef
   96:90509   error    'Buffer' is not defined                                                                                                                                                                                                                                                no-undef
   96:93964   warning  's' is defined but never used                                                                                                                                                                                                                                          @typescript-eslint/no-unused-vars
   96:94386   error    Empty block statement                                                                                                                                                                                                                                                  no-empty
   96:94633   error    Empty block statement                                                                                                                                                                                                                                                  no-empty
   96:99360   error    Empty block statement                                                                                                                                                                                                                                                  no-empty
   96:109405  error    Empty block statement                                                                                                                                                                                                                                                  no-empty
   96:114236  error    Expected a conditional expression and instead saw an assignment                                                                                                                                                                                                        no-cond-assign
   96:114416  warning  'n' is defined but never used                                                                                                                                                                                                                                          @typescript-eslint/no-unused-vars
   96:114494  error    Expected a conditional expression and instead saw an assignment                                                                                                                                                                                                        no-cond-assign
   96:114494  error    Unexpected constant condition                                                                                                                                                                                                                                          no-constant-condition
   96:114713  error    Expected a conditional expression and instead saw an assignment                                                                                                                                                                                                        no-cond-assign
   96:115804  warning  'n' is defined but never used                                                                                                                                                                                                                                          @typescript-eslint/no-unused-vars
   96:116631  error    Expected a conditional expression and instead saw an assignment                                                                                                                                                                                                        no-cond-assign
   96:130403  warning  't' is defined but never used                                                                                                                                                                                                                                          @typescript-eslint/no-unused-vars
   96:132119  warning  't' is defined but never used                                                                                                                                                                                                                                          @typescript-eslint/no-unused-vars
   96:133759  warning  'i' is defined but never used                                                                                                                                                                                                                                          @typescript-eslint/no-unused-vars
   96:139629  warning  'n' is defined but never used                                                                                                                                                                                                                                          @typescript-eslint/no-unused-vars
   96:141333  error    'Buffer' is not defined                                                                                                                                                                                                                                                no-undef
   98:3933    error    'r' is already defined                                                                                                                                                                                                                                                 no-redeclare
   98:13467   warning  't' is defined but never used                                                                                                                                                                                                                                          @typescript-eslint/no-unused-vars
  109:106     error    React Hook "A.useRef" is called in function "jHe" that is neither a React function component nor a custom React Hook function. React component names must start with an uppercase letter. React Hook names must start with the word "use"                              react-hooks/rules-of-hooks
  109:204     error    React Hook "A.useContext" is called in function "$He" that is neither a React function component nor a custom React Hook function. React component names must start with an uppercase letter. React Hook names must start with the word "use"                          react-hooks/rules-of-hooks
  109:229     error    React Hook "A.useCallback" is called in function "$He" that is neither a React function component nor a custom React Hook function. React component names must start with an uppercase letter. React Hook names must start with the word "use"                         react-hooks/rules-of-hooks
  109:6911    error    React Hook "A.useCallback" is called in function "qHe" that is neither a React function component nor a custom React Hook function. React component names must start with an uppercase letter. React Hook names must start with the word "use"                         react-hooks/rules-of-hooks
  109:9384    error    React Hook "A.useState" is called in function "_P" that is neither a React function component nor a custom React Hook function. React component names must start with an uppercase letter. React Hook names must start with the word "use"                             react-hooks/rules-of-hooks
  109:9406    error    React Hook "A.useEffect" is called in function "_P" that is neither a React function component nor a custom React Hook function. React component names must start with an uppercase letter. React Hook names must start with the word "use"                            react-hooks/rules-of-hooks
  109:9474    error    React Hook "A.useEffect" is called in function "so" that is neither a React function component nor a custom React Hook function. React component names must start with an uppercase letter. React Hook names must start with the word "use"                            react-hooks/rules-of-hooks
  109:9491    error    React Hook "A.useLayoutEffect" is called in function "so" that is neither a React function component nor a custom React Hook function. React component names must start with an uppercase letter. React Hook names must start with the word "use"                      react-hooks/rules-of-hooks
  109:9694    error    React Hook "A.useMemo" is called in function "cS" that is neither a React function component nor a custom React Hook function. React component names must start with an uppercase letter. React Hook names must start with the word "use"                              react-hooks/rules-of-hooks
  109:10429   error    React Hook "A.useCallback" is called in function "tl" that is neither a React function component nor a custom React Hook function. React component names must start with an uppercase letter. React Hook names must start with the word "use"                          react-hooks/rules-of-hooks
  109:11218   warning  'm' is never reassigned. Use 'const' instead                                                                                                                                                                                                                           prefer-const
  112:2197    warning  'r' is never reassigned. Use 'const' instead                                                                                                                                                                                                                           prefer-const
  112:2204    warning  'i' is never reassigned. Use 'const' instead                                                                                                                                                                                                                           prefer-const
  112:2209    warning  's' is never reassigned. Use 'const' instead                                                                                                                                                                                                                           prefer-const
  112:3878    error    React Hook "A.useState" is called in function "uGe" that is neither a React function component nor a custom React Hook function. React component names must start with an uppercase letter. React Hook names must start with the word "use"                            react-hooks/rules-of-hooks
  112:3930    error    React Hook "A.useMemo" is called in function "uGe" that is neither a React function component nor a custom React Hook function. React component names must start with an uppercase letter. React Hook names must start with the word "use"                             react-hooks/rules-of-hooks
  112:4287    error    React Hook "A.useId" is called in function "fGe" that is neither a React function component nor a custom React Hook function. React component names must start with an uppercase letter. React Hook names must start with the word "use"                               react-hooks/rules-of-hooks
  112:5575    warning  'r' is defined but never used                                                                                                                                                                                                                                          @typescript-eslint/no-unused-vars
  112:7047    error    Unexpected constant condition                                                                                                                                                                                                                                          no-constant-condition
  112:7552    warning  'n' is never reassigned. Use 'const' instead                                                                                                                                                                                                                           prefer-const
  112:7569    warning  'i' is never reassigned. Use 'const' instead                                                                                                                                                                                                                           prefer-const
  112:9139    error    React Hook "IGe.useSyncExternalStoreWithSelector" is called in function "sye" that is neither a React function component nor a custom React Hook function. React component names must start with an uppercase letter. React Hook names must start with the word "use"  react-hooks/rules-of-hooks
  112:9293    error    React Hook "A.useId" is called in function "lS" that is neither a React function component nor a custom React Hook function. React component names must start with an uppercase letter. React Hook names must start with the word "use"                                react-hooks/rules-of-hooks
  112:9328    error    React Hook "A.useCallback" is called in function "lS" that is neither a React function component nor a custom React Hook function. React component names must start with an uppercase letter. React Hook names must start with the word "use"                          react-hooks/rules-of-hooks
  112:13313   warning  's' is never reassigned. Use 'const' instead                                                                                                                                                                                                                           prefer-const
  112:13539   warning  'o' is never reassigned. Use 'const' instead                                                                                                                                                                                                                           prefer-const
  112:13665   warning  'c' is never reassigned. Use 'const' instead                                                                                                                                                                                                                           prefer-const
  112:13881   warning  'l' is never reassigned. Use 'const' instead                                                                                                                                                                                                                           prefer-const
  112:13914   warning  'f' is never reassigned. Use 'const' instead                                                                                                                                                                                                                           prefer-const
  112:14553   error    React Hook "A.useEffect" is called in function "uye" that is neither a React function component nor a custom React Hook function. React component names must start with an uppercase letter. React Hook names must start with the word "use"                           react-hooks/rules-of-hooks
  112:15930   error    React Hook "A.useEffect" is called in function "dye" that is neither a React function component nor a custom React Hook function. React component names must start with an uppercase letter. React Hook names must start with the word "use"                           react-hooks/rules-of-hooks
  112:16177   warning  'r' is never reassigned. Use 'const' instead                                                                                                                                                                                                                           prefer-const
  112:16987   warning  's' is never reassigned. Use 'const' instead                                                                                                                                                                                                                           prefer-const
  112:17214   error    Empty block statement                                                                                                                                                                                                                                                  no-empty
  112:19696   error    'process' is not defined                                                                                                                                                                                                                                               no-undef
  113:2990    error    React Hook "A.useRef" is called in function "fye" that is neither a React function component nor a custom React Hook function. React component names must start with an uppercase letter. React Hook names must start with the word "use"                              react-hooks/rules-of-hooks
  113:3003    error    React Hook "A.useEffect" is called in function "fye" that is neither a React function component nor a custom React Hook function. React component names must start with an uppercase letter. React Hook names must start with the word "use"                           react-hooks/rules-of-hooks
  113:3135    error    React Hook "A.useContext" is called in function "aKe" that is neither a React function component nor a custom React Hook function. React component names must start with an uppercase letter. React Hook names must start with the word "use"                          react-hooks/rules-of-hooks
  113:3265    error    React Hook "A.useContext" is called in function "oKe" that is neither a React function component nor a custom React Hook function. React component names must start with an uppercase letter. React Hook names must start with the word "use"                          react-hooks/rules-of-hooks
  113:3289    error    React Hook "A.useState" is called in function "oKe" that is neither a React function component nor a custom React Hook function. React component names must start with an uppercase letter. React Hook names must start with the word "use"                            react-hooks/rules-of-hooks
  113:3592    error    React Hook "A.useEffect" is called in function "oKe" that is neither a React function component nor a custom React Hook function. React component names must start with an uppercase letter. React Hook names must start with the word "use"                           react-hooks/rules-of-hooks
  113:3689    error    React Hook "A.useEffect" is called in function "oKe" that is neither a React function component nor a custom React Hook function. React component names must start with an uppercase letter. React Hook names must start with the word "use"                           react-hooks/rules-of-hooks
  113:3804    warning  'n' is never reassigned. Use 'const' instead                                                                                                                                                                                                                           prefer-const
  113:3814    warning  'r' is never reassigned. Use 'const' instead                                                                                                                                                                                                                           prefer-const
  113:3819    warning  'i' is never reassigned. Use 'const' instead                                                                                                                                                                                                                           prefer-const
  113:3836    warning  's' is never reassigned. Use 'const' instead                                                                                                                                                                                                                           prefer-const
  113:3866    warning  'a' is never reassigned. Use 'const' instead                                                                                                                                                                                                                           prefer-const
  113:3882    warning  'o' is never reassigned. Use 'const' instead                                                                                                                                                                                                                           prefer-const
  113:3889    warning  'c' is never reassigned. Use 'const' instead                                                                                                                                                                                                                           prefer-const
  113:3898    warning  'l' is never reassigned. Use 'const' instead                                                                                                                                                                                                                           prefer-const
  113:3917    warning  'u' is never reassigned. Use 'const' instead                                                                                                                                                                                                                           prefer-const
  113:3924    warning  'f' is never reassigned. Use 'const' instead                                                                                                                                                                                                                           prefer-const
  113:4515    warning  'n' is never reassigned. Use 'const' instead                                                                                                                                                                                                                           prefer-const
  113:4520    warning  'r' is never reassigned. Use 'const' instead                                                                                                                                                                                                                           prefer-const
  113:4525    warning  'i' is never reassigned. Use 'const' instead                                                                                                                                                                                                                           prefer-const
  113:4539    warning  's' is never reassigned. Use 'const' instead                                                                                                                                                                                                                           prefer-const
  113:4713    error    React Hook "A.useContext" is called in function "fKe" that is neither a React function component nor a custom React Hook function. React component names must start with an uppercase letter. React Hook names must start with the word "use"                          react-hooks/rules-of-hooks
  113:4732    error    React Hook "A.useRef" is called in function "fKe" that is neither a React function component nor a custom React Hook function. React component names must start with an uppercase letter. React Hook names must start with the word "use"                              react-hooks/rules-of-hooks
  113:4891    error    React Hook "A.useMemo" is called in function "fKe" that is neither a React function component nor a custom React Hook function. React component names must start with an uppercase letter. React Hook names must start with the word "use"                             react-hooks/rules-of-hooks
  113:4961    error    React Hook "A.useMemo" is called in function "fKe" that is neither a React function component nor a custom React Hook function. React component names must start with an uppercase letter. React Hook names must start with the word "use"                             react-hooks/rules-of-hooks
  113:5310    error    React Hook "A.useState" is called in function "gKe" that is neither a React function component nor a custom React Hook function. React component names must start with an uppercase letter. React Hook names must start with the word "use"                            react-hooks/rules-of-hooks
  113:5432    error    React Hook "A.useState" is called in function "gKe" that is neither a React function component nor a custom React Hook function. React component names must start with an uppercase letter. React Hook names must start with the word "use"                            react-hooks/rules-of-hooks
  113:6656    error    React Hook "A.useContext" is called in function "bye" that is neither a React function component nor a custom React Hook function. React component names must start with an uppercase letter. React Hook names must start with the word "use"                          react-hooks/rules-of-hooks
  113:7032    error    React Hook "A.useRef" is called in function "q9" that is neither a React function component nor a custom React Hook function. React component names must start with an uppercase letter. React Hook names must start with the word "use"                               react-hooks/rules-of-hooks
  113:7202    error    React Hook "A.useRef" is called in function "vKe" that is neither a React function component nor a custom React Hook function. React component names must start with an uppercase letter. React Hook names must start with the word "use"                              react-hooks/rules-of-hooks
  113:7689    warning  'n' is never reassigned. Use 'const' instead                                                                                                                                                                                                                           prefer-const
  113:7691    error    React Hook "A.useRef" is called in function "xKe" that is neither a React function component nor a custom React Hook function. React component names must start with an uppercase letter. React Hook names must start with the word "use"                              react-hooks/rules-of-hooks
  113:7706    warning  'r' is never reassigned. Use 'const' instead                                                                                                                                                                                                                           prefer-const
  113:7730    warning  'i' is never reassigned. Use 'const' instead                                                                                                                                                                                                                           prefer-const
  113:7753    warning  's' is never reassigned. Use 'const' instead                                                                                                                                                                                                                           prefer-const
  113:7766    warning  'a' is never reassigned. Use 'const' instead                                                                                                                                                                                                                           prefer-const
  113:7785    warning  'c' is never reassigned. Use 'const' instead                                                                                                                                                                                                                           prefer-const
  113:8291    error    React Hook "A.useRef" is called in function "xKe" that is neither a React function component nor a custom React Hook function. React component names must start with an uppercase letter. React Hook names must start with the word "use"                              react-hooks/rules-of-hooks
  113:10970   error    React Hook "A.useContext" is called in function "kKe" that is neither a React function component nor a custom React Hook function. React component names must start with an uppercase letter. React Hook names must start with the word "use"                          react-hooks/rules-of-hooks
  113:11538   error    React Hook "A.useRef" is called in function "_ye" that is neither a React function component nor a custom React Hook function. React component names must start with an uppercase letter. React Hook names must start with the word "use"                              react-hooks/rules-of-hooks
  113:11973   error    React Hook "A.useRef" is called in function "_ye" that is neither a React function component nor a custom React Hook function. React component names must start with an uppercase letter. React Hook names must start with the word "use"                              react-hooks/rules-of-hooks
  113:11988   error    React Hook "A.useRef" is called in function "_ye" that is neither a React function component nor a custom React Hook function. React component names must start with an uppercase letter. React Hook names must start with the word "use"                              react-hooks/rules-of-hooks
  113:12018   error    React Hook "A.useRef" is called in function "_ye" that is neither a React function component nor a custom React Hook function. React component names must start with an uppercase letter. React Hook names must start with the word "use"                              react-hooks/rules-of-hooks
  113:12292   warning  '_' is defined but never used                                                                                                                                                                                                                                          @typescript-eslint/no-unused-vars
  113:12457   warning  'w' is defined but never used                                                                                                                                                                                                                                          @typescript-eslint/no-unused-vars
  113:12543   error    React Hook "A.useMemo" is called in function "_ye" that is neither a React function component nor a custom React Hook function. React component names must start with an uppercase letter. React Hook names must start with the word "use"                             react-hooks/rules-of-hooks
  113:12732   warning  'i' is never reassigned. Use 'const' instead                                                                                                                                                                                                                           prefer-const
  113:12749   warning  's' is never reassigned. Use 'const' instead                                                                                                                                                                                                                           prefer-const
  113:12762   warning  'a' is never reassigned. Use 'const' instead                                                                                                                                                                                                                           prefer-const
  113:12776   warning  'o' is never reassigned. Use 'const' instead                                                                                                                                                                                                                           prefer-const
  113:12789   warning  'c' is never reassigned. Use 'const' instead                                                                                                                                                                                                                           prefer-const
  113:12797   warning  'l' is never reassigned. Use 'const' instead                                                                                                                                                                                                                           prefer-const
  113:12809   warning  'u' is never reassigned. Use 'const' instead                                                                                                                                                                                                                           prefer-const
  113:12819   warning  'f' is never reassigned. Use 'const' instead                                                                                                                                                                                                                           prefer-const
  113:12829   warning  'h' is never reassigned. Use 'const' instead                                                                                                                                                                                                                           prefer-const
  113:12837   warning  'm' is never reassigned. Use 'const' instead                                                                                                                                                                                                                           prefer-const
  113:12849   warning  'g' is never reassigned. Use 'const' instead                                                                                                                                                                                                                           prefer-const
  113:12859   warning  'b' is never reassigned. Use 'const' instead                                                                                                                                                                                                                           prefer-const
  113:12864   warning  'w' is never reassigned. Use 'const' instead                                                                                                                                                                                                                           prefer-const
  113:12870   warning  '_' is never reassigned. Use 'const' instead                                                                                                                                                                                                                           prefer-const
  113:12872   warning  'C' is never reassigned. Use 'const' instead                                                                                                                                                                                                                           prefer-const
  113:12892   warning  'E' is never reassigned. Use 'const' instead                                                                                                                                                                                                                           prefer-const
  113:12909   warning  'T' is never reassigned. Use 'const' instead                                                                                                                                                                                                                           prefer-const
  113:12918   warning  'S' is never reassigned. Use 'const' instead                                                                                                                                                                                                                           prefer-const
  113:12953   warning  'I' is never reassigned. Use 'const' instead                                                                                                                                                                                                                           prefer-const
  113:13005   warning  'O' is never reassigned. Use 'const' instead                                                                                                                                                                                                                           prefer-const
  113:13014   warning  'D' is never reassigned. Use 'const' instead                                                                                                                                                                                                                           prefer-const
  113:13024   warning  'M' is never reassigned. Use 'const' instead                                                                                                                                                                                                                           prefer-const
  113:13034   warning  '$' is never reassigned. Use 'const' instead                                                                                                                                                                                                                           prefer-const
  113:13036   warning  'z' is never reassigned. Use 'const' instead                                                                                                                                                                                                                           prefer-const
  113:13072   warning  'F' is never reassigned. Use 'const' instead                                                                                                                                                                                                                           prefer-const
  113:13090   warning  'U' is never reassigned. Use 'const' instead                                                                                                                                                                                                                           prefer-const
  113:13103   warning  'H' is never reassigned. Use 'const' instead                                                                                                                                                                                                                           prefer-const
  113:13828   warning  'Y' is never reassigned. Use 'const' instead                                                                                                                                                                                                                           prefer-const
  113:13849   warning  'Q' is never reassigned. Use 'const' instead                                                                                                                                                                                                                           prefer-const
  113:13879   warning  'J' is never reassigned. Use 'const' instead                                                                                                                                                                                                                           prefer-const
  113:14471   warning  'r' is never reassigned. Use 'const' instead                                                                                                                                                                                                                           prefer-const
  113:14484   warning  'i' is never reassigned. Use 'const' instead                                                                                                                                                                                                                           prefer-const
  113:14492   warning  's' is never reassigned. Use 'const' instead                                                                                                                                                                                                                           prefer-const
  113:14497   warning  'a' is never reassigned. Use 'const' instead                                                                                                                                                                                                                           prefer-const
  113:14514   warning  'o' is never reassigned. Use 'const' instead                                                                                                                                                                                                                           prefer-const
  113:14523   warning  'c' is never reassigned. Use 'const' instead                                                                                                                                                                                                                           prefer-const
  113:16019   error    React Hook "A.useContext" is called in function "kP" that is neither a React function component nor a custom React Hook function. React component names must start with an uppercase letter. React Hook names must start with the word "use"                           react-hooks/rules-of-hooks
  113:16267   warning  'n' is never reassigned. Use 'const' instead                                                                                                                                                                                                                           prefer-const
  113:16283   warning  'r' is never reassigned. Use 'const' instead                                                                                                                                                                                                                           prefer-const
  113:16325   warning  's' is never reassigned. Use 'const' instead                                                                                                                                                                                                                           prefer-const
  113:16340   warning  'a' is never reassigned. Use 'const' instead                                                                                                                                                                                                                           prefer-const
  113:16368   warning  'c' is never reassigned. Use 'const' instead                                                                                                                                                                                                                           prefer-const
  113:16384   warning  'l' is never reassigned. Use 'const' instead                                                                                                                                                                                                                           prefer-const
  113:16397   warning  'u' is never reassigned. Use 'const' instead                                                                                                                                                                                                                           prefer-const
  113:16405   warning  'f' is never reassigned. Use 'const' instead                                                                                                                                                                                                                           prefer-const
  113:16410   warning  'h' is never reassigned. Use 'const' instead                                                                                                                                                                                                                           prefer-const
  113:17793   warning  'N' is never reassigned. Use 'const' instead                                                                                                                                                                                                                           prefer-const
  113:17795   warning  'R' is never reassigned. Use 'const' instead                                                                                                                                                                                                                           prefer-const
  113:17804   warning  'B' is never reassigned. Use 'const' instead                                                                                                                                                                                                                           prefer-const
  113:17884   warning  'W' is never reassigned. Use 'const' instead                                                                                                                                                                                                                           prefer-const
  113:17903   warning  'j' is never reassigned. Use 'const' instead                                                                                                                                                                                                                           prefer-const
  113:18034   warning  'G' is never reassigned. Use 'const' instead                                                                                                                                                                                                                           prefer-const
  113:18692   warning  'n' is never reassigned. Use 'const' instead                                                                                                                                                                                                                           prefer-const
  113:18702   warning  'r' is never reassigned. Use 'const' instead                                                                                                                                                                                                                           prefer-const
  113:18707   warning  'i' is never reassigned. Use 'const' instead                                                                                                                                                                                                                           prefer-const
  113:18712   warning  's' is never reassigned. Use 'const' instead                                                                                                                                                                                                                           prefer-const
  113:18719   warning  'a' is never reassigned. Use 'const' instead                                                                                                                                                                                                                           prefer-const
  113:18723   error    Do not access Object.prototype method 'hasOwnProperty' from target object                                                                                                                                                                                              no-prototype-builtins
  113:18756   warning  'o' is never reassigned. Use 'const' instead                                                                                                                                                                                                                           prefer-const
  113:18760   error    Do not access Object.prototype method 'hasOwnProperty' from target object                                                                                                                                                                                              no-prototype-builtins
  113:19669   error    React Hook "A.useId" is called in function "zKe" that is neither a React function component nor a custom React Hook function. React component names must start with an uppercase letter. React Hook names must start with the word "use"                               react-hooks/rules-of-hooks
  113:20081   warning  'n' is never reassigned. Use 'const' instead                                                                                                                                                                                                                           prefer-const
  113:20089   warning  'r' is never reassigned. Use 'const' instead                                                                                                                                                                                                                           prefer-const
  113:20108   warning  'i' is never reassigned. Use 'const' instead                                                                                                                                                                                                                           prefer-const
  113:20118   warning  's' is never reassigned. Use 'const' instead                                                                                                                                                                                                                           prefer-const
  113:20144   warning  'a' is never reassigned. Use 'const' instead                                                                                                                                                                                                                           prefer-const
  113:20163   warning  'o' is never reassigned. Use 'const' instead                                                                                                                                                                                                                           prefer-const
  113:20190   warning  'c' is never reassigned. Use 'const' instead                                                                                                                                                                                                                           prefer-const
  113:20208   warning  'l' is never reassigned. Use 'const' instead                                                                                                                                                                                                                           prefer-const
  113:20227   warning  'u' is never reassigned. Use 'const' instead                                                                                                                                                                                                                           prefer-const
  113:22862   error    'O' is already defined                                                                                                                                                                                                                                                 no-redeclare
  113:27319   error    'process' is not defined                                                                                                                                                                                                                                               no-undef
  113:27899   error    Unnecessary escape character: \ .                                                                                                                                                                                                                                      no-useless-escape
  113:27963   error    Unnecessary escape character: \.                                                                                                                                                                                                                                       no-useless-escape
  113:27992   error    Unnecessary escape character: \.                                                                                                                                                                                                                                       no-useless-escape
  113:28027   error    Unnecessary escape character: \.                                                                                                                                                                                                                                       no-useless-escape
  113:28070   error    Unnecessary escape character: \.                                                                                                                                                                                                                                       no-useless-escape
  113:28109   error    Unnecessary escape character: \.                                                                                                                                                                                                                                       no-useless-escape
  113:28150   error    Unnecessary escape character: \.                                                                                                                                                                                                                                       no-useless-escape
  113:28218   error    Unnecessary escape character: \.                                                                                                                                                                                                                                       no-useless-escape
  113:28258   error    Unnecessary escape character: \.                                                                                                                                                                                                                                       no-useless-escape
  113:28296   error    Unnecessary escape character: \.                                                                                                                                                                                                                                       no-useless-escape
  113:28366   error    Unnecessary escape character: \.                                                                                                                                                                                                                                       no-useless-escape
  113:28428   error    Unnecessary escape character: \.                                                                                                                                                                                                                                       no-useless-escape
  113:28474   error    Unnecessary escape character: \.                                                                                                                                                                                                                                       no-useless-escape
  113:28512   error    Unnecessary escape character: \.                                                                                                                                                                                                                                       no-useless-escape
  113:28554   error    Unnecessary escape character: \.                                                                                                                                                                                                                                       no-useless-escape
  113:28592   error    Unnecessary escape character: \.                                                                                                                                                                                                                                       no-useless-escape
  113:28641   error    Unnecessary escape character: \.                                                                                                                                                                                                                                       no-useless-escape
  113:28671   error    Unnecessary escape character: \.                                                                                                                                                                                                                                       no-useless-escape
  113:28707   error    Unnecessary escape character: \.                                                                                                                                                                                                                                       no-useless-escape
  113:28962   error    Unnecessary escape character: \:                                                                                                                                                                                                                                       no-useless-escape
  113:28969   error    Unnecessary escape character: \.                                                                                                                                                                                                                                       no-useless-escape
  113:29007   error    Unnecessary escape character: \.                                                                                                                                                                                                                                       no-useless-escape
  113:29093   error    Unnecessary escape character: \.                                                                                                                                                                                                                                       no-useless-escape
  113:29127   error    Unnecessary escape character: \.                                                                                                                                                                                                                                       no-useless-escape
  113:29157   error    Unnecessary escape character: \.                                                                                                                                                                                                                                       no-useless-escape
  113:29209   error    Unnecessary escape character: \.                                                                                                                                                                                                                                       no-useless-escape
  113:29253   error    Unnecessary escape character: \.                                                                                                                                                                                                                                       no-useless-escape
  113:29291   error    Unnecessary escape character: \.                                                                                                                                                                                                                                       no-useless-escape
  113:29333   error    Unnecessary escape character: \.                                                                                                                                                                                                                                       no-useless-escape
  113:29383   error    Unnecessary escape character: \.                                                                                                                                                                                                                                       no-useless-escape
  113:29422   error    Unnecessary escape character: \.                                                                                                                                                                                                                                       no-useless-escape
  113:30307   warning  'e' is defined but never used                                                                                                                                                                                                                                          @typescript-eslint/no-unused-vars
  113:31044   error    'process' is not defined                                                                                                                                                                                                                                               no-undef
  113:31077   error    'process' is not defined                                                                                                                                                                                                                                               no-undef
  113:31327   error    Do not access Object.prototype method 'hasOwnProperty' from target object                                                                                                                                                                                              no-prototype-builtins
  113:31899   error    'r' is already defined                                                                                                                                                                                                                                                 no-redeclare
  113:34007   error    Do not access Object.prototype method 'hasOwnProperty' from target object                                                                                                                                                                                              no-prototype-builtins
  113:34597   error    Unsafe usage of ThrowStatement                                                                                                                                                                                                                                         no-unsafe-finally
  113:34819   error    't' is already defined                                                                                                                                                                                                                                                 no-redeclare
  113:35734   error    Expected a conditional expression and instead saw an assignment                                                                                                                                                                                                        no-cond-assign
  114:36089   error    Unnecessary escape character: \[                                                                                                                                                                                                                                       no-useless-escape
  114:36338   error    Unnecessary escape character: \}                                                                                                                                                                                                                                       no-useless-escape
  114:40214   warning  't' is defined but never used                                                                                                                                                                                                                                          @typescript-eslint/no-unused-vars
  114:58053   warning  'Ne' is never reassigned. Use 'const' instead                                                                                                                                                                                                                          prefer-const
  114:70151   error    'r' is already defined                                                                                                                                                                                                                                                 no-redeclare
  116:18566   error    'n' is already defined                                                                                                                                                                                                                                                 no-redeclare
  116:20172   error    'n' is already defined                                                                                                                                                                                                                                                 no-redeclare
  116:20453   error    'process' is not defined                                                                                                                                                                                                                                               no-undef
  116:20482   error    'process' is not defined                                                                                                                                                                                                                                               no-undef
  116:23410   error    Promise executor functions should not be async                                                                                                                                                                                                                         no-async-promise-executor
  116:24290   warning  't' is defined but never used                                                                                                                                                                                                                                          @typescript-eslint/no-unused-vars
  116:26109   error    'Buffer' is not defined                                                                                                                                                                                                                                                no-undef
  116:26198   error    'Buffer' is not defined                                                                                                                                                                                                                                                no-undef
  116:27053   warning  't' is defined but never used                                                                                                                                                                                                                                          @typescript-eslint/no-unused-vars
  116:43310   warning  'w' is never reassigned. Use 'const' instead                                                                                                                                                                                                                           prefer-const
  116:43725   warning  'w' is never reassigned. Use 'const' instead                                                                                                                                                                                                                           prefer-const
  117:57      error    'Buffer' is not defined                                                                                                                                                                                                                                                no-undef
  117:1598    error    'Buffer' is not defined                                                                                                                                                                                                                                                no-undef
  117:1693    error    'Buffer' is not defined                                                                                                                                                                                                                                                no-undef
  117:2311    error    'Buffer' is not defined                                                                                                                                                                                                                                                no-undef
  117:2438    error    'Buffer' is not defined                                                                                                                                                                                                                                                no-undef
  117:2458    error    'Buffer' is not defined                                                                                                                                                                                                                                                no-undef
  117:2475    error    'Buffer' is not defined                                                                                                                                                                                                                                                no-undef
  117:2684    error    'Buffer' is not defined                                                                                                                                                                                                                                                no-undef
  117:2723    error    'Buffer' is not defined                                                                                                                                                                                                                                                no-undef
  117:2766    error    'Buffer' is not defined                                                                                                                                                                                                                                                no-undef
  117:2813    error    'Buffer' is not defined                                                                                                                                                                                                                                                no-undef
  117:2869    error    'Buffer' is not defined                                                                                                                                                                                                                                                no-undef
  117:2926    error    'Buffer' is not defined                                                                                                                                                                                                                                                no-undef
  117:2983    error    'Buffer' is not defined                                                                                                                                                                                                                                                no-undef
  117:3041    error    'Buffer' is not defined                                                                                                                                                                                                                                                no-undef
  117:3073    error    'Buffer' is not defined                                                                                                                                                                                                                                                no-undef
  117:3800    error    'n' is already defined                                                                                                                                                                                                                                                 no-redeclare
  119:28      error    'Buffer' is not defined                                                                                                                                                                                                                                                no-undef
  119:112     error    'Buffer' is not defined                                                                                                                                                                                                                                                no-undef
  119:7086    warning  'g' is never reassigned. Use 'const' instead                                                                                                                                                                                                                           prefer-const
  119:8529    warning  'M' is never reassigned. Use 'const' instead                                                                                                                                                                                                                           prefer-const
  119:8545    warning  '$' is never reassigned. Use 'const' instead                                                                                                                                                                                                                           prefer-const
  119:8573    warning  'z' is never reassigned. Use 'const' instead                                                                                                                                                                                                                           prefer-const
  119:8601    warning  'F' is never reassigned. Use 'const' instead                                                                                                                                                                                                                           prefer-const
  119:8628    warning  'U' is never reassigned. Use 'const' instead                                                                                                                                                                                                                           prefer-const
  119:8656    warning  'H' is never reassigned. Use 'const' instead                                                                                                                                                                                                                           prefer-const
  119:8676    warning  'N' is never reassigned. Use 'const' instead                                                                                                                                                                                                                           prefer-const
  119:8704    warning  'R' is never reassigned. Use 'const' instead                                                                                                                                                                                                                           prefer-const
  119:8732    warning  'B' is never reassigned. Use 'const' instead                                                                                                                                                                                                                           prefer-const
  119:8759    warning  'W' is never reassigned. Use 'const' instead                                                                                                                                                                                                                           prefer-const
  119:11602   warning  'a' is never reassigned. Use 'const' instead                                                                                                                                                                                                                           prefer-const
  119:11609   warning  'o' is never reassigned. Use 'const' instead                                                                                                                                                                                                                           prefer-const
  119:11616   warning  'c' is never reassigned. Use 'const' instead                                                                                                                                                                                                                           prefer-const
  119:11623   warning  'l' is never reassigned. Use 'const' instead                                                                                                                                                                                                                           prefer-const
  119:11630   warning  'u' is never reassigned. Use 'const' instead                                                                                                                                                                                                                           prefer-const
  119:11637   warning  'f' is never reassigned. Use 'const' instead                                                                                                                                                                                                                           prefer-const
  119:11644   warning  'h' is never reassigned. Use 'const' instead                                                                                                                                                                                                                           prefer-const
  119:11651   warning  'm' is never reassigned. Use 'const' instead                                                                                                                                                                                                                           prefer-const
  119:11658   warning  'g' is never reassigned. Use 'const' instead                                                                                                                                                                                                                           prefer-const
  119:11665   warning  'b' is never reassigned. Use 'const' instead                                                                                                                                                                                                                           prefer-const
  119:11672   warning  'w' is never reassigned. Use 'const' instead                                                                                                                                                                                                                           prefer-const
  119:11679   warning  '_' is never reassigned. Use 'const' instead                                                                                                                                                                                                                           prefer-const
  119:11686   warning  'C' is never reassigned. Use 'const' instead                                                                                                                                                                                                                           prefer-const
  119:11690   warning  'E' is never reassigned. Use 'const' instead                                                                                                                                                                                                                           prefer-const
  119:11697   warning  'T' is never reassigned. Use 'const' instead                                                                                                                                                                                                                           prefer-const
  119:11704   warning  'S' is never reassigned. Use 'const' instead                                                                                                                                                                                                                           prefer-const
  119:14429   error    't' is assigned to itself                                                                                                                                                                                                                                              no-self-assign
  119:36319   warning  'Q' is never reassigned. Use 'const' instead                                                                                                                                                                                                                           prefer-const
  119:51370   error    'Buffer' is not defined                                                                                                                                                                                                                                                no-undef
  119:51398   error    'Buffer' is not defined                                                                                                                                                                                                                                                no-undef
  119:51507   error    'Buffer' is not defined                                                                                                                                                                                                                                                no-undef
  119:52299   error    'n' is already defined                                                                                                                                                                                                                                                 no-redeclare
  119:54099   error    'n' is already defined                                                                                                                                                                                                                                                 no-redeclare
  119:55294   warning  'r' is assigned a value but never used                                                                                                                                                                                                                                 @typescript-eslint/no-unused-vars
  119:57846   warning  't' is defined but never used                                                                                                                                                                                                                                          @typescript-eslint/no-unused-vars
  119:58764   error    Empty block statement                                                                                                                                                                                                                                                  no-empty
  119:60906   warning  't' is defined but never used                                                                                                                                                                                                                                          @typescript-eslint/no-unused-vars
  119:61057   error    Unexpected constant binary expression. Compares constantly with the right-hand side of the `!==`                                                                                                                                                                       no-constant-binary-expression
  119:61068   error    Invalid typeof comparison value                                                                                                                                                                                                                                        valid-typeof
  125:2505    error    'Buffer' is not defined                                                                                                                                                                                                                                                no-undef
  125:3579    error    'Buffer' is not defined                                                                                                                                                                                                                                                no-undef
  125:3697    error    'Buffer' is not defined                                                                                                                                                                                                                                                no-undef
  125:3933    warning  't' is defined but never used                                                                                                                                                                                                                                          @typescript-eslint/no-unused-vars
  125:4847    error    Do not access Object.prototype method 'isPrototypeOf' from target object                                                                                                                                                                                               no-prototype-builtins
  125:5273    error    'Buffer' is not defined                                                                                                                                                                                                                                                no-undef
  125:5394    error    'Buffer' is not defined                                                                                                                                                                                                                                                no-undef
  125:13476   error    Do not access Object.prototype method 'hasOwnProperty' from target object                                                                                                                                                                                              no-prototype-builtins
  125:16387   warning  't' is defined but never used                                                                                                                                                                                                                                          @typescript-eslint/no-unused-vars
  125:16428   warning  'i' is defined but never used                                                                                                                                                                                                                                          @typescript-eslint/no-unused-vars
  125:18657   error    'process' is not defined                                                                                                                                                                                                                                               no-undef
  125:18686   error    'process' is not defined                                                                                                                                                                                                                                               no-undef
  125:19248   warning  'n' is defined but never used                                                                                                                                                                                                                                          @typescript-eslint/no-unused-vars
  125:19306   warning  't' is defined but never used                                                                                                                                                                                                                                          @typescript-eslint/no-unused-vars
  125:19546   warning  't' is defined but never used                                                                                                                                                                                                                                          @typescript-eslint/no-unused-vars
  125:20728   error    Promise executor functions should not be async                                                                                                                                                                                                                         no-async-promise-executor
  125:21900   warning  't' is defined but never used                                                                                                                                                                                                                                          @typescript-eslint/no-unused-vars
  125:22201   warning  A `require()` style import is forbidden                                                                                                                                                                                                                                @typescript-eslint/no-require-imports
  125:22201   error    'require' is not defined                                                                                                                                                                                                                                               no-undef
  125:38451   error    'r' is already defined                                                                                                                                                                                                                                                 no-redeclare
  125:45795   error    'n' is already defined                                                                                                                                                                                                                                                 no-redeclare
  125:49179   error    'n' is already defined                                                                                                                                                                                                                                                 no-redeclare
  125:50260   error    Promise executor functions should not be async                                                                                                                                                                                                                         no-async-promise-executor
  125:51756   error    Promise executor functions should not be async                                                                                                                                                                                                                         no-async-promise-executor
  125:54980   error    'n' is already defined                                                                                                                                                                                                                                                 no-redeclare
  125:58369   error    Empty block statement                                                                                                                                                                                                                                                  no-empty
  125:59896   error    Promise executor functions should not be async                                                                                                                                                                                                                         no-async-promise-executor
  125:60263   error    Empty block statement                                                                                                                                                                                                                                                  no-empty
  125:65458   error    'n' is already defined                                                                                                                                                                                                                                                 no-redeclare
  125:69773   error    Promise executor functions should not be async                                                                                                                                                                                                                         no-async-promise-executor
  125:70840   error    Promise executor functions should not be async                                                                                                                                                                                                                         no-async-promise-executor
  125:72544   error    Promise executor functions should not be async                                                                                                                                                                                                                         no-async-promise-executor
  125:72944   error    Promise executor functions should not be async                                                                                                                                                                                                                         no-async-promise-executor
  125:79485   error    'Buffer' is not defined                                                                                                                                                                                                                                                no-undef
  125:79506   error    'Buffer' is not defined                                                                                                                                                                                                                                                no-undef
  125:80600   error    'n' is already defined                                                                                                                                                                                                                                                 no-redeclare
  125:105347  error    Promise executor functions should not be async                                                                                                                                                                                                                         no-async-promise-executor
  125:107109  error    'n' is already defined                                                                                                                                                                                                                                                 no-redeclare
  125:109519  warning  's' is assigned a value but never used                                                                                                                                                                                                                                 @typescript-eslint/no-unused-vars
  125:110529  error    'n' is already defined                                                                                                                                                                                                                                                 no-redeclare
  125:117918  error    'n' is already defined                                                                                                                                                                                                                                                 no-redeclare
  125:126490  error    Promise executor functions should not be async                                                                                                                                                                                                                         no-async-promise-executor
  125:126755  error    Promise executor functions should not be async                                                                                                                                                                                                                         no-async-promise-executor
  125:139187  error    Empty block statement                                                                                                                                                                                                                                                  no-empty
  125:169467  error    Empty block statement                                                                                                                                                                                                                                                  no-empty
  125:180043  error    Do not access Object.prototype method 'isPrototypeOf' from target object                                                                                                                                                                                               no-prototype-builtins
  125:181399  error    Do not access Object.prototype method 'hasOwnProperty' from target object                                                                                                                                                                                              no-prototype-builtins
  125:181537  error    Do not access Object.prototype method 'hasOwnProperty' from target object                                                                                                                                                                                              no-prototype-builtins
  125:182680  error    'this.bodyUsed' is assigned to itself                                                                                                                                                                                                                                  no-self-assign
  125:182772  error    Do not access Object.prototype method 'isPrototypeOf' from target object                                                                                                                                                                                               no-prototype-builtins
  125:182837  error    Do not access Object.prototype method 'isPrototypeOf' from target object                                                                                                                                                                                               no-prototype-builtins
  125:182917  error    Do not access Object.prototype method 'isPrototypeOf' from target object                                                                                                                                                                                               no-prototype-builtins
  125:183113  error    Do not access Object.prototype method 'isPrototypeOf' from target object                                                                                                                                                                                               no-prototype-builtins
  125:183496  error    Do not access Object.prototype method 'isPrototypeOf' from target object                                                                                                                                                                                               no-prototype-builtins
  126:3941    error    'n' is already defined                                                                                                                                                                                                                                                 no-redeclare
  126:7949    error    'Buffer' is not defined                                                                                                                                                                                                                                                no-undef
  126:9302    warning  't' is defined but never used                                                                                                                                                                                                                                          @typescript-eslint/no-unused-vars
  126:9319    warning  'n' is defined but never used                                                                                                                                                                                                                                          @typescript-eslint/no-unused-vars
  126:9321    warning  'r' is defined but never used                                                                                                                                                                                                                                          @typescript-eslint/no-unused-vars
  126:9323    warning  'i' is defined but never used                                                                                                                                                                                                                                          @typescript-eslint/no-unused-vars
  126:9325    warning  's' is defined but never used                                                                                                                                                                                                                                          @typescript-eslint/no-unused-vars
  126:11422   error    'Buffer' is not defined                                                                                                                                                                                                                                                no-undef
  126:12471   error    'n' is already defined                                                                                                                                                                                                                                                 no-redeclare
  126:13079   warning  't' is defined but never used                                                                                                                                                                                                                                          @typescript-eslint/no-unused-vars
  126:14600   error    'n' is already defined                                                                                                                                                                                                                                                 no-redeclare
  126:15546   warning  'qft' is never reassigned. Use 'const' instead                                                                                                                                                                                                                         prefer-const
  126:16208   error    'n' is already defined                                                                                                                                                                                                                                                 no-redeclare
  126:17939   error    'n' is already defined                                                                                                                                                                                                                                                 no-redeclare
  126:26480   error    'n' is already defined                                                                                                                                                                                                                                                 no-redeclare
  126:37657   error    'n' is already defined                                                                                                                                                                                                                                                 no-redeclare
  126:39844   error    Promise executor functions should not be async                                                                                                                                                                                                                         no-async-promise-executor
  126:40931   error    Promise executor functions should not be async                                                                                                                                                                                                                         no-async-promise-executor
  126:47301   error    'n' is already defined                                                                                                                                                                                                                                                 no-redeclare
  126:91811   warning  'i' is assigned a value but never used                                                                                                                                                                                                                                 @typescript-eslint/no-unused-vars
  126:94867   warning  'n' is assigned a value but never used                                                                                                                                                                                                                                 @typescript-eslint/no-unused-vars
  126:96181   warning  'a' is assigned a value but never used                                                                                                                                                                                                                                 @typescript-eslint/no-unused-vars
  126:109071  warning  'n' is assigned a value but never used                                                                                                                                                                                                                                 @typescript-eslint/no-unused-vars
  126:144810  warning  'i' is never reassigned. Use 'const' instead                                                                                                                                                                                                                           prefer-const
  126:144861  warning  'a' is never reassigned. Use 'const' instead                                                                                                                                                                                                                           prefer-const
  126:145428  error    Empty block statement                                                                                                                                                                                                                                                  no-empty
  137:9292    error    React Hook "A.useContext" is called in function "xwe" that is neither a React function component nor a custom React Hook function. React component names must start with an uppercase letter. React Hook names must start with the word "use"                          react-hooks/rules-of-hooks
  368:1794    error    React Hook "A.useState" cannot be called inside a callback. React Hooks must be called in a React function component or a custom React Hook function                                                                                                                   react-hooks/rules-of-hooks
  368:1811    error    React Hook "A.useRef" cannot be called inside a callback. React Hooks must be called in a React function component or a custom React Hook function                                                                                                                     react-hooks/rules-of-hooks
  368:1828    error    React Hook "A.useRef" cannot be called inside a callback. React Hooks must be called in a React function component or a custom React Hook function                                                                                                                     react-hooks/rules-of-hooks
  368:1845    error    React Hook "A.useRef" cannot be called inside a callback. React Hooks must be called in a React function component or a custom React Hook function                                                                                                                     react-hooks/rules-of-hooks
  368:1867    error    React Hook "A.useEffect" cannot be called inside a callback. React Hooks must be called in a React function component or a custom React Hook function                                                                                                                  react-hooks/rules-of-hooks
  368:3987    error    React Hook "A.useCallback" cannot be called inside a callback. React Hooks must be called in a React function component or a custom React Hook function                                                                                                                react-hooks/rules-of-hooks
  368:7407    error    Empty block statement                                                                                                                                                                                                                                                  no-empty
  368:7525    warning  'i' is never reassigned. Use 'const' instead                                                                                                                                                                                                                           prefer-const
  368:8951    error    Empty block statement                                                                                                                                                                                                                                                  no-empty
  368:9434    error    Empty block statement                                                                                                                                                                                                                                                  no-empty
  368:11643   warning  'o' is never reassigned. Use 'const' instead                                                                                                                                                                                                                           prefer-const
  368:13738   error    React Hook "A.useRef" is called in function "nbt" that is neither a React function component nor a custom React Hook function. React component names must start with an uppercase letter. React Hook names must start with the word "use"                              react-hooks/rules-of-hooks
  368:13755   error    React Hook "A.useRef" is called in function "nbt" that is neither a React function component nor a custom React Hook function. React component names must start with an uppercase letter. React Hook names must start with the word "use"                              react-hooks/rules-of-hooks
  368:13791   error    React Hook "A.useState" is called in function "nbt" that is neither a React function component nor a custom React Hook function. React component names must start with an uppercase letter. React Hook names must start with the word "use"                            react-hooks/rules-of-hooks
  368:13813   error    React Hook "A.useEffect" is called in function "nbt" that is neither a React function component nor a custom React Hook function. React component names must start with an uppercase letter. React Hook names must start with the word "use"                           react-hooks/rules-of-hooks
  368:13872   error    React Hook "A.useEffect" is called in function "nbt" that is neither a React function component nor a custom React Hook function. React component names must start with an uppercase letter. React Hook names must start with the word "use"                           react-hooks/rules-of-hooks
  368:14093   error    Unexpected lexical declaration in case block                                                                                                                                                                                                                           no-case-declarations
  368:15068   error    Unexpected lexical declaration in case block                                                                                                                                                                                                                           no-case-declarations
  368:15206   error    Unexpected lexical declaration in case block                                                                                                                                                                                                                           no-case-declarations
  368:15340   error    Unexpected lexical declaration in case block                                                                                                                                                                                                                           no-case-declarations
  368:16189   error    Unexpected lexical declaration in case block                                                                                                                                                                                                                           no-case-declarations
  368:22215   warning  'c' is never reassigned. Use 'const' instead                                                                                                                                                                                                                           prefer-const
  368:27467   error    React Hook "A.useCallback" is called in function "ybt" that is neither a React function component nor a custom React Hook function. React component names must start with an uppercase letter. React Hook names must start with the word "use"                         react-hooks/rules-of-hooks
  368:29293   error    React Hook "A.useRef" is called in function "bbt" that is neither a React function component nor a custom React Hook function. React component names must start with an uppercase letter. React Hook names must start with the word "use"                              react-hooks/rules-of-hooks
  368:29313   error    React Hook "A.useEffect" is called in function "bbt" that is neither a React function component nor a custom React Hook function. React component names must start with an uppercase letter. React Hook names must start with the word "use"                           react-hooks/rules-of-hooks
  368:30632   error    React Hook "A.useState" is called in function "wbt" that is neither a React function component nor a custom React Hook function. React component names must start with an uppercase letter. React Hook names must start with the word "use"                            react-hooks/rules-of-hooks
  368:30665   error    React Hook "A.useRef" is called in function "wbt" that is neither a React function component nor a custom React Hook function. React component names must start with an uppercase letter. React Hook names must start with the word "use"                              react-hooks/rules-of-hooks
  368:30678   error    React Hook "A.useRef" is called in function "wbt" that is neither a React function component nor a custom React Hook function. React component names must start with an uppercase letter. React Hook names must start with the word "use"                              react-hooks/rules-of-hooks
  368:30693   error    React Hook "A.useRef" is called in function "wbt" that is neither a React function component nor a custom React Hook function. React component names must start with an uppercase letter. React Hook names must start with the word "use"                              react-hooks/rules-of-hooks
  368:30705   error    React Hook "A.useEffect" is called in function "wbt" that is neither a React function component nor a custom React Hook function. React component names must start with an uppercase letter. React Hook names must start with the word "use"                           react-hooks/rules-of-hooks
  368:30750   error    React Hook "A.useRef" is called in function "wbt" that is neither a React function component nor a custom React Hook function. React component names must start with an uppercase letter. React Hook names must start with the word "use"                              react-hooks/rules-of-hooks
  368:30762   error    React Hook "A.useEffect" is called in function "wbt" that is neither a React function component nor a custom React Hook function. React component names must start with an uppercase letter. React Hook names must start with the word "use"                           react-hooks/rules-of-hooks
  368:30807   error    React Hook "A.useRef" is called in function "wbt" that is neither a React function component nor a custom React Hook function. React component names must start with an uppercase letter. React Hook names must start with the word "use"                              react-hooks/rules-of-hooks
  368:30819   error    React Hook "A.useEffect" is called in function "wbt" that is neither a React function component nor a custom React Hook function. React component names must start with an uppercase letter. React Hook names must start with the word "use"                           react-hooks/rules-of-hooks
  368:30864   error    React Hook "A.useRef" is called in function "wbt" that is neither a React function component nor a custom React Hook function. React component names must start with an uppercase letter. React Hook names must start with the word "use"                              react-hooks/rules-of-hooks
  368:30883   error    React Hook "A.useEffect" is called in function "wbt" that is neither a React function component nor a custom React Hook function. React component names must start with an uppercase letter. React Hook names must start with the word "use"                           react-hooks/rules-of-hooks
  368:30920   error    React Hook "A.useEffect" is called in function "wbt" that is neither a React function component nor a custom React Hook function. React component names must start with an uppercase letter. React Hook names must start with the word "use"                           react-hooks/rules-of-hooks
  368:32607   error    React Hook "A.useEffect" is called in function "_bt" that is neither a React function component nor a custom React Hook function. React component names must start with an uppercase letter. React Hook names must start with the word "use"                           react-hooks/rules-of-hooks
  368:35668   warning  'te' is never reassigned. Use 'const' instead                                                                                                                                                                                                                          prefer-const
  368:35676   warning  'ue' is never reassigned. Use 'const' instead                                                                                                                                                                                                                          prefer-const
  368:35684   warning  'oe' is never reassigned. Use 'const' instead                                                                                                                                                                                                                          prefer-const
  368:38210   error    Expected a conditional expression and instead saw an assignment                                                                                                                                                                                                        no-cond-assign
  368:38490   error    Expected a conditional expression and instead saw an assignment                                                                                                                                                                                                        no-cond-assign
  368:44034   error    Promise executor functions should not be async                                                                                                                                                                                                                         no-async-promise-executor
  368:50103   error    Promise executor functions should not be async                                                                                                                                                                                                                         no-async-promise-executor
  368:53066   error    Promise executor functions should not be async                                                                                                                                                                                                                         no-async-promise-executor
  368:57218   error    Empty block statement                                                                                                                                                                                                                                                  no-empty
  368:59730   error    Promise executor functions should not be async                                                                                                                                                                                                                         no-async-promise-executor
  368:62588   error    Promise executor functions should not be async                                                                                                                                                                                                                         no-async-promise-executor
  368:63773   warning  'Zn' is never reassigned. Use 'const' instead                                                                                                                                                                                                                          prefer-const
  368:63782   warning  'Qr' is never reassigned. Use 'const' instead                                                                                                                                                                                                                          prefer-const
  368:63797   warning  'Wr' is never reassigned. Use 'const' instead                                                                                                                                                                                                                          prefer-const
  368:63808   warning  'Pi' is never reassigned. Use 'const' instead                                                                                                                                                                                                                          prefer-const
  368:63815   warning  'kn' is never reassigned. Use 'const' instead                                                                                                                                                                                                                          prefer-const
  368:65657   error    Promise executor functions should not be async                                                                                                                                                                                                                         no-async-promise-executor
  368:67513   error    Unexpected lexical declaration in case block                                                                                                                                                                                                                           no-case-declarations
  368:71007   warning  'te' is never reassigned. Use 'const' instead                                                                                                                                                                                                                          prefer-const
  368:71021   warning  'ue' is never reassigned. Use 'const' instead                                                                                                                                                                                                                          prefer-const
  368:75664   warning  'ue' is never reassigned. Use 'const' instead                                                                                                                                                                                                                          prefer-const
  368:76722   warning  'Ke' is never reassigned. Use 'const' instead                                                                                                                                                                                                                          prefer-const
  368:79164   error    Promise executor functions should not be async                                                                                                                                                                                                                         no-async-promise-executor
  368:80536   error    Promise executor functions should not be async                                                                                                                                                                                                                         no-async-promise-executor
  368:82951   warning  'Wr' is never reassigned. Use 'const' instead                                                                                                                                                                                                                          prefer-const
  368:99985   error    Promise executor functions should not be async                                                                                                                                                                                                                         no-async-promise-executor
  368:138175  error    Empty block statement                                                                                                                                                                                                                                                  no-empty
  368:138411  error    React Hook "A.useContext" cannot be called inside a callback. React Hooks must be called in a React function component or a custom React Hook function                                                                                                                 react-hooks/rules-of-hooks
  368:140323  warning  't' is defined but never used                                                                                                                                                                                                                                          @typescript-eslint/no-unused-vars
  368:141883  error    React Hook "A.useMemo" is called in function "qi" that is neither a React function component nor a custom React Hook function. React component names must start with an uppercase letter. React Hook names must start with the word "use"                              react-hooks/rules-of-hooks
  368:141944  error    React Hook "A.useMemo" is called in function "qi" that is neither a React function component nor a custom React Hook function. React component names must start with an uppercase letter. React Hook names must start with the word "use"                              react-hooks/rules-of-hooks
  368:142023  error    React Hook "A.useMemo" is called in function "qi" that is neither a React function component nor a custom React Hook function. React component names must start with an uppercase letter. React Hook names must start with the word "use"                              react-hooks/rules-of-hooks
  368:142169  error    React Hook "A.useMemo" is called in function "qi" that is neither a React function component nor a custom React Hook function. React component names must start with an uppercase letter. React Hook names must start with the word "use"                              react-hooks/rules-of-hooks
  368:142348  error    React Hook "A.useCallback" is called in function "qi" that is neither a React function component nor a custom React Hook function. React component names must start with an uppercase letter. React Hook names must start with the word "use"                          react-hooks/rules-of-hooks
  368:142406  error    React Hook "A.useCallback" is called in function "qi" that is neither a React function component nor a custom React Hook function. React component names must start with an uppercase letter. React Hook names must start with the word "use"                          react-hooks/rules-of-hooks
  368:142464  error    React Hook "A.useCallback" is called in function "qi" that is neither a React function component nor a custom React Hook function. React component names must start with an uppercase letter. React Hook names must start with the word "use"                          react-hooks/rules-of-hooks
  368:144963  warning  't' is defined but never used                                                                                                                                                                                                                                          @typescript-eslint/no-unused-vars
  368:148540  error    Do not access Object.prototype method 'hasOwnProperty' from target object                                                                                                                                                                                              no-prototype-builtins
  368:167873  error    Empty block statement                                                                                                                                                                                                                                                  no-empty
  368:169303  warning  'r' is assigned a value but never used                                                                                                                                                                                                                                 @typescript-eslint/no-unused-vars
  368:169316  warning  'i' is assigned a value but never used                                                                                                                                                                                                                                 @typescript-eslint/no-unused-vars
  368:169326  warning  's' is assigned a value but never used                                                                                                                                                                                                                                 @typescript-eslint/no-unused-vars
  368:171774  warning  'n' is defined but never used                                                                                                                                                                                                                                          @typescript-eslint/no-unused-vars
  368:172693  error    Unexpected comma in middle of array                                                                                                                                                                                                                                    no-sparse-arrays
  376:873     error    React Hook "A.useId" is called conditionally. React Hooks must be called in the exact same order in every component render                                                                                                                                             react-hooks/rules-of-hooks
  376:883     error    React Hook "A.useEffect" is called conditionally. React Hooks must be called in the exact same order in every component render                                                                                                                                         react-hooks/rules-of-hooks
  376:931     error    React Hook "A.useCallback" is called conditionally. React Hooks must be called in the exact same order in every component render                                                                                                                                       react-hooks/rules-of-hooks
  376:1274    error    React Hook "A.useMemo" is called in function "sm" that is neither a React function component nor a custom React Hook function. React component names must start with an uppercase letter. React Hook names must start with the word "use"                              react-hooks/rules-of-hooks
  376:1323    error    React Hook "A.useRef" is called in function "sm" that is neither a React function component nor a custom React Hook function. React component names must start with an uppercase letter. React Hook names must start with the word "use"                               react-hooks/rules-of-hooks
  376:1338    error    React Hook "A.useRef" is called in function "sm" that is neither a React function component nor a custom React Hook function. React component names must start with an uppercase letter. React Hook names must start with the word "use"                               react-hooks/rules-of-hooks
  376:1374    error    React Hook "A.useState" is called in function "sm" that is neither a React function component nor a custom React Hook function. React component names must start with an uppercase letter. React Hook names must start with the word "use"                             react-hooks/rules-of-hooks
  376:1394    error    React Hook "A.useState" is called in function "sm" that is neither a React function component nor a custom React Hook function. React component names must start with an uppercase letter. React Hook names must start with the word "use"                             react-hooks/rules-of-hooks
  376:1770    error    React Hook "A.useContext" is called in function "sm" that is neither a React function component nor a custom React Hook function. React component names must start with an uppercase letter. React Hook names must start with the word "use"                           react-hooks/rules-of-hooks
  376:3479    warning  A `require()` style import is forbidden                                                                                                                                                                                                                                @typescript-eslint/no-require-imports
  376:3479    error    'require' is not defined                                                                                                                                                                                                                                               no-undef
  376:3527    error    Empty block statement                                                                                                                                                                                                                                                  no-empty
  376:6382    error    React Hook "A.useMemo" is called in function "n1t" that is neither a React function component nor a custom React Hook function. React component names must start with an uppercase letter. React Hook names must start with the word "use"                             react-hooks/rules-of-hooks
  376:7815    error    React Hook "A.useMemo" is called in function "c1t" that is neither a React function component nor a custom React Hook function. React component names must start with an uppercase letter. React Hook names must start with the word "use"                             react-hooks/rules-of-hooks
  376:8485    error    React Hook "A.useMemo" is called in function "u1t" that is neither a React function component nor a custom React Hook function. React component names must start with an uppercase letter. React Hook names must start with the word "use"                             react-hooks/rules-of-hooks
  376:9469    warning  'w' is assigned a value but never used                                                                                                                                                                                                                                 @typescript-eslint/no-unused-vars
  376:9645    error    React Hook "A.useContext" cannot be called inside a callback. React Hooks must be called in a React function component or a custom React Hook function                                                                                                                 react-hooks/rules-of-hooks
  376:9664    error    React Hook "A.useContext" cannot be called inside a callback. React Hooks must be called in a React function component or a custom React Hook function                                                                                                                 react-hooks/rules-of-hooks
  376:10358   error    React Hook "A.useCallback" is called in function "g1t" that is neither a React function component nor a custom React Hook function. React component names must start with an uppercase letter. React Hook names must start with the word "use"                         react-hooks/rules-of-hooks
  376:10667   error    React Hook "A.useContext" is called in function "b1t" that is neither a React function component nor a custom React Hook function. React component names must start with an uppercase letter. React Hook names must start with the word "use"                          react-hooks/rules-of-hooks
  376:10686   error    React Hook "A.useContext" is called in function "b1t" that is neither a React function component nor a custom React Hook function. React component names must start with an uppercase letter. React Hook names must start with the word "use"                          react-hooks/rules-of-hooks
  376:10706   error    React Hook "A.useContext" is called in function "b1t" that is neither a React function component nor a custom React Hook function. React component names must start with an uppercase letter. React Hook names must start with the word "use"                          react-hooks/rules-of-hooks
  376:10725   error    React Hook "A.useContext" is called in function "b1t" that is neither a React function component nor a custom React Hook function. React component names must start with an uppercase letter. React Hook names must start with the word "use"                          react-hooks/rules-of-hooks
  376:10758   error    React Hook "A.useRef" is called in function "b1t" that is neither a React function component nor a custom React Hook function. React component names must start with an uppercase letter. React Hook names must start with the word "use"                              react-hooks/rules-of-hooks
  376:10956   error    React Hook "A.useContext" is called in function "b1t" that is neither a React function component nor a custom React Hook function. React component names must start with an uppercase letter. React Hook names must start with the word "use"                          react-hooks/rules-of-hooks
  376:11059   error    React Hook "A.useRef" is called in function "b1t" that is neither a React function component nor a custom React Hook function. React component names must start with an uppercase letter. React Hook names must start with the word "use"                              react-hooks/rules-of-hooks
  376:11072   error    React Hook "A.useInsertionEffect" is called in function "b1t" that is neither a React function component nor a custom React Hook function. React component names must start with an uppercase letter. React Hook names must start with the word "use"                  react-hooks/rules-of-hooks
  376:11145   error    React Hook "A.useRef" is called in function "b1t" that is neither a React function component nor a custom React Hook function. React component names must start with an uppercase letter. React Hook names must start with the word "use"                              react-hooks/rules-of-hooks
  376:11410   error    React Hook "A.useEffect" is called in function "b1t" that is neither a React function component nor a custom React Hook function. React component names must start with an uppercase letter. React Hook names must start with the word "use"                           react-hooks/rules-of-hooks
  376:12223   error    React Hook "A.useContext" is called in function "s" that is neither a React function component nor a custom React Hook function. React component names must start with an uppercase letter. React Hook names must start with the word "use"                            react-hooks/rules-of-hooks
  376:12712   error    React Hook "A.useContext" is called in function "w1t" that is neither a React function component nor a custom React Hook function. React component names must start with an uppercase letter. React Hook names must start with the word "use"                          react-hooks/rules-of-hooks
  376:12776   warning  'e' is defined but never used                                                                                                                                                                                                                                          @typescript-eslint/no-unused-vars
  376:12778   warning  't' is defined but never used                                                                                                                                                                                                                                          @typescript-eslint/no-unused-vars
  376:12781   error    React Hook "A.useContext" is called in function "x1t" that is neither a React function component nor a custom React Hook function. React component names must start with an uppercase letter. React Hook names must start with the word "use"                          react-hooks/rules-of-hooks
  376:15884   warning  't' is defined but never used                                                                                                                                                                                                                                          @typescript-eslint/no-unused-vars
  376:15886   warning  'n' is defined but never used                                                                                                                                                                                                                                          @typescript-eslint/no-unused-vars
  376:15888   warning  'r' is defined but never used                                                                                                                                                                                                                                          @typescript-eslint/no-unused-vars
  376:17110   warning  'u' is assigned a value but never used                                                                                                                                                                                                                                 @typescript-eslint/no-unused-vars
  376:24546   warning  'r' is never reassigned. Use 'const' instead                                                                                                                                                                                                                           prefer-const
  376:24562   warning  'i' is assigned a value but never used                                                                                                                                                                                                                                 @typescript-eslint/no-unused-vars
  376:24562   warning  'i' is never reassigned. Use 'const' instead                                                                                                                                                                                                                           prefer-const
  376:24953   warning  'r' is defined but never used                                                                                                                                                                                                                                          @typescript-eslint/no-unused-vars
  376:25375   warning  'e' is defined but never used                                                                                                                                                                                                                                          @typescript-eslint/no-unused-vars
  376:25383   warning  't' is defined but never used                                                                                                                                                                                                                                          @typescript-eslint/no-unused-vars
  376:25399   warning  'n' is defined but never used                                                                                                                                                                                                                                          @typescript-eslint/no-unused-vars
  376:25417   warning  'r' is defined but never used                                                                                                                                                                                                                                          @typescript-eslint/no-unused-vars
  376:25436   warning  'i' is defined but never used                                                                                                                                                                                                                                          @typescript-eslint/no-unused-vars
  376:25445   warning  's' is defined but never used                                                                                                                                                                                                                                          @typescript-eslint/no-unused-vars
  376:25458   warning  'a' is defined but never used                                                                                                                                                                                                                                          @typescript-eslint/no-unused-vars
  376:25472   warning  'o' is defined but never used                                                                                                                                                                                                                                          @typescript-eslint/no-unused-vars
  376:25479   warning  'c' is defined but never used                                                                                                                                                                                                                                          @typescript-eslint/no-unused-vars
  376:25489   warning  'l' is defined but never used                                                                                                                                                                                                                                          @typescript-eslint/no-unused-vars
  376:26440   error    Do not access Object.prototype method 'hasOwnProperty' from target object                                                                                                                                                                                              no-prototype-builtins
  376:26603   warning  'a' is never reassigned. Use 'const' instead                                                                                                                                                                                                                           prefer-const
  376:26608   warning  'o' is never reassigned. Use 'const' instead                                                                                                                                                                                                                           prefer-const
  376:29185   warning  'h' is assigned a value but never used                                                                                                                                                                                                                                 @typescript-eslint/no-unused-vars
  376:29967   error    Do not access Object.prototype method 'hasOwnProperty' from target object                                                                                                                                                                                              no-prototype-builtins
  376:46563   error    React Hook "A.useContext" is called in function "ixe" that is neither a React function component nor a custom React Hook function. React component names must start with an uppercase letter. React Hook names must start with the word "use"                          react-hooks/rules-of-hooks
  376:46635   error    React Hook "A.useContext" is called in function "ixe" that is neither a React function component nor a custom React Hook function. React component names must start with an uppercase letter. React Hook names must start with the word "use"                          react-hooks/rules-of-hooks
  376:66593   warning  'o' is never reassigned. Use 'const' instead                                                                                                                                                                                                                           prefer-const
  376:66611   warning  'l' is never reassigned. Use 'const' instead                                                                                                                                                                                                                           prefer-const
  376:66626   warning  'u' is never reassigned. Use 'const' instead                                                                                                                                                                                                                           prefer-const
  376:76374   error    React Hook "A.useEffect" is called in function "__t" that is neither a React function component nor a custom React Hook function. React component names must start with an uppercase letter. React Hook names must start with the word "use"                           react-hooks/rules-of-hooks
  376:90050   error    Empty block statement                                                                                                                                                                                                                                                  no-empty
  376:109336  error    Empty block statement                                                                                                                                                                                                                                                  no-empty
  376:109405  error    Empty block statement                                                                                                                                                                                                                                                  no-empty
  376:110289  error    Empty block statement                                                                                                                                                                                                                                                  no-empty
  376:110671  error    Empty block statement                                                                                                                                                                                                                                                  no-empty
  376:110776  error    Empty block statement                                                                                                                                                                                                                                                  no-empty
  376:110992  error    Empty block statement                                                                                                                                                                                                                                                  no-empty
  376:111424  error    React Hook "A.useEffect" is called in function "ql" that is neither a React function component nor a custom React Hook function. React component names must start with an uppercase letter. React Hook names must start with the word "use"                            react-hooks/rules-of-hooks
  376:111594  error    React Hook "A.useCallback" is called in function "ql" that is neither a React function component nor a custom React Hook function. React component names must start with an uppercase letter. React Hook names must start with the word "use"                          react-hooks/rules-of-hooks
  376:111626  error    React Hook "A.useCallback" is called in function "ql" that is neither a React function component nor a custom React Hook function. React component names must start with an uppercase letter. React Hook names must start with the word "use"                          react-hooks/rules-of-hooks
  376:111691  error    React Hook "A.useCallback" is called in function "ql" that is neither a React function component nor a custom React Hook function. React component names must start with an uppercase letter. React Hook names must start with the word "use"                          react-hooks/rules-of-hooks
  376:112218  error    React Hook "A.useState" is called in function "vxe" that is neither a React function component nor a custom React Hook function. React component names must start with an uppercase letter. React Hook names must start with the word "use"                            react-hooks/rules-of-hooks
  376:112239  error    React Hook "A.useState" is called in function "vxe" that is neither a React function component nor a custom React Hook function. React component names must start with an uppercase letter. React Hook names must start with the word "use"                            react-hooks/rules-of-hooks
  376:112260  error    React Hook "A.useState" is called in function "vxe" that is neither a React function component nor a custom React Hook function. React component names must start with an uppercase letter. React Hook names must start with the word "use"                            react-hooks/rules-of-hooks
  376:112283  error    React Hook "A.useState" is called in function "vxe" that is neither a React function component nor a custom React Hook function. React component names must start with an uppercase letter. React Hook names must start with the word "use"                            react-hooks/rules-of-hooks
  376:112423  error    React Hook "A.useCallback" is called in function "vxe" that is neither a React function component nor a custom React Hook function. React component names must start with an uppercase letter. React Hook names must start with the word "use"                         react-hooks/rules-of-hooks
  376:113022  error    React Hook "A.useCallback" is called in function "vxe" that is neither a React function component nor a custom React Hook function. React component names must start with an uppercase letter. React Hook names must start with the word "use"                         react-hooks/rules-of-hooks
  376:113632  error    React Hook "A.useCallback" is called in function "vxe" that is neither a React function component nor a custom React Hook function. React component names must start with an uppercase letter. React Hook names must start with the word "use"                         react-hooks/rules-of-hooks
  376:114488  error    React Hook "A.useEffect" is called in function "vxe" that is neither a React function component nor a custom React Hook function. React component names must start with an uppercase letter. React Hook names must start with the word "use"                           react-hooks/rules-of-hooks
  376:129079  error    React Hook "A.useState" is called in function "z_t" that is neither a React function component nor a custom React Hook function. React component names must start with an uppercase letter. React Hook names must start with the word "use"                            react-hooks/rules-of-hooks
  376:135891  error    React Hook "A.useState" is called in function "rN" that is neither a React function component nor a custom React Hook function. React component names must start with an uppercase letter. React Hook names must start with the word "use"                             react-hooks/rules-of-hooks
  377:4972    warning  't' is defined but never used                                                                                                                                                                                                                                          @typescript-eslint/no-unused-vars
  377:10429   warning  'i' is never reassigned. Use 'const' instead                                                                                                                                                                                                                           prefer-const
  379:489     warning  't' is defined but never used                                                                                                                                                                                                                                          @typescript-eslint/no-unused-vars
  379:1895    warning  't' is defined but never used                                                                                                                                                                                                                                          @typescript-eslint/no-unused-vars
  379:3238    warning  't' is defined but never used                                                                                                                                                                                                                                          @typescript-eslint/no-unused-vars
  379:5977    warning  't' is defined but never used                                                                                                                                                                                                                                          @typescript-eslint/no-unused-vars
  379:12832   warning  'e' is defined but never used                                                                                                                                                                                                                                          @typescript-eslint/no-unused-vars
  379:12854   warning  'n' is never reassigned. Use 'const' instead                                                                                                                                                                                                                           prefer-const
  379:19758   warning  'le' is defined but never used                                                                                                                                                                                                                                         @typescript-eslint/no-unused-vars
  379:19924   warning  'Ne' is never reassigned. Use 'const' instead                                                                                                                                                                                                                          prefer-const
  379:32644   error    React Hook "A.useContext" is called in function "fSt" that is neither a React function component nor a custom React Hook function. React component names must start with an uppercase letter. React Hook names must start with the word "use"                          react-hooks/rules-of-hooks
  379:34064   error    React Hook "A.useContext" is called in function "hSt" that is neither a React function component nor a custom React Hook function. React component names must start with an uppercase letter. React Hook names must start with the word "use"                          react-hooks/rules-of-hooks
  379:34124   error    React Hook "A.useContext" is called in function "mSt" that is neither a React function component nor a custom React Hook function. React component names must start with an uppercase letter. React Hook names must start with the word "use"                          react-hooks/rules-of-hooks
  379:34544   warning  't' is defined but never used                                                                                                                                                                                                                                          @typescript-eslint/no-unused-vars
  379:34679   error    React Hook "A.useContext" is called in function "wSt" that is neither a React function component nor a custom React Hook function. React component names must start with an uppercase letter. React Hook names must start with the word "use"                          react-hooks/rules-of-hooks
  379:39980   warning  'e' is defined but never used                                                                                                                                                                                                                                          @typescript-eslint/no-unused-vars
  380:2393    error    React Hook "A.useContext" is called conditionally. React Hooks must be called in the exact same order in every component render                                                                                                                                        react-hooks/rules-of-hooks
  380:3004    error    React Hook "A.useMemo" is called in function "oie" that is neither a React function component nor a custom React Hook function. React component names must start with an uppercase letter. React Hook names must start with the word "use"                             react-hooks/rules-of-hooks
  380:3040    error    React Hook "A.useCallback" is called in function "oie" that is neither a React function component nor a custom React Hook function. React component names must start with an uppercase letter. React Hook names must start with the word "use"                         react-hooks/rules-of-hooks
  380:3150    error    React Hook "A.useCallback" is called in function "oie" that is neither a React function component nor a custom React Hook function. React component names must start with an uppercase letter. React Hook names must start with the word "use"                         react-hooks/rules-of-hooks
  380:3512    error    React Hook "A.useMemo" is called in function "oie" that is neither a React function component nor a custom React Hook function. React component names must start with an uppercase letter. React Hook names must start with the word "use"                             react-hooks/rules-of-hooks
  380:3618    error    React Hook "A.useMemo" is called in function "oie" that is neither a React function component nor a custom React Hook function. React component names must start with an uppercase letter. React Hook names must start with the word "use"                             react-hooks/rules-of-hooks
  380:12235   warning  'e' is defined but never used                                                                                                                                                                                                                                          @typescript-eslint/no-unused-vars
  380:12380   error    React Hook "A.useState" is called in function "cAt" that is neither a React function component nor a custom React Hook function. React component names must start with an uppercase letter. React Hook names must start with the word "use"                            react-hooks/rules-of-hooks
  380:12401   error    React Hook "A.useState" is called in function "cAt" that is neither a React function component nor a custom React Hook function. React component names must start with an uppercase letter. React Hook names must start with the word "use"                            react-hooks/rules-of-hooks
  380:12420   error    React Hook "A.useMemo" is called in function "cAt" that is neither a React function component nor a custom React Hook function. React component names must start with an uppercase letter. React Hook names must start with the word "use"                             react-hooks/rules-of-hooks
  380:12451   error    React Hook "A.useState" is called in function "cAt" that is neither a React function component nor a custom React Hook function. React component names must start with an uppercase letter. React Hook names must start with the word "use"                            react-hooks/rules-of-hooks
  380:12467   error    React Hook "A.useMemo" is called in function "cAt" that is neither a React function component nor a custom React Hook function. React component names must start with an uppercase letter. React Hook names must start with the word "use"                             react-hooks/rules-of-hooks
  380:12596   error    React Hook "A.useEffect" is called in function "cAt" that is neither a React function component nor a custom React Hook function. React component names must start with an uppercase letter. React Hook names must start with the word "use"                           react-hooks/rules-of-hooks
  380:12782   error    React Hook "A.useEffect" is called in function "cAt" that is neither a React function component nor a custom React Hook function. React component names must start with an uppercase letter. React Hook names must start with the word "use"                           react-hooks/rules-of-hooks
  380:13660   error    Empty block statement                                                                                                                                                                                                                                                  no-empty
  380:19421   error    React Hook "A.useState" is called in function "dAt" that is neither a React function component nor a custom React Hook function. React component names must start with an uppercase letter. React Hook names must start with the word "use"                            react-hooks/rules-of-hooks
  380:19442   error    React Hook "A.useState" is called in function "dAt" that is neither a React function component nor a custom React Hook function. React component names must start with an uppercase letter. React Hook names must start with the word "use"                            react-hooks/rules-of-hooks
  380:19463   error    React Hook "A.useState" is called in function "dAt" that is neither a React function component nor a custom React Hook function. React component names must start with an uppercase letter. React Hook names must start with the word "use"                            react-hooks/rules-of-hooks
  380:19486   error    React Hook "A.useState" is called in function "dAt" that is neither a React function component nor a custom React Hook function. React component names must start with an uppercase letter. React Hook names must start with the word "use"                            react-hooks/rules-of-hooks
  380:19505   error    React Hook "A.useState" is called in function "dAt" that is neither a React function component nor a custom React Hook function. React component names must start with an uppercase letter. React Hook names must start with the word "use"                            react-hooks/rules-of-hooks
  380:19530   error    React Hook "A.useState" is called in function "dAt" that is neither a React function component nor a custom React Hook function. React component names must start with an uppercase letter. React Hook names must start with the word "use"                            react-hooks/rules-of-hooks
  380:19718   error    React Hook "A.useCallback" is called in function "dAt" that is neither a React function component nor a custom React Hook function. React component names must start with an uppercase letter. React Hook names must start with the word "use"                         react-hooks/rules-of-hooks
  380:20076   error    React Hook "A.useCallback" is called in function "dAt" that is neither a React function component nor a custom React Hook function. React component names must start with an uppercase letter. React Hook names must start with the word "use"                         react-hooks/rules-of-hooks
  380:20473   error    React Hook "A.useCallback" is called in function "dAt" that is neither a React function component nor a custom React Hook function. React component names must start with an uppercase letter. React Hook names must start with the word "use"                         react-hooks/rules-of-hooks
  380:20697   error    React Hook "A.useCallback" is called in function "dAt" that is neither a React function component nor a custom React Hook function. React component names must start with an uppercase letter. React Hook names must start with the word "use"                         react-hooks/rules-of-hooks
  380:21223   error    React Hook "A.useCallback" is called in function "dAt" that is neither a React function component nor a custom React Hook function. React component names must start with an uppercase letter. React Hook names must start with the word "use"                         react-hooks/rules-of-hooks
  380:22600   error    React Hook "A.useCallback" is called in function "dAt" that is neither a React function component nor a custom React Hook function. React component names must start with an uppercase letter. React Hook names must start with the word "use"                         react-hooks/rules-of-hooks
  380:22941   error    React Hook "A.useCallback" is called in function "dAt" that is neither a React function component nor a custom React Hook function. React component names must start with an uppercase letter. React Hook names must start with the word "use"                         react-hooks/rules-of-hooks
  380:24396   error    React Hook "A.useCallback" is called in function "dAt" that is neither a React function component nor a custom React Hook function. React component names must start with an uppercase letter. React Hook names must start with the word "use"                         react-hooks/rules-of-hooks
  380:25952   warning  'n' is assigned a value but never used                                                                                                                                                                                                                                 @typescript-eslint/no-unused-vars
  380:26099   error    React Hook "A.useState" is called in function "fAt" that is neither a React function component nor a custom React Hook function. React component names must start with an uppercase letter. React Hook names must start with the word "use"                            react-hooks/rules-of-hooks
  380:26120   error    React Hook "A.useState" is called in function "fAt" that is neither a React function component nor a custom React Hook function. React component names must start with an uppercase letter. React Hook names must start with the word "use"                            react-hooks/rules-of-hooks
  380:26203   error    React Hook "A.useMemo" is called in function "fAt" that is neither a React function component nor a custom React Hook function. React component names must start with an uppercase letter. React Hook names must start with the word "use"                             react-hooks/rules-of-hooks
  380:26279   error    React Hook "A.useMemo" is called in function "fAt" that is neither a React function component nor a custom React Hook function. React component names must start with an uppercase letter. React Hook names must start with the word "use"                             react-hooks/rules-of-hooks
  380:26394   error    React Hook "A.useState" is called in function "fAt" that is neither a React function component nor a custom React Hook function. React component names must start with an uppercase letter. React Hook names must start with the word "use"                            react-hooks/rules-of-hooks
  380:26410   error    React Hook "A.useMemo" is called in function "fAt" that is neither a React function component nor a custom React Hook function. React component names must start with an uppercase letter. React Hook names must start with the word "use"                             react-hooks/rules-of-hooks
  380:26554   error    React Hook "A.useEffect" is called in function "fAt" that is neither a React function component nor a custom React Hook function. React component names must start with an uppercase letter. React Hook names must start with the word "use"                           react-hooks/rules-of-hooks
  380:26816   error    React Hook "A.useEffect" is called in function "fAt" that is neither a React function component nor a custom React Hook function. React component names must start with an uppercase letter. React Hook names must start with the word "use"                           react-hooks/rules-of-hooks
  380:27855   error    Empty block statement                                                                                                                                                                                                                                                  no-empty
  380:31200   error    React Hook "A.useState" is called in function "hAt" that is neither a React function component nor a custom React Hook function. React component names must start with an uppercase letter. React Hook names must start with the word "use"                            react-hooks/rules-of-hooks
  380:31221   error    React Hook "A.useState" is called in function "hAt" that is neither a React function component nor a custom React Hook function. React component names must start with an uppercase letter. React Hook names must start with the word "use"                            react-hooks/rules-of-hooks
  380:36525   error    React Hook "A.useMemo" is called in function "mAt" that is neither a React function component nor a custom React Hook function. React component names must start with an uppercase letter. React Hook names must start with the word "use"                             react-hooks/rules-of-hooks
  380:46212   error    React Hook "A.useRef" is called in function "kAt" that is neither a React function component nor a custom React Hook function. React component names must start with an uppercase letter. React Hook names must start with the word "use"                              react-hooks/rules-of-hooks
  380:46279   error    React Hook "A.useCallback" is called in function "kAt" that is neither a React function component nor a custom React Hook function. React component names must start with an uppercase letter. React Hook names must start with the word "use"                         react-hooks/rules-of-hooks
  380:46351   error    React Hook "A.useCallback" is called in function "kAt" that is neither a React function component nor a custom React Hook function. React component names must start with an uppercase letter. React Hook names must start with the word "use"                         react-hooks/rules-of-hooks
  380:46714   error    React Hook "A.useCallback" is called in function "kAt" that is neither a React function component nor a custom React Hook function. React component names must start with an uppercase letter. React Hook names must start with the word "use"                         react-hooks/rules-of-hooks
  380:46883   warning  'f' is assigned a value but never used                                                                                                                                                                                                                                 @typescript-eslint/no-unused-vars
  380:48122   error    React Hook "A.useMemo" is called in function "kAt" that is neither a React function component nor a custom React Hook function. React component names must start with an uppercase letter. React Hook names must start with the word "use"                             react-hooks/rules-of-hooks
  380:50311   error    React Hook "A.useState" is called in function "die" that is neither a React function component nor a custom React Hook function. React component names must start with an uppercase letter. React Hook names must start with the word "use"                            react-hooks/rules-of-hooks
  380:50469   error    React Hook "A.useCallback" is called in function "die" that is neither a React function component nor a custom React Hook function. React component names must start with an uppercase letter. React Hook names must start with the word "use"                         react-hooks/rules-of-hooks
  383:700     warning  'l' is never reassigned. Use 'const' instead                                                                                                                                                                                                                           prefer-const
  383:6024    error    Do not access Object.prototype method 'hasOwnProperty' from target object                                                                                                                                                                                              no-prototype-builtins
  383:6230    error    Do not access Object.prototype method 'hasOwnProperty' from target object                                                                                                                                                                                              no-prototype-builtins
  383:6743    warning  'c' is never reassigned. Use 'const' instead                                                                                                                                                                                                                           prefer-const
  383:8852    warning  't' is never reassigned. Use 'const' instead                                                                                                                                                                                                                           prefer-const
  383:8854    warning  'n' is never reassigned. Use 'const' instead                                                                                                                                                                                                                           prefer-const
  383:8859    warning  'r' is never reassigned. Use 'const' instead                                                                                                                                                                                                                           prefer-const
  383:8896    warning  'i' is never reassigned. Use 'const' instead                                                                                                                                                                                                                           prefer-const
  383:10838   warning  't' is defined but never used                                                                                                                                                                                                                                          @typescript-eslint/no-unused-vars
  383:14656   error    Do not access Object.prototype method 'hasOwnProperty' from target object                                                                                                                                                                                              no-prototype-builtins
  383:14930   warning  'r' is defined but never used                                                                                                                                                                                                                                          @typescript-eslint/no-unused-vars
  383:20407   warning  'r' is assigned a value but never used                                                                                                                                                                                                                                 @typescript-eslint/no-unused-vars
  383:30160   warning  'o' is assigned a value but never used                                                                                                                                                                                                                                 @typescript-eslint/no-unused-vars
  383:39572   warning  'o' is defined but never used                                                                                                                                                                                                                                          @typescript-eslint/no-unused-vars
  383:39848   warning  'n' is defined but never used                                                                                                                                                                                                                                          @typescript-eslint/no-unused-vars
  383:42187   warning  'f' is never reassigned. Use 'const' instead                                                                                                                                                                                                                           prefer-const
  383:47926   error    React Hook "A.useState" is called in function "xCt" that is neither a React function component nor a custom React Hook function. React component names must start with an uppercase letter. React Hook names must start with the word "use"                            react-hooks/rules-of-hooks
  383:47967   error    React Hook "A.useState" is called in function "xCt" that is neither a React function component nor a custom React Hook function. React component names must start with an uppercase letter. React Hook names must start with the word "use"                            react-hooks/rules-of-hooks
  383:61951   error    React Hook "A.useState" is called in function "mie" that is neither a React function component nor a custom React Hook function. React component names must start with an uppercase letter. React Hook names must start with the word "use"                            react-hooks/rules-of-hooks
  383:63839   error    React Hook "A.useState" is called in function "$Ct" that is neither a React function component nor a custom React Hook function. React component names must start with an uppercase letter. React Hook names must start with the word "use"                            react-hooks/rules-of-hooks
  383:63862   error    React Hook "A.useState" is called in function "$Ct" that is neither a React function component nor a custom React Hook function. React component names must start with an uppercase letter. React Hook names must start with the word "use"                            react-hooks/rules-of-hooks
  383:63883   error    React Hook "A.useState" is called in function "$Ct" that is neither a React function component nor a custom React Hook function. React component names must start with an uppercase letter. React Hook names must start with the word "use"                            react-hooks/rules-of-hooks
  383:63906   error    React Hook "A.useState" is called in function "$Ct" that is neither a React function component nor a custom React Hook function. React component names must start with an uppercase letter. React Hook names must start with the word "use"                            react-hooks/rules-of-hooks
  383:64171   error    React Hook "A.useEffect" is called in function "$Ct" that is neither a React function component nor a custom React Hook function. React component names must start with an uppercase letter. React Hook names must start with the word "use"                           react-hooks/rules-of-hooks
  383:84020   error    React Hook "A.useState" is called in function "yie" that is neither a React function component nor a custom React Hook function. React component names must start with an uppercase letter. React Hook names must start with the word "use"                            react-hooks/rules-of-hooks
  383:88427   error    React Hook "A.useState" is called in function "d_e" that is neither a React function component nor a custom React Hook function. React component names must start with an uppercase letter. React Hook names must start with the word "use"                            react-hooks/rules-of-hooks
  383:88448   error    React Hook "A.useState" is called in function "d_e" that is neither a React function component nor a custom React Hook function. React component names must start with an uppercase letter. React Hook names must start with the word "use"                            react-hooks/rules-of-hooks
  383:88469   error    React Hook "A.useState" is called in function "d_e" that is neither a React function component nor a custom React Hook function. React component names must start with an uppercase letter. React Hook names must start with the word "use"                            react-hooks/rules-of-hooks
  383:88492   error    React Hook "A.useState" is called in function "d_e" that is neither a React function component nor a custom React Hook function. React component names must start with an uppercase letter. React Hook names must start with the word "use"                            react-hooks/rules-of-hooks
  383:88511   error    React Hook "A.useState" is called in function "d_e" that is neither a React function component nor a custom React Hook function. React component names must start with an uppercase letter. React Hook names must start with the word "use"                            react-hooks/rules-of-hooks
  383:88536   error    React Hook "A.useState" is called in function "d_e" that is neither a React function component nor a custom React Hook function. React component names must start with an uppercase letter. React Hook names must start with the word "use"                            react-hooks/rules-of-hooks
  383:88685   error    React Hook "A.useCallback" is called in function "d_e" that is neither a React function component nor a custom React Hook function. React component names must start with an uppercase letter. React Hook names must start with the word "use"                         react-hooks/rules-of-hooks
  383:89056   error    React Hook "A.useCallback" is called in function "d_e" that is neither a React function component nor a custom React Hook function. React component names must start with an uppercase letter. React Hook names must start with the word "use"                         react-hooks/rules-of-hooks
  383:89583   error    React Hook "A.useCallback" is called in function "d_e" that is neither a React function component nor a custom React Hook function. React component names must start with an uppercase letter. React Hook names must start with the word "use"                         react-hooks/rules-of-hooks
  383:92484   error    Empty block statement                                                                                                                                                                                                                                                  no-empty
  383:92527   error    Empty block statement                                                                                                                                                                                                                                                  no-empty
  383:92594   error    Empty block statement                                                                                                                                                                                                                                                  no-empty
  395:14114   error    React Hook "A.useState" is called in function "xie" that is neither a React function component nor a custom React Hook function. React component names must start with an uppercase letter. React Hook names must start with the word "use"                            react-hooks/rules-of-hooks
  395:14135   error    React Hook "A.useState" is called in function "xie" that is neither a React function component nor a custom React Hook function. React component names must start with an uppercase letter. React Hook names must start with the word "use"                            react-hooks/rules-of-hooks
  395:14156   error    React Hook "A.useState" is called in function "xie" that is neither a React function component nor a custom React Hook function. React component names must start with an uppercase letter. React Hook names must start with the word "use"                            react-hooks/rules-of-hooks
  395:17374   warning  'c' is assigned a value but never used                                                                                                                                                                                                                                 @typescript-eslint/no-unused-vars
  395:17385   error    React Hook "A.useMemo" is called in function "tTt" that is neither a React function component nor a custom React Hook function. React component names must start with an uppercase letter. React Hook names must start with the word "use"                             react-hooks/rules-of-hooks
  395:17489   error    React Hook "A.useState" is called in function "tTt" that is neither a React function component nor a custom React Hook function. React component names must start with an uppercase letter. React Hook names must start with the word "use"                            react-hooks/rules-of-hooks
  395:17512   error    React Hook "A.useState" is called in function "tTt" that is neither a React function component nor a custom React Hook function. React component names must start with an uppercase letter. React Hook names must start with the word "use"                            react-hooks/rules-of-hooks
  395:17533   error    React Hook "A.useState" is called in function "tTt" that is neither a React function component nor a custom React Hook function. React component names must start with an uppercase letter. React Hook names must start with the word "use"                            react-hooks/rules-of-hooks
  395:17556   error    React Hook "A.useState" is called in function "tTt" that is neither a React function component nor a custom React Hook function. React component names must start with an uppercase letter. React Hook names must start with the word "use"                            react-hooks/rules-of-hooks
  395:17575   error    React Hook "A.useState" is called in function "tTt" that is neither a React function component nor a custom React Hook function. React component names must start with an uppercase letter. React Hook names must start with the word "use"                            react-hooks/rules-of-hooks
  395:17597   error    React Hook "A.useState" is called in function "tTt" that is neither a React function component nor a custom React Hook function. React component names must start with an uppercase letter. React Hook names must start with the word "use"                            react-hooks/rules-of-hooks
  395:17618   error    React Hook "A.useState" is called in function "tTt" that is neither a React function component nor a custom React Hook function. React component names must start with an uppercase letter. React Hook names must start with the word "use"                            react-hooks/rules-of-hooks
  395:17639   error    React Hook "A.useState" is called in function "tTt" that is neither a React function component nor a custom React Hook function. React component names must start with an uppercase letter. React Hook names must start with the word "use"                            react-hooks/rules-of-hooks
  395:17915   error    React Hook "A.useEffect" is called in function "tTt" that is neither a React function component nor a custom React Hook function. React component names must start with an uppercase letter. React Hook names must start with the word "use"                           react-hooks/rules-of-hooks
  395:18986   warning  'fe' is defined but never used                                                                                                                                                                                                                                         @typescript-eslint/no-unused-vars
  395:19047   error    React Hook "A.useEffect" is called in function "tTt" that is neither a React function component nor a custom React Hook function. React component names must start with an uppercase letter. React Hook names must start with the word "use"                           react-hooks/rules-of-hooks
  395:20342   error    React Hook "A.useEffect" is called in function "tTt" that is neither a React function component nor a custom React Hook function. React component names must start with an uppercase letter. React Hook names must start with the word "use"                           react-hooks/rules-of-hooks
  395:25721   error    React Hook "A.useState" is called in function "_ie" that is neither a React function component nor a custom React Hook function. React component names must start with an uppercase letter. React Hook names must start with the word "use"                            react-hooks/rules-of-hooks
  395:28354   error    React Hook "A.useState" is called in function "nTt" that is neither a React function component nor a custom React Hook function. React component names must start with an uppercase letter. React Hook names must start with the word "use"                            react-hooks/rules-of-hooks
  395:28409   error    React Hook "A.useEffect" is called in function "nTt" that is neither a React function component nor a custom React Hook function. React component names must start with an uppercase letter. React Hook names must start with the word "use"                           react-hooks/rules-of-hooks
  395:37707   error    React Hook "A.useState" is called in function "cTt" that is neither a React function component nor a custom React Hook function. React component names must start with an uppercase letter. React Hook names must start with the word "use"                            react-hooks/rules-of-hooks
  395:37728   error    React Hook "A.useState" is called in function "cTt" that is neither a React function component nor a custom React Hook function. React component names must start with an uppercase letter. React Hook names must start with the word "use"                            react-hooks/rules-of-hooks
  395:37749   error    React Hook "A.useState" is called in function "cTt" that is neither a React function component nor a custom React Hook function. React component names must start with an uppercase letter. React Hook names must start with the word "use"                            react-hooks/rules-of-hooks
  395:37772   error    React Hook "A.useState" is called in function "cTt" that is neither a React function component nor a custom React Hook function. React component names must start with an uppercase letter. React Hook names must start with the word "use"                            react-hooks/rules-of-hooks
  395:37791   error    React Hook "A.useState" is called in function "cTt" that is neither a React function component nor a custom React Hook function. React component names must start with an uppercase letter. React Hook names must start with the word "use"                            react-hooks/rules-of-hooks
  395:37816   error    React Hook "A.useState" is called in function "cTt" that is neither a React function component nor a custom React Hook function. React component names must start with an uppercase letter. React Hook names must start with the word "use"                            react-hooks/rules-of-hooks
  395:37965   error    React Hook "A.useCallback" is called in function "cTt" that is neither a React function component nor a custom React Hook function. React component names must start with an uppercase letter. React Hook names must start with the word "use"                         react-hooks/rules-of-hooks
  395:38327   error    React Hook "A.useCallback" is called in function "cTt" that is neither a React function component nor a custom React Hook function. React component names must start with an uppercase letter. React Hook names must start with the word "use"                         react-hooks/rules-of-hooks
  395:38854   error    React Hook "A.useCallback" is called in function "cTt" that is neither a React function component nor a custom React Hook function. React component names must start with an uppercase letter. React Hook names must start with the word "use"                         react-hooks/rules-of-hooks
  395:44183   error    React Hook "A.useState" is called in function "lTt" that is neither a React function component nor a custom React Hook function. React component names must start with an uppercase letter. React Hook names must start with the word "use"                            react-hooks/rules-of-hooks
  395:44204   error    React Hook "A.useState" is called in function "lTt" that is neither a React function component nor a custom React Hook function. React component names must start with an uppercase letter. React Hook names must start with the word "use"                            react-hooks/rules-of-hooks
  395:44223   error    React Hook "A.useMemo" is called in function "lTt" that is neither a React function component nor a custom React Hook function. React component names must start with an uppercase letter. React Hook names must start with the word "use"                             react-hooks/rules-of-hooks
  395:44254   error    React Hook "A.useState" is called in function "lTt" that is neither a React function component nor a custom React Hook function. React component names must start with an uppercase letter. React Hook names must start with the word "use"                            react-hooks/rules-of-hooks
  395:44270   error    React Hook "A.useMemo" is called in function "lTt" that is neither a React function component nor a custom React Hook function. React component names must start with an uppercase letter. React Hook names must start with the word "use"                             react-hooks/rules-of-hooks
  395:44399   error    React Hook "A.useEffect" is called in function "lTt" that is neither a React function component nor a custom React Hook function. React component names must start with an uppercase letter. React Hook names must start with the word "use"                           react-hooks/rules-of-hooks
  395:44585   error    React Hook "A.useEffect" is called in function "lTt" that is neither a React function component nor a custom React Hook function. React component names must start with an uppercase letter. React Hook names must start with the word "use"                           react-hooks/rules-of-hooks
  395:45705   error    Empty block statement                                                                                                                                                                                                                                                  no-empty
  395:57064   error    'SB' is a function                                                                                                                                                                                                                                                     no-func-assign
  395:58104   error    'AB' is a function                                                                                                                                                                                                                                                     no-func-assign
  395:60478   warning  'o' is never reassigned. Use 'const' instead                                                                                                                                                                                                                           prefer-const
  395:60494   warning  'c' is never reassigned. Use 'const' instead                                                                                                                                                                                                                           prefer-const
  395:60510   warning  'l' is never reassigned. Use 'const' instead                                                                                                                                                                                                                           prefer-const
  395:60516   warning  'u' is never reassigned. Use 'const' instead                                                                                                                                                                                                                           prefer-const
  395:60522   warning  'f' is never reassigned. Use 'const' instead                                                                                                                                                                                                                           prefer-const
  395:61724   error    Expected a 'break' statement before 'default'                                                                                                                                                                                                                          no-fallthrough
  395:62122   error    Expected a conditional expression and instead saw an assignment                                                                                                                                                                                                        no-cond-assign
  395:62981   error    Expected a conditional expression and instead saw an assignment                                                                                                                                                                                                        no-cond-assign
  395:64565   error    Expected a 'break' statement before 'default'                                                                                                                                                                                                                          no-fallthrough
  395:66120   warning  'r' is never reassigned. Use 'const' instead                                                                                                                                                                                                                           prefer-const
  395:67001   error    Expected a 'break' statement before 'case'                                                                                                                                                                                                                             no-fallthrough
  395:67410   error    Expected a 'break' statement before 'default'                                                                                                                                                                                                                          no-fallthrough
  395:69115   error    Expected a 'break' statement before 'default'                                                                                                                                                                                                                          no-fallthrough
  395:72898   error    Expected a 'break' statement before 'default'                                                                                                                                                                                                                          no-fallthrough
  395:78320   error    'OB' is a function                                                                                                                                                                                                                                                     no-func-assign
  395:81025   warning  't' is defined but never used                                                                                                                                                                                                                                          @typescript-eslint/no-unused-vars
  395:89444   error    'Buffer' is not defined                                                                                                                                                                                                                                                no-undef
  395:101389  error    React Hook "A.useState" is called in function "uIt" that is neither a React function component nor a custom React Hook function. React component names must start with an uppercase letter. React Hook names must start with the word "use"                            react-hooks/rules-of-hooks
  395:101435  error    React Hook "A.useCallback" is called in function "uIt" that is neither a React function component nor a custom React Hook function. React component names must start with an uppercase letter. React Hook names must start with the word "use"                         react-hooks/rules-of-hooks
  395:104823  warning  't' is defined but never used                                                                                                                                                                                                                                          @typescript-eslint/no-unused-vars
  395:114882  warning  'r' is assigned a value but never used                                                                                                                                                                                                                                 @typescript-eslint/no-unused-vars
  395:114905  warning  'i' is assigned a value but never used                                                                                                                                                                                                                                 @typescript-eslint/no-unused-vars
  395:114929  warning  's' is assigned a value but never used                                                                                                                                                                                                                                 @typescript-eslint/no-unused-vars
  395:116731  warning  'n' is never reassigned. Use 'const' instead                                                                                                                                                                                                                           prefer-const
  395:116733  warning  'r' is never reassigned. Use 'const' instead                                                                                                                                                                                                                           prefer-const
  395:116735  warning  'i' is never reassigned. Use 'const' instead                                                                                                                                                                                                                           prefer-const
  395:120822  warning  't' is defined but never used                                                                                                                                                                                                                                          @typescript-eslint/no-unused-vars
  395:122284  warning  'n' is never reassigned. Use 'const' instead                                                                                                                                                                                                                           prefer-const
  395:122294  warning  'r' is never reassigned. Use 'const' instead                                                                                                                                                                                                                           prefer-const
  395:122315  warning  's' is never reassigned. Use 'const' instead                                                                                                                                                                                                                           prefer-const
  395:127387  warning  't' is defined but never used                                                                                                                                                                                                                                          @typescript-eslint/no-unused-vars
  395:127389  warning  'n' is defined but never used                                                                                                                                                                                                                                          @typescript-eslint/no-unused-vars
  395:135761  error    'FB' is a function                                                                                                                                                                                                                                                     no-func-assign
  395:137251  error    React Hook "A.useContext" is called in function "rW" that is neither a React function component nor a custom React Hook function. React component names must start with an uppercase letter. React Hook names must start with the word "use"                           react-hooks/rules-of-hooks
  398:1630    warning  't' is defined but never used                                                                                                                                                                                                                                          @typescript-eslint/no-unused-vars
  398:10633   warning  'Pzt' is assigned a value but never used                                                                                                                                                                                                                               @typescript-eslint/no-unused-vars
  398:10655   warning  'Nzt' is assigned a value but never used                                                                                                                                                                                                                               @typescript-eslint/no-unused-vars
  398:10779   error    'KB' is a function                                                                                                                                                                                                                                                     no-func-assign
  398:17958   error    'ZB' is a function                                                                                                                                                                                                                                                     no-func-assign
  398:20469   error    'XB' is a function                                                                                                                                                                                                                                                     no-func-assign
  398:28555   error    React Hook "A.useContext" is called in function "hPt" that is neither a React function component nor a custom React Hook function. React component names must start with an uppercase letter. React Hook names must start with the word "use"                          react-hooks/rules-of-hooks
  398:28580   error    React Hook "A.useMemo" is called in function "hPt" that is neither a React function component nor a custom React Hook function. React component names must start with an uppercase letter. React Hook names must start with the word "use"                             react-hooks/rules-of-hooks
  398:29080   error    React Hook "A.useState" is called in function "aW" that is neither a React function component nor a custom React Hook function. React component names must start with an uppercase letter. React Hook names must start with the word "use"                             react-hooks/rules-of-hooks
  398:29103   error    React Hook "A.useRef" is called in function "aW" that is neither a React function component nor a custom React Hook function. React component names must start with an uppercase letter. React Hook names must start with the word "use"                               react-hooks/rules-of-hooks
  398:29125   error    React Hook "A.useEffect" is called in function "aW" that is neither a React function component nor a custom React Hook function. React component names must start with an uppercase letter. React Hook names must start with the word "use"                            react-hooks/rules-of-hooks
  398:29157   error    React Hook "A.useEffect" is called in function "aW" that is neither a React function component nor a custom React Hook function. React component names must start with an uppercase letter. React Hook names must start with the word "use"                            react-hooks/rules-of-hooks
  398:29458   error    React Hook "A.useRef" is called in function "oW" that is neither a React function component nor a custom React Hook function. React component names must start with an uppercase letter. React Hook names must start with the word "use"                               react-hooks/rules-of-hooks
  398:29476   error    React Hook "A.useRef" is called in function "oW" that is neither a React function component nor a custom React Hook function. React component names must start with an uppercase letter. React Hook names must start with the word "use"                               react-hooks/rules-of-hooks
  398:30635   error    'Hk' is a function                                                                                                                                                                                                                                                     no-func-assign
  408:518     error    Empty block statement                                                                                                                                                                                                                                                  no-empty
  408:948     warning  'D' is assigned a value but never used                                                                                                                                                                                                                                 @typescript-eslint/no-unused-vars
  408:1579    warning  'J' is assigned a value but never used                                                                                                                                                                                                                                 @typescript-eslint/no-unused-vars
  408:4134    error    'JB' is a function                                                                                                                                                                                                                                                     no-func-assign
  425:2823    warning  't' is defined but never used                                                                                                                                                                                                                                          @typescript-eslint/no-unused-vars
  425:4742    warning  't' is defined but never used                                                                                                                                                                                                                                          @typescript-eslint/no-unused-vars
  425:4832    warning  't' is defined but never used                                                                                                                                                                                                                                          @typescript-eslint/no-unused-vars
  425:5553    warning  'n' is defined but never used                                                                                                                                                                                                                                          @typescript-eslint/no-unused-vars
  425:12094   error    Expected a conditional expression and instead saw an assignment                                                                                                                                                                                                        no-cond-assign
  425:12357   error    Expected a conditional expression and instead saw an assignment                                                                                                                                                                                                        no-cond-assign
  425:12398   error    Expected a conditional expression and instead saw an assignment                                                                                                                                                                                                        no-cond-assign
  425:12463   error    Expected a conditional expression and instead saw an assignment                                                                                                                                                                                                        no-cond-assign
  425:12503   error    Expected a conditional expression and instead saw an assignment                                                                                                                                                                                                        no-cond-assign
  425:12567   error    Expected a conditional expression and instead saw an assignment                                                                                                                                                                                                        no-cond-assign
  425:12613   error    Expected a conditional expression and instead saw an assignment                                                                                                                                                                                                        no-cond-assign
  425:12665   error    Do not access Object.prototype method 'hasOwnProperty' from target object                                                                                                                                                                                              no-prototype-builtins
  425:17733   error    Expected a conditional expression and instead saw an assignment                                                                                                                                                                                                        no-cond-assign
  425:18325   error    Expected a conditional expression and instead saw an assignment                                                                                                                                                                                                        no-cond-assign
  425:50795   error    Empty block statement                                                                                                                                                                                                                                                  no-empty
  425:50968   error    Empty block statement                                                                                                                                                                                                                                                  no-empty
  425:51220   error    Empty block statement                                                                                                                                                                                                                                                  no-empty
  425:63366   error    Expected a conditional expression and instead saw an assignment                                                                                                                                                                                                        no-cond-assign
  425:64027   error    Do not access Object.prototype method 'hasOwnProperty' from target object                                                                                                                                                                                              no-prototype-builtins
  425:64481   error    'RW' is already defined                                                                                                                                                                                                                                                no-redeclare
  425:89225   warning  'Rzt' is assigned a value but never used                                                                                                                                                                                                                               @typescript-eslint/no-unused-vars
  425:89273   warning  'Dzt' is assigned a value but never used                                                                                                                                                                                                                               @typescript-eslint/no-unused-vars
  425:104021  error    'fU' is a function                                                                                                                                                                                                                                                     no-func-assign
  425:106472  error    React Hook "A.useContext" is called in function "bDt" that is neither a React function component nor a custom React Hook function. React component names must start with an uppercase letter. React Hook names must start with the word "use"                          react-hooks/rules-of-hooks
  425:107558  warning  'Mzt' is assigned a value but never used                                                                                                                                                                                                                               @typescript-eslint/no-unused-vars
  425:110938  error    React Hook "A.useEffect" is called in function "jDt" that is neither a React function component nor a custom React Hook function. React component names must start with an uppercase letter. React Hook names must start with the word "use"                           react-hooks/rules-of-hooks
  425:119125  error    'pU' is a function                                                                                                                                                                                                                                                     no-func-assign
  425:124092  error    'Zd' is a function                                                                                                                                                                                                                                                     no-func-assign
  427:2999    warning  '_' is assigned a value but never used                                                                                                                                                                                                                                 @typescript-eslint/no-unused-vars
  427:4838    error    'oO' is a function                                                                                                                                                                                                                                                     no-func-assign
  427:5575    error    React Hook "A.useContext" is called in function "zMt" that is neither a React function component nor a custom React Hook function. React component names must start with an uppercase letter. React Hook names must start with the word "use"                          react-hooks/rules-of-hooks
  427:5709    warning  'i' is assigned a value but never used                                                                                                                                                                                                                                 @typescript-eslint/no-unused-vars
  427:6528    error    'gU' is a function                                                                                                                                                                                                                                                     no-func-assign
  427:7223    warning  'jzt' is assigned a value but never used                                                                                                                                                                                                                               @typescript-eslint/no-unused-vars
  427:7244    warning  '$zt' is assigned a value but never used                                                                                                                                                                                                                               @typescript-eslint/no-unused-vars
  427:7261    warning  'Lzt' is assigned a value but never used                                                                                                                                                                                                                               @typescript-eslint/no-unused-vars
  427:7281    warning  'Bzt' is assigned a value but never used                                                                                                                                                                                                                               @typescript-eslint/no-unused-vars
  427:9084    error    'cO' is a function                                                                                                                                                                                                                                                     no-func-assign
  427:9819    error    React Hook "A.useRef" is called in function "t8t" that is neither a React function component nor a custom React Hook function. React component names must start with an uppercase letter. React Hook names must start with the word "use"                              react-hooks/rules-of-hooks
  427:9840    error    React Hook "A.useState" is called in function "t8t" that is neither a React function component nor a custom React Hook function. React component names must start with an uppercase letter. React Hook names must start with the word "use"                            react-hooks/rules-of-hooks
  427:9857    error    React Hook "A.useRef" is called in function "t8t" that is neither a React function component nor a custom React Hook function. React component names must start with an uppercase letter. React Hook names must start with the word "use"                              react-hooks/rules-of-hooks
  427:9871    error    React Hook "A.useRef" is called in function "t8t" that is neither a React function component nor a custom React Hook function. React component names must start with an uppercase letter. React Hook names must start with the word "use"                              react-hooks/rules-of-hooks
  427:9885    error    React Hook "A.useRef" is called in function "t8t" that is neither a React function component nor a custom React Hook function. React component names must start with an uppercase letter. React Hook names must start with the word "use"                              react-hooks/rules-of-hooks
  427:9899    error    React Hook "A.useRef" is called in function "t8t" that is neither a React function component nor a custom React Hook function. React component names must start with an uppercase letter. React Hook names must start with the word "use"                              react-hooks/rules-of-hooks
  427:9913    error    React Hook "A.useRef" is called in function "t8t" that is neither a React function component nor a custom React Hook function. React component names must start with an uppercase letter. React Hook names must start with the word "use"                              react-hooks/rules-of-hooks
  427:9949    error    React Hook "A.useEffect" is called in function "t8t" that is neither a React function component nor a custom React Hook function. React component names must start with an uppercase letter. React Hook names must start with the word "use"                           react-hooks/rules-of-hooks
  427:10055   error    Empty block statement                                                                                                                                                                                                                                                  no-empty
  427:12367   warning  't' is defined but never used                                                                                                                                                                                                                                          @typescript-eslint/no-unused-vars
  427:13277   error    React Hook "A.useRef" is called in function "f8t" that is neither a React function component nor a custom React Hook function. React component names must start with an uppercase letter. React Hook names must start with the word "use"                              react-hooks/rules-of-hooks
  427:13299   error    React Hook "A.useLayoutEffect" is called in function "f8t" that is neither a React function component nor a custom React Hook function. React component names must start with an uppercase letter. React Hook names must start with the word "use"                     react-hooks/rules-of-hooks
  427:13423   error    React Hook "A.useLayoutEffect" is called in function "f8t" that is neither a React function component nor a custom React Hook function. React component names must start with an uppercase letter. React Hook names must start with the word "use"                     react-hooks/rules-of-hooks
  427:13562   error    React Hook "A.useRef" is called in function "h8t" that is neither a React function component nor a custom React Hook function. React component names must start with an uppercase letter. React Hook names must start with the word "use"                              react-hooks/rules-of-hooks
  427:13584   error    React Hook "A.useLayoutEffect" is called in function "h8t" that is neither a React function component nor a custom React Hook function. React component names must start with an uppercase letter. React Hook names must start with the word "use"                     react-hooks/rules-of-hooks
  427:13708   error    React Hook "A.useLayoutEffect" is called in function "h8t" that is neither a React function component nor a custom React Hook function. React component names must start with an uppercase letter. React Hook names must start with the word "use"                     react-hooks/rules-of-hooks
  427:13815   error    React Hook "A.useState" is called in function "p8t" that is neither a React function component nor a custom React Hook function. React component names must start with an uppercase letter. React Hook names must start with the word "use"                            react-hooks/rules-of-hooks
  427:14928   warning  'Uzt' is assigned a value but never used                                                                                                                                                                                                                               @typescript-eslint/no-unused-vars
  427:14957   warning  'Fzt' is assigned a value but never used                                                                                                                                                                                                                               @typescript-eslint/no-unused-vars
  427:16316   error    'uO' is a function                                                                                                                                                                                                                                                     no-func-assign
  427:17094   warning  'a' is assigned a value but never used                                                                                                                                                                                                                                 @typescript-eslint/no-unused-vars
  427:20185   warning  'zzt' is assigned a value but never used                                                                                                                                                                                                                               @typescript-eslint/no-unused-vars
  427:20202   warning  'Wzt' is assigned a value but never used                                                                                                                                                                                                                               @typescript-eslint/no-unused-vars
  427:20218   warning  'Vzt' is assigned a value but never used                                                                                                                                                                                                                               @typescript-eslint/no-unused-vars
  427:22789   warning  'qzt' is assigned a value but never used                                                                                                                                                                                                                               @typescript-eslint/no-unused-vars
  427:22809   warning  'Hzt' is assigned a value but never used                                                                                                                                                                                                                               @typescript-eslint/no-unused-vars
  427:22828   warning  'Gzt' is assigned a value but never used                                                                                                                                                                                                                               @typescript-eslint/no-unused-vars
  427:24491   warning  't' is defined but never used                                                                                                                                                                                                                                          @typescript-eslint/no-unused-vars
  427:27181   warning  'Kzt' is assigned a value but never used                                                                                                                                                                                                                               @typescript-eslint/no-unused-vars
  427:30389   warning  'Yzt' is assigned a value but never used                                                                                                                                                                                                                               @typescript-eslint/no-unused-vars
  427:30403   warning  'Zzt' is assigned a value but never used                                                                                                                                                                                                                               @typescript-eslint/no-unused-vars
  427:30415   warning  'Xzt' is assigned a value but never used                                                                                                                                                                                                                               @typescript-eslint/no-unused-vars
  427:30430   warning  'Qzt' is assigned a value but never used                                                                                                                                                                                                                               @typescript-eslint/no-unused-vars
  427:31898   error    'dO' is a function                                                                                                                                                                                                                                                     no-func-assign
  427:38665   error    'xy' is a function                                                                                                                                                                                                                                                     no-func-assign
  427:45995   error    'vg' is a function                                                                                                                                                                                                                                                     no-func-assign
  427:47041   warning  'h' is assigned a value but never used                                                                                                                                                                                                                                 @typescript-eslint/no-unused-vars
  427:47257   warning  's' is assigned a value but never used                                                                                                                                                                                                                                 @typescript-eslint/no-unused-vars
  427:47267   warning  'a' is assigned a value but never used                                                                                                                                                                                                                                 @typescript-eslint/no-unused-vars
  427:47646   warning  's' is assigned a value but never used                                                                                                                                                                                                                                 @typescript-eslint/no-unused-vars
  427:47656   warning  'a' is assigned a value but never used                                                                                                                                                                                                                                 @typescript-eslint/no-unused-vars
  427:52411   error    'TE' is a function                                                                                                                                                                                                                                                     no-func-assign
  427:54971   warning  'o' is assigned a value but never used                                                                                                                                                                                                                                 @typescript-eslint/no-unused-vars
  427:55209   error    React Hook "A.useMemo" is called in function "n4t" that is neither a React function component nor a custom React Hook function. React component names must start with an uppercase letter. React Hook names must start with the word "use"                             react-hooks/rules-of-hooks
  427:56430   error    React Hook "A.useRef" is called in function "i4t" that is neither a React function component nor a custom React Hook function. React component names must start with an uppercase letter. React Hook names must start with the word "use"                              react-hooks/rules-of-hooks
  427:56448   error    React Hook "A.useState" is called in function "i4t" that is neither a React function component nor a custom React Hook function. React component names must start with an uppercase letter. React Hook names must start with the word "use"                            react-hooks/rules-of-hooks
  427:56470   error    React Hook "A.useCallback" is called in function "i4t" that is neither a React function component nor a custom React Hook function. React component names must start with an uppercase letter. React Hook names must start with the word "use"                         react-hooks/rules-of-hooks
  427:56529   error    React Hook "A.useCallback" is called in function "i4t" that is neither a React function component nor a custom React Hook function. React component names must start with an uppercase letter. React Hook names must start with the word "use"                         react-hooks/rules-of-hooks
  427:56605   error    React Hook "A.useRef" is called in function "i4t" that is neither a React function component nor a custom React Hook function. React component names must start with an uppercase letter. React Hook names must start with the word "use"                              react-hooks/rules-of-hooks
  427:57606   error    React Hook "A.useRef" is called in function "s4t" that is neither a React function component nor a custom React Hook function. React component names must start with an uppercase letter. React Hook names must start with the word "use"                              react-hooks/rules-of-hooks
  427:57623   error    React Hook "A.useRef" is called in function "s4t" that is neither a React function component nor a custom React Hook function. React component names must start with an uppercase letter. React Hook names must start with the word "use"                              react-hooks/rules-of-hooks
  427:57637   error    React Hook "A.useRef" is called in function "s4t" that is neither a React function component nor a custom React Hook function. React component names must start with an uppercase letter. React Hook names must start with the word "use"                              react-hooks/rules-of-hooks
  427:61512   error    'yU' is a function                                                                                                                                                                                                                                                     no-func-assign
  427:62115   error    React Hook "A.useRef" is called in function "y4t" that is neither a React function component nor a custom React Hook function. React component names must start with an uppercase letter. React Hook names must start with the word "use"                              react-hooks/rules-of-hooks
  427:62137   error    React Hook "A.useLayoutEffect" is called in function "y4t" that is neither a React function component nor a custom React Hook function. React component names must start with an uppercase letter. React Hook names must start with the word "use"                     react-hooks/rules-of-hooks
  427:62254   error    React Hook "A.useLayoutEffect" is called in function "y4t" that is neither a React function component nor a custom React Hook function. React component names must start with an uppercase letter. React Hook names must start with the word "use"                     react-hooks/rules-of-hooks
  427:62572   warning  'f' is assigned a value but never used                                                                                                                                                                                                                                 @typescript-eslint/no-unused-vars
  427:62580   warning  'h' is assigned a value but never used                                                                                                                                                                                                                                 @typescript-eslint/no-unused-vars
  427:62602   warning  'g' is assigned a value but never used                                                                                                                                                                                                                                 @typescript-eslint/no-unused-vars
  427:63977   error    'bU' is a function                                                                                                                                                                                                                                                     no-func-assign
  427:65307   warning  'w' is assigned a value but never used                                                                                                                                                                                                                                 @typescript-eslint/no-unused-vars
  427:65315   warning  '_' is assigned a value but never used                                                                                                                                                                                                                                 @typescript-eslint/no-unused-vars
  427:65337   warning  'E' is assigned a value but never used                                                                                                                                                                                                                                 @typescript-eslint/no-unused-vars
  427:68522   warning  'Jzt' is assigned a value but never used                                                                                                                                                                                                                               @typescript-eslint/no-unused-vars
  427:70150   warning  'n' is defined but never used                                                                                                                                                                                                                                          @typescript-eslint/no-unused-vars
  427:71453   error    Unexpected constant truthiness on the left-hand side of a `&&` expression                                                                                                                                                                                              no-constant-binary-expression
  427:71454   error    Unexpected constant binary expression. Compares constantly with the right-hand side of the `!==`                                                                                                                                                                       no-constant-binary-expression
  427:71757   warning  'r' is assigned a value but never used                                                                                                                                                                                                                                 @typescript-eslint/no-unused-vars
  427:71771   error    React Hook "A.useRef" is called in function "j4t" that is neither a React function component nor a custom React Hook function. React component names must start with an uppercase letter. React Hook names must start with the word "use"                              react-hooks/rules-of-hooks
  427:71965   error    React Hook "A.useEffect" is called in function "$4t" that is neither a React function component nor a custom React Hook function. React component names must start with an uppercase letter. React Hook names must start with the word "use"                           react-hooks/rules-of-hooks
  427:72261   error    React Hook "A.useLayoutEffect" is called in function "xce" that is neither a React function component nor a custom React Hook function. React component names must start with an uppercase letter. React Hook names must start with the word "use"                     react-hooks/rules-of-hooks
  427:73128   error    'pO' is a function                                                                                                                                                                                                                                                     no-func-assign
  427:75344   error    '_y' is a function                                                                                                                                                                                                                                                     no-func-assign
  427:80460   error    'wU' is a function                                                                                                                                                                                                                                                     no-func-assign
  427:82359   error    React Hook "A.useMemo" is called in function "pLt" that is neither a React function component nor a custom React Hook function. React component names must start with an uppercase letter. React Hook names must start with the word "use"                             react-hooks/rules-of-hooks
  427:82963   error    React Hook "A.useMemo" is called in function "pLt" that is neither a React function component nor a custom React Hook function. React component names must start with an uppercase letter. React Hook names must start with the word "use"                             react-hooks/rules-of-hooks
  427:83474   error    React Hook "A.useMemo" is called in function "pLt" that is neither a React function component nor a custom React Hook function. React component names must start with an uppercase letter. React Hook names must start with the word "use"                             react-hooks/rules-of-hooks
  427:93026   error    React Hook "A.useState" is called in function "bLt" that is neither a React function component nor a custom React Hook function. React component names must start with an uppercase letter. React Hook names must start with the word "use"                            react-hooks/rules-of-hooks
  427:93047   error    React Hook "A.useState" is called in function "bLt" that is neither a React function component nor a custom React Hook function. React component names must start with an uppercase letter. React Hook names must start with the word "use"                            react-hooks/rules-of-hooks
  427:93068   error    React Hook "A.useState" is called in function "bLt" that is neither a React function component nor a custom React Hook function. React component names must start with an uppercase letter. React Hook names must start with the word "use"                            react-hooks/rules-of-hooks
  427:93232   error    React Hook "A.useMemo" is called in function "bLt" that is neither a React function component nor a custom React Hook function. React component names must start with an uppercase letter. React Hook names must start with the word "use"                             react-hooks/rules-of-hooks
  427:114017  error    Empty block statement                                                                                                                                                                                                                                                  no-empty
  427:120294  error    Do not access Object.prototype method 'hasOwnProperty' from target object                                                                                                                                                                                              no-prototype-builtins
  427:120668  error    Do not access Object.prototype method 'hasOwnProperty' from target object                                                                                                                                                                                              no-prototype-builtins
  427:122842  error    Do not access Object.prototype method 'hasOwnProperty' from target object                                                                                                                                                                                              no-prototype-builtins
  427:123414  error    Do not access Object.prototype method 'hasOwnProperty' from target object                                                                                                                                                                                              no-prototype-builtins
  427:126284  warning  'i' is assigned a value but never used                                                                                                                                                                                                                                 @typescript-eslint/no-unused-vars
  427:133702  error    Do not access Object.prototype method 'hasOwnProperty' from target object                                                                                                                                                                                              no-prototype-builtins
  427:136451  warning  'We' is assigned a value but never used                                                                                                                                                                                                                                @typescript-eslint/no-unused-vars
  427:136462  warning  'ht' is assigned a value but never used                                                                                                                                                                                                                                @typescript-eslint/no-unused-vars
  427:136470  warning  'X' is assigned a value but never used                                                                                                                                                                                                                                 @typescript-eslint/no-unused-vars
  427:142782  warning  'a' is assigned a value but never used                                                                                                                                                                                                                                 @typescript-eslint/no-unused-vars
  427:145598  warning  'e' is defined but never used                                                                                                                                                                                                                                          @typescript-eslint/no-unused-vars
  427:145733  warning  'e' is defined but never used                                                                                                                                                                                                                                          @typescript-eslint/no-unused-vars
  427:149190  error    React Hook "A.useState" is called in function "uBt" that is neither a React function component nor a custom React Hook function. React component names must start with an uppercase letter. React Hook names must start with the word "use"                            react-hooks/rules-of-hooks
  427:149270  error    React Hook "A.useCallback" is called in function "uBt" that is neither a React function component nor a custom React Hook function. React component names must start with an uppercase letter. React Hook names must start with the word "use"                         react-hooks/rules-of-hooks
  427:149726  error    React Hook "A.useCallback" is called in function "uBt" that is neither a React function component nor a custom React Hook function. React component names must start with an uppercase letter. React Hook names must start with the word "use"                         react-hooks/rules-of-hooks
  427:149755  error    React Hook "A.useCallback" is called in function "uBt" that is neither a React function component nor a custom React Hook function. React component names must start with an uppercase letter. React Hook names must start with the word "use"                         react-hooks/rules-of-hooks
  427:150877  error    React Hook "A.useState" is called in function "dBt" that is neither a React function component nor a custom React Hook function. React component names must start with an uppercase letter. React Hook names must start with the word "use"                            react-hooks/rules-of-hooks
  427:150948  error    React Hook "A.useCallback" is called in function "dBt" that is neither a React function component nor a custom React Hook function. React component names must start with an uppercase letter. React Hook names must start with the word "use"                         react-hooks/rules-of-hooks
  427:151321  error    React Hook "A.useCallback" is called in function "dBt" that is neither a React function component nor a custom React Hook function. React component names must start with an uppercase letter. React Hook names must start with the word "use"                         react-hooks/rules-of-hooks
  427:151728  error    React Hook "A.useCallback" is called in function "fBt" that is neither a React function component nor a custom React Hook function. React component names must start with an uppercase letter. React Hook names must start with the word "use"                         react-hooks/rules-of-hooks
  427:151881  error    React Hook "A.useCallback" is called in function "fBt" that is neither a React function component nor a custom React Hook function. React component names must start with an uppercase letter. React Hook names must start with the word "use"                         react-hooks/rules-of-hooks
  427:151998  error    React Hook "A.useCallback" is called in function "fBt" that is neither a React function component nor a custom React Hook function. React component names must start with an uppercase letter. React Hook names must start with the word "use"                         react-hooks/rules-of-hooks
  427:152818  error    React Hook "A.useMemo" is called in function "pBt" that is neither a React function component nor a custom React Hook function. React component names must start with an uppercase letter. React Hook names must start with the word "use"                             react-hooks/rules-of-hooks
  427:152928  error    React Hook "A.useEffect" is called in function "pBt" that is neither a React function component nor a custom React Hook function. React component names must start with an uppercase letter. React Hook names must start with the word "use"                           react-hooks/rules-of-hooks
  427:164816  warning  'o' is defined but never used                                                                                                                                                                                                                                          @typescript-eslint/no-unused-vars
  427:165006  warning  's' is defined but never used                                                                                                                                                                                                                                          @typescript-eslint/no-unused-vars
  427:168665  warning  'S' is defined but never used                                                                                                                                                                                                                                          @typescript-eslint/no-unused-vars
  427:169271  warning  'S' is defined but never used                                                                                                                                                                                                                                          @typescript-eslint/no-unused-vars
  427:173235  error    React Hook "A.useCallback" is called in function "jBt" that is neither a React function component nor a custom React Hook function. React component names must start with an uppercase letter. React Hook names must start with the word "use"                         react-hooks/rules-of-hooks
  427:173393  error    React Hook "A.useCallback" is called in function "jBt" that is neither a React function component nor a custom React Hook function. React component names must start with an uppercase letter. React Hook names must start with the word "use"                         react-hooks/rules-of-hooks
  427:173543  error    React Hook "A.useCallback" is called in function "jBt" that is neither a React function component nor a custom React Hook function. React component names must start with an uppercase letter. React Hook names must start with the word "use"                         react-hooks/rules-of-hooks
  427:173688  error    React Hook "A.useCallback" is called in function "jBt" that is neither a React function component nor a custom React Hook function. React component names must start with an uppercase letter. React Hook names must start with the word "use"                         react-hooks/rules-of-hooks
  427:174016  error    React Hook "A.useEffect" is called in function "jBt" that is neither a React function component nor a custom React Hook function. React component names must start with an uppercase letter. React Hook names must start with the word "use"                           react-hooks/rules-of-hooks
  427:174215  error    React Hook "A.useEffect" is called in function "jBt" that is neither a React function component nor a custom React Hook function. React component names must start with an uppercase letter. React Hook names must start with the word "use"                           react-hooks/rules-of-hooks

/Users/renakaagusta/Documents/scalex/frontend/apps/web/dist/assets/parseSignature-CiOZKf9Z.js
  1:613  warning  'n' is assigned a value but never used  @typescript-eslint/no-unused-vars
  1:728  warning  'n' is assigned a value but never used  @typescript-eslint/no-unused-vars
  1:942  warning  'n' is assigned a value but never used  @typescript-eslint/no-unused-vars

/Users/renakaagusta/Documents/scalex/frontend/apps/web/dist/assets/property-CnFDNXw5.js
  1:1576  warning  't' is defined but never used                                              @typescript-eslint/no-unused-vars
  1:2877  error    Do not access Object.prototype method 'hasOwnProperty' from target object  no-prototype-builtins
  1:3063  error    Do not access Object.prototype method 'hasOwnProperty' from target object  no-prototype-builtins
  1:3139  error    Do not access Object.prototype method 'hasOwnProperty' from target object  no-prototype-builtins
  1:3314  error    'litPropertyMetadata' is not defined                                       no-undef
  1:4438  error    Do not access Object.prototype method 'hasOwnProperty' from target object  no-prototype-builtins
  1:4898  warning  't' is defined but never used                                              @typescript-eslint/no-unused-vars
  1:6849  warning  't' is defined but never used                                              @typescript-eslint/no-unused-vars
  1:7184  warning  't' is defined but never used                                              @typescript-eslint/no-unused-vars
  1:7203  warning  't' is defined but never used                                              @typescript-eslint/no-unused-vars
  1:7292  warning  't' is defined but never used                                              @typescript-eslint/no-unused-vars
  1:7309  warning  't' is defined but never used                                              @typescript-eslint/no-unused-vars
  3:297   error    Do not access Object.prototype method 'hasOwnProperty' from target object  no-prototype-builtins
  3:2102  warning  'e' is defined but never used                                              @typescript-eslint/no-unused-vars
  3:8281  error    'e' is already defined                                                     no-redeclare
  3:8995  error    Do not access Object.prototype method 'hasOwnProperty' from target object  no-prototype-builtins

/Users/renakaagusta/Documents/scalex/frontend/apps/web/dist/assets/secp256k1-CPaqnlw4.js
  1:911    warning  'r' is defined but never used                 @typescript-eslint/no-unused-vars
  1:18050  warning  'V' is never reassigned. Use 'const' instead  prefer-const

/Users/renakaagusta/Documents/scalex/frontend/apps/web/dist/assets/useSolanaRpcClient-Be5Dd6m5-BOj1QRV4.js
  1:17668  warning  'a' is assigned a value but never used          @typescript-eslint/no-unused-vars
  1:23210  warning  'r' is defined but never used                   @typescript-eslint/no-unused-vars
  1:23428  warning  'n' is defined but never used                   @typescript-eslint/no-unused-vars
  1:24236  warning  'o' is assigned a value but never used          @typescript-eslint/no-unused-vars
  1:25825  error    'Buffer' is not defined                         no-undef
  1:26163  error    Promise executor functions should not be async  no-async-promise-executor
  1:26461  error    Promise executor functions should not be async  no-async-promise-executor

/Users/renakaagusta/Documents/scalex/frontend/apps/web/dist/assets/w3m-modal-U7to3SqH.js
  1:7164  error  Unexpected lexical declaration in case block  no-case-declarations

/Users/renakaagusta/Documents/scalex/frontend/apps/web/src/components/AutoWebSocketSubscriptions.tsx
  23:44  warning  Unexpected any. Specify a different type  @typescript-eslint/no-explicit-any
  33:44  warning  Unexpected any. Specify a different type  @typescript-eslint/no-explicit-any
  43:45  warning  Unexpected any. Specify a different type  @typescript-eslint/no-explicit-any
  53:44  warning  Unexpected any. Specify a different type  @typescript-eslint/no-explicit-any

/Users/renakaagusta/Documents/scalex/frontend/apps/web/src/components/ClientAppLoggerWrapper.tsx
  15:3  warning  'showLogsButton' is assigned a value but never used  @typescript-eslint/no-unused-vars
  16:3  warning  'buttonPosition' is assigned a value but never used  @typescript-eslint/no-unused-vars

/Users/renakaagusta/Documents/scalex/frontend/apps/web/src/components/LogDashboard.tsx
  260:50  warning  Unexpected any. Specify a different type  @typescript-eslint/no-explicit-any
  260:70  warning  Unexpected any. Specify a different type  @typescript-eslint/no-explicit-any
  274:45  warning  Unexpected any. Specify a different type  @typescript-eslint/no-explicit-any
  274:64  warning  Unexpected any. Specify a different type  @typescript-eslint/no-explicit-any

/Users/renakaagusta/Documents/scalex/frontend/apps/web/src/components/WalletMonitorDashboard.tsx
  139:43  warning  'decimals' is assigned a value but never used  @typescript-eslint/no-unused-vars

/Users/renakaagusta/Documents/scalex/frontend/apps/web/src/components/appHeader.tsx
  1:10  warning  'ChartCandlestick' is defined but never used  @typescript-eslint/no-unused-vars
  1:28  warning  'Droplet' is defined but never used           @typescript-eslint/no-unused-vars
  1:37  warning  'Euro' is defined but never used              @typescript-eslint/no-unused-vars
  1:43  warning  'Home' is defined but never used              @typescript-eslint/no-unused-vars

/Users/renakaagusta/Documents/scalex/frontend/apps/web/src/components/modals/modalComponents.tsx
   4:44  warning  Unexpected any. Specify a different type  @typescript-eslint/no-explicit-any
  14:57  warning  Unexpected any. Specify a different type  @typescript-eslint/no-explicit-any

/Users/renakaagusta/Documents/scalex/frontend/apps/web/src/components/modals/modalWrapper.tsx
  15:9  warning  Unexpected any. Specify a different type  @typescript-eslint/no-explicit-any

/Users/renakaagusta/Documents/scalex/frontend/apps/web/src/components/ui/animations/particle-text-effect.tsx
  226:9  warning  The 'getPixelCoordinates' function makes the dependencies of useCallback Hook (at line 322) change on every render. Move it inside the useCallback callback. Alternatively, wrap the definition of 'getPixelCoordinates' in its own useCallback() Hook                            react-hooks/exhaustive-deps
  246:9  warning  The 'createOrReuseParticle' function makes the dependencies of useCallback Hook (at line 322) change on every render. Move it inside the useCallback callback. Alternatively, wrap the definition of 'createOrReuseParticle' in its own useCallback() Hook                        react-hooks/exhaustive-deps
  275:9  warning  The 'updateParticleTarget' function makes the dependencies of useCallback Hook (at line 322) change on every render. Move it inside the useCallback callback. Alternatively, wrap the definition of 'updateParticleTarget' in its own useCallback() Hook                          react-hooks/exhaustive-deps
  282:9  warning  The 'getRandomColor' function makes the dependencies of useCallback Hook (at line 322) change on every render. Move it inside the useCallback callback. Alternatively, wrap the definition of 'getRandomColor' in its own useCallback() Hook                                      react-hooks/exhaustive-deps
  286:9  warning  The 'updateAllParticlesToCurrentColor' function makes the dependencies of useCallback Hook (at line 322) change on every render. Move it inside the useCallback callback. Alternatively, wrap the definition of 'updateAllParticlesToCurrentColor' in its own useCallback() Hook  react-hooks/exhaustive-deps
  324:9  warning  The 'clearCanvas' function makes the dependencies of useCallback Hook (at line 390) change on every render. Move it inside the useCallback callback. Alternatively, wrap the definition of 'clearCanvas' in its own useCallback() Hook                                            react-hooks/exhaustive-deps
  329:9  warning  The 'updateParticles' function makes the dependencies of useCallback Hook (at line 390) change on every render. Move it inside the useCallback callback. Alternatively, wrap the definition of 'updateParticles' in its own useCallback() Hook                                    react-hooks/exhaustive-deps
  345:9  warning  The 'handleMouseInteraction' function makes the dependencies of useCallback Hook (at line 390) change on every render. Move it inside the useCallback callback. Alternatively, wrap the definition of 'handleMouseInteraction' in its own useCallback() Hook                      react-hooks/exhaustive-deps
  360:9  warning  The 'shouldAdvanceWord' function makes the dependencies of useCallback Hook (at line 390) change on every render. Move it inside the useCallback callback. Alternatively, wrap the definition of 'shouldAdvanceWord' in its own useCallback() Hook                                react-hooks/exhaustive-deps
  365:9  warning  The 'advanceToNextWord' function makes the dependencies of useCallback Hook (at line 390) change on every render. Move it inside the useCallback callback. Alternatively, wrap the definition of 'advanceToNextWord' in its own useCallback() Hook                                react-hooks/exhaustive-deps

/Users/renakaagusta/Documents/scalex/frontend/apps/web/src/configs/chain.ts
  18:11  warning  'chainName' is assigned a value but never used  @typescript-eslint/no-unused-vars

/Users/renakaagusta/Documents/scalex/frontend/apps/web/src/configs/logging.ts
  11:73  warning  Unexpected any. Specify a different type  @typescript-eslint/no-explicit-any

/Users/renakaagusta/Documents/scalex/frontend/apps/web/src/configs/wagmi.ts
  23:3  error  Unreachable code  no-unreachable

/Users/renakaagusta/Documents/scalex/frontend/apps/web/src/core/utils/common.ts
   35:44  warning  Unexpected any. Specify a different type  @typescript-eslint/no-explicit-any
   49:68  warning  Unexpected any. Specify a different type  @typescript-eslint/no-explicit-any
   98:48  warning  Unexpected any. Specify a different type  @typescript-eslint/no-explicit-any
   98:68  warning  Unexpected any. Specify a different type  @typescript-eslint/no-explicit-any
  100:38  warning  Unexpected any. Specify a different type  @typescript-eslint/no-explicit-any
  250:46  warning  Unexpected any. Specify a different type  @typescript-eslint/no-explicit-any
  250:56  warning  Unexpected any. Specify a different type  @typescript-eslint/no-explicit-any
  262:46  warning  Unexpected any. Specify a different type  @typescript-eslint/no-explicit-any
  262:56  warning  Unexpected any. Specify a different type  @typescript-eslint/no-explicit-any

/Users/renakaagusta/Documents/scalex/frontend/apps/web/src/core/utils/format.ts
  81:3  warning  'currency' is assigned a value but never used  @typescript-eslint/no-unused-vars

/Users/renakaagusta/Documents/scalex/frontend/apps/web/src/core/utils/validation.ts
  127:10  warning  Unexpected any. Specify a different type  @typescript-eslint/no-explicit-any

/Users/renakaagusta/Documents/scalex/frontend/apps/web/src/core/utils/web3.ts
    6:10  warning  'Chain' is defined but never used         @typescript-eslint/no-unused-vars
    7:23  warning  'parseUnits' is defined but never used    @typescript-eslint/no-unused-vars
  101:19  warning  Unexpected any. Specify a different type  @typescript-eslint/no-explicit-any
  113:43  warning  Unexpected any. Specify a different type  @typescript-eslint/no-explicit-any
  127:13  warning  Unexpected any. Specify a different type  @typescript-eslint/no-explicit-any

/Users/renakaagusta/Documents/scalex/frontend/apps/web/src/features/faucet/utils/faucet.helper.ts
  1:64  warning  'formatCooldownCore' is defined but never used  @typescript-eslint/no-unused-vars

/Users/renakaagusta/Documents/scalex/frontend/apps/web/src/features/home/components/balances/balanceCard.tsx
  18:15  warning  Unexpected any. Specify a different type  @typescript-eslint/no-explicit-any

/Users/renakaagusta/Documents/scalex/frontend/apps/web/src/features/home/components/modals/depositModal.tsx
  9:17  warning  '_args' is defined but never used         @typescript-eslint/no-unused-vars
  9:24  warning  Unexpected any. Specify a different type  @typescript-eslint/no-explicit-any

/Users/renakaagusta/Documents/scalex/frontend/apps/web/src/features/home/components/modals/withdrawModal.tsx
   11:31  warning  'Token' is defined but never used                  @typescript-eslint/no-unused-vars
   18:3   warning  'currencies' is assigned a value but never used    @typescript-eslint/no-unused-vars
   97:5   warning  'isConfirming' is assigned a value but never used  @typescript-eslint/no-unused-vars
   98:5   warning  'isConfirmed' is assigned a value but never used   @typescript-eslint/no-unused-vars
  100:5   warning  'hash' is assigned a value but never used          @typescript-eslint/no-unused-vars
  149:53  warning  Unexpected any. Specify a different type           @typescript-eslint/no-explicit-any
  164:14  warning  'err' is defined but never used                    @typescript-eslint/no-unused-vars
  164:19  warning  Unexpected any. Specify a different type           @typescript-eslint/no-explicit-any
  218:27  warning  Unexpected any. Specify a different type           @typescript-eslint/no-explicit-any

/Users/renakaagusta/Documents/scalex/frontend/apps/web/src/features/home/components/sheetContent/deposit.tsx
  143:19  warning  Unexpected any. Specify a different type  @typescript-eslint/no-explicit-any
  216:25  warning  Unexpected any. Specify a different type  @typescript-eslint/no-explicit-any

/Users/renakaagusta/Documents/scalex/frontend/apps/web/src/features/home/components/sheetContent/withdraw.tsx
   75:19  warning  Unexpected any. Specify a different type  @typescript-eslint/no-explicit-any
  136:23  warning  Unexpected any. Specify a different type  @typescript-eslint/no-explicit-any

/Users/renakaagusta/Documents/scalex/frontend/apps/web/src/features/home/hooks/useDeposit.ts
    3:53  warning  'formatTokenAmount' is defined but never used  @typescript-eslint/no-unused-vars
    6:22  warning  'useReadContract' is defined but never used    @typescript-eslint/no-unused-vars
  332:31  warning  Unexpected any. Specify a different type       @typescript-eslint/no-explicit-any
  452:35  warning  Unexpected any. Specify a different type       @typescript-eslint/no-explicit-any
  513:31  warning  Unexpected any. Specify a different type       @typescript-eslint/no-explicit-any
  585:31  warning  Unexpected any. Specify a different type       @typescript-eslint/no-explicit-any

/Users/renakaagusta/Documents/scalex/frontend/apps/web/src/features/home/hooks/useWithdraw.ts
   38:21   warning  Unexpected any. Specify a different type                                                                                                                                                                                                    @typescript-eslint/no-explicit-any
   56:42   warning  Unexpected any. Specify a different type                                                                                                                                                                                                    @typescript-eslint/no-explicit-any
  120:14   warning  'error' is defined but never used                                                                                                                                                                                                           @typescript-eslint/no-unused-vars
  142:85   warning  Unexpected any. Specify a different type                                                                                                                                                                                                    @typescript-eslint/no-explicit-any
  147:120  warning  Unexpected any. Specify a different type                                                                                                                                                                                                    @typescript-eslint/no-explicit-any
  173:17   warning  Unexpected any. Specify a different type                                                                                                                                                                                                    @typescript-eslint/no-explicit-any
  227:6    warning  React Hook useCallback has an unnecessary dependency: 'parseUnits'. Either exclude it or remove the dependency array. Outer scope values like 'parseUnits' aren't valid dependencies because mutating them doesn't re-render the component  react-hooks/exhaustive-deps
  230:98   warning  Unexpected any. Specify a different type                                                                                                                                                                                                    @typescript-eslint/no-explicit-any
  233:15   warning  Unexpected any. Specify a different type                                                                                                                                                                                                    @typescript-eslint/no-explicit-any
  249:63   warning  Unexpected any. Specify a different type                                                                                                                                                                                                    @typescript-eslint/no-explicit-any
  282:33   warning  Unexpected any. Specify a different type                                                                                                                                                                                                    @typescript-eslint/no-explicit-any
  456:6    warning  React Hook useCallback has a missing dependency: 'checkBalance'. Either include it or remove the dependency array. Outer scope values like 'parseUnits' aren't valid dependencies because mutating them doesn't re-render the component     react-hooks/exhaustive-deps

/Users/renakaagusta/Documents/scalex/frontend/apps/web/src/features/lending/components/repayModal.tsx
   75:5   warning  'isApproving' is assigned a value but never used   @typescript-eslint/no-unused-vars
   76:5   warning  'isConfirming' is assigned a value but never used  @typescript-eslint/no-unused-vars
   78:5   warning  'hash' is assigned a value but never used          @typescript-eslint/no-unused-vars
  153:19  warning  Unexpected any. Specify a different type           @typescript-eslint/no-explicit-any
  220:27  warning  Unexpected any. Specify a different type           @typescript-eslint/no-explicit-any

/Users/renakaagusta/Documents/scalex/frontend/apps/web/src/features/lending/hooks/useBorrow.ts
    3:10  warning  'formatTokenAmount' is defined but never used  @typescript-eslint/no-unused-vars
    5:10  warning  'formatUnits' is defined but never used        @typescript-eslint/no-unused-vars
   72:42  warning  Unexpected any. Specify a different type       @typescript-eslint/no-explicit-any
  104:14  warning  'error' is defined but never used              @typescript-eslint/no-unused-vars
  126:85  warning  Unexpected any. Specify a different type       @typescript-eslint/no-explicit-any
  131:63  warning  Unexpected any. Specify a different type       @typescript-eslint/no-explicit-any
  167:33  warning  Unexpected any. Specify a different type       @typescript-eslint/no-explicit-any

/Users/renakaagusta/Documents/scalex/frontend/apps/web/src/features/lending/hooks/useRepay.ts
    3:10  warning  'formatTokenAmount' is defined but never used  @typescript-eslint/no-unused-vars
    5:10  warning  'formatUnits' is defined but never used        @typescript-eslint/no-unused-vars
   75:42  warning  Unexpected any. Specify a different type       @typescript-eslint/no-explicit-any
  107:14  warning  'error' is defined but never used              @typescript-eslint/no-unused-vars
  129:85  warning  Unexpected any. Specify a different type       @typescript-eslint/no-explicit-any
  134:63  warning  Unexpected any. Specify a different type       @typescript-eslint/no-explicit-any
  170:33  warning  Unexpected any. Specify a different type       @typescript-eslint/no-explicit-any

/Users/renakaagusta/Documents/scalex/frontend/apps/web/src/features/trade/components/chart/tradingViewContainer.tsx
  1:10  warning  'WifiOff' is defined but never used  @typescript-eslint/no-unused-vars

/Users/renakaagusta/Documents/scalex/frontend/apps/web/src/features/trade/components/history/dataTable.tsx
   72:60  warning  Unexpected any. Specify a different type  @typescript-eslint/no-explicit-any
   74:64  warning  Unexpected any. Specify a different type  @typescript-eslint/no-explicit-any
  119:58  warning  Unexpected any. Specify a different type  @typescript-eslint/no-explicit-any
  121:62  warning  Unexpected any. Specify a different type  @typescript-eslint/no-explicit-any
  149:56  warning  Unexpected any. Specify a different type  @typescript-eslint/no-explicit-any
  151:60  warning  Unexpected any. Specify a different type  @typescript-eslint/no-explicit-any

/Users/renakaagusta/Documents/scalex/frontend/apps/web/src/features/trade/components/orderBook/DepthBreakdownModal.tsx
  57:9  warning  The 'fetchDepthData' function makes the dependencies of useEffect Hook (at line 75) change on every render. To fix this, wrap the definition of 'fetchDepthData' in its own useCallback() Hook  react-hooks/exhaustive-deps

/Users/renakaagusta/Documents/scalex/frontend/apps/web/src/features/trade/components/placeOrder/market/market.tsx
  173:14  warning  'error' is defined but never used  @typescript-eslint/no-unused-vars

/Users/renakaagusta/Documents/scalex/frontend/apps/web/src/features/trade/components/placeOrder/placeOrder.tsx
  85:47  warning  Unexpected any. Specify a different type  @typescript-eslint/no-explicit-any

/Users/renakaagusta/Documents/scalex/frontend/apps/web/src/features/trade/components/placeOrder/swap/swap.tsx
  202:44  warning  'currenciesLoading' is assigned a value but never used  @typescript-eslint/no-unused-vars
  292:17  warning  Unexpected any. Specify a different type                @typescript-eslint/no-explicit-any
  379:45  warning  Unexpected any. Specify a different type                @typescript-eslint/no-explicit-any

/Users/renakaagusta/Documents/scalex/frontend/apps/web/src/features/trade/hooks/chart/useTradingViewDatafeed.ts
    1:40  warning  'useEffect' is defined but never used                                                                     @typescript-eslint/no-unused-vars
   91:19  warning  Unexpected any. Specify a different type                                                                  @typescript-eslint/no-explicit-any
   94:30  warning  Unexpected any. Specify a different type                                                                  @typescript-eslint/no-explicit-any
  106:6   warning  React Hook useCallback has a missing dependency: 'log'. Either include it or remove the dependency array  react-hooks/exhaustive-deps
  122:15  warning  'pair' is assigned a value but never used                                                                 @typescript-eslint/no-unused-vars
  153:35  warning  Unexpected any. Specify a different type                                                                  @typescript-eslint/no-explicit-any
  179:47  warning  Unexpected any. Specify a different type                                                                  @typescript-eslint/no-explicit-any
  207:21  warning  Unexpected any. Specify a different type                                                                  @typescript-eslint/no-explicit-any
  215:5   warning  React Hook useCallback has a missing dependency: 'log'. Either include it or remove the dependency array  react-hooks/exhaustive-deps
  221:21  warning  Unexpected any. Specify a different type                                                                  @typescript-eslint/no-explicit-any
  392:5   warning  React Hook useMemo has a missing dependency: 'log'. Either include it or remove the dependency array      react-hooks/exhaustive-deps

/Users/renakaagusta/Documents/scalex/frontend/apps/web/src/features/trade/hooks/chart/useTradingViewSync.ts
  50:6  warning  React Hook useEffect has a missing dependency: 'log'. Either include it or remove the dependency array  react-hooks/exhaustive-deps

/Users/renakaagusta/Documents/scalex/frontend/apps/web/src/features/trade/hooks/order/usePrivyPlaceOrder.ts
   29:7    warning  'serializeSafe' is assigned a value but never used  @typescript-eslint/no-unused-vars
   29:29   warning  Unexpected any. Specify a different type            @typescript-eslint/no-explicit-any
   29:35   warning  Unexpected any. Specify a different type            @typescript-eslint/no-explicit-any
   34:19   warning  Unexpected any. Specify a different type            @typescript-eslint/no-explicit-any
   38:16   warning  'e' is defined but never used                       @typescript-eslint/no-unused-vars
  127:42   warning  Unexpected any. Specify a different type            @typescript-eslint/no-explicit-any
  159:14   warning  'error' is defined but never used                   @typescript-eslint/no-unused-vars
  181:85   warning  Unexpected any. Specify a different type            @typescript-eslint/no-explicit-any
  186:63   warning  Unexpected any. Specify a different type            @typescript-eslint/no-explicit-any
  221:33   warning  Unexpected any. Specify a different type            @typescript-eslint/no-explicit-any
  235:26   warning  Unexpected any. Specify a different type            @typescript-eslint/no-explicit-any
  239:20   warning  'e' is defined but never used                       @typescript-eslint/no-unused-vars
  245:20   warning  'e' is defined but never used                       @typescript-eslint/no-unused-vars
  291:20   warning  'e' is defined but never used                       @typescript-eslint/no-unused-vars
  302:20   warning  'e' is defined but never used                       @typescript-eslint/no-unused-vars
  322:26   warning  Unexpected any. Specify a different type            @typescript-eslint/no-explicit-any
  328:106  warning  'e' is defined but never used                       @typescript-eslint/no-unused-vars
  328:109  error    Empty block statement                               no-empty
  329:97   warning  'e' is defined but never used                       @typescript-eslint/no-unused-vars
  329:100  error    Empty block statement                               no-empty
  330:121  warning  'e' is defined but never used                       @typescript-eslint/no-unused-vars
  330:124  error    Empty block statement                               no-empty
  484:15   warning  Unexpected any. Specify a different type            @typescript-eslint/no-explicit-any
  492:15   warning  Unexpected any. Specify a different type            @typescript-eslint/no-explicit-any
  529:23   warning  Unexpected any. Specify a different type            @typescript-eslint/no-explicit-any
  572:17   warning  Unexpected any. Specify a different type            @typescript-eslint/no-explicit-any
  583:18   warning  'liquidityError' is defined but never used          @typescript-eslint/no-unused-vars
  583:34   warning  Unexpected any. Specify a different type            @typescript-eslint/no-explicit-any
  591:23   warning  Unexpected any. Specify a different type            @typescript-eslint/no-explicit-any
  636:23   warning  Unexpected any. Specify a different type            @typescript-eslint/no-explicit-any
  653:13   warning  Unexpected any. Specify a different type            @typescript-eslint/no-explicit-any
  661:13   warning  Unexpected any. Specify a different type            @typescript-eslint/no-explicit-any
  788:15   warning  Unexpected any. Specify a different type            @typescript-eslint/no-explicit-any
  796:15   warning  Unexpected any. Specify a different type            @typescript-eslint/no-explicit-any
  843:23   warning  Unexpected any. Specify a different type            @typescript-eslint/no-explicit-any
  883:23   warning  Unexpected any. Specify a different type            @typescript-eslint/no-explicit-any
  900:13   warning  Unexpected any. Specify a different type            @typescript-eslint/no-explicit-any
  908:13   warning  Unexpected any. Specify a different type            @typescript-eslint/no-explicit-any

/Users/renakaagusta/Documents/scalex/frontend/apps/web/src/features/trade/hooks/swap/usePrivySwap.ts
  139:94   warning  Unexpected any. Specify a different type  @typescript-eslint/no-explicit-any
  139:127  warning  Unexpected any. Specify a different type  @typescript-eslint/no-explicit-any
  176:42   warning  Unexpected any. Specify a different type  @typescript-eslint/no-explicit-any
  430:32   warning  Unexpected any. Specify a different type  @typescript-eslint/no-explicit-any
  468:32   warning  Unexpected any. Specify a different type  @typescript-eslint/no-explicit-any

/Users/renakaagusta/Documents/scalex/frontend/apps/web/src/features/trade/hooks/useTradeBalances.ts
  17:20  warning  Unexpected any. Specify a different type                                                                 @typescript-eslint/no-explicit-any
  44:11  warning  Unexpected any. Specify a different type                                                                 @typescript-eslint/no-explicit-any
  64:13  warning  Unexpected any. Specify a different type                                                                 @typescript-eslint/no-explicit-any
  86:6   warning  React Hook useMemo has a missing dependency: 'logger'. Either include it or remove the dependency array  react-hooks/exhaustive-deps

/Users/renakaagusta/Documents/scalex/frontend/apps/web/src/features/trade/hooks/useTradingRules.ts
  42:44  warning  Unexpected any. Specify a different type  @typescript-eslint/no-explicit-any

/Users/renakaagusta/Documents/scalex/frontend/apps/web/src/features/trade/utils/history.helper.ts
  2:3   warning  'formatTokenAmount' is defined but never used  @typescript-eslint/no-unused-vars
  3:18  warning  'formatPriceCore' is defined but never used    @typescript-eslint/no-unused-vars
  4:17  warning  'formatTimeCore' is defined but never used     @typescript-eslint/no-unused-vars

/Users/renakaagusta/Documents/scalex/frontend/apps/web/src/features/trade/utils/orderBook.helper.ts
  2:3   warning  'formatTokenAmount' is defined but never used  @typescript-eslint/no-unused-vars
  3:18  warning  'formatPriceCore' is defined but never used    @typescript-eslint/no-unused-vars

/Users/renakaagusta/Documents/scalex/frontend/apps/web/src/hooks/useAutoWebSocketSubscriptions.ts
  10:26  warning  Unexpected any. Specify a different type                @typescript-eslint/no-explicit-any
  11:26  warning  Unexpected any. Specify a different type                @typescript-eslint/no-explicit-any
  12:27  warning  Unexpected any. Specify a different type                @typescript-eslint/no-explicit-any
  13:26  warning  Unexpected any. Specify a different type                @typescript-eslint/no-explicit-any
  34:5   warning  'subscribeToDepth' is assigned a value but never used   @typescript-eslint/no-unused-vars
  35:5   warning  'subscribeToTrades' is assigned a value but never used  @typescript-eslint/no-unused-vars
  36:5   warning  'subscribeToTicker' is assigned a value but never used  @typescript-eslint/no-unused-vars
  54:84  warning  Unexpected any. Specify a different type                @typescript-eslint/no-explicit-any

/Users/renakaagusta/Documents/scalex/frontend/apps/web/src/hooks/useLogger.ts
  39:10  warning  Unexpected any. Specify a different type  @typescript-eslint/no-explicit-any
  50:13  warning  Unexpected any. Specify a different type  @typescript-eslint/no-explicit-any

/Users/renakaagusta/Documents/scalex/frontend/apps/web/src/hooks/useWebSocketSubscriptions.ts
  10:12  warning  Unexpected any. Specify a different type              @typescript-eslint/no-explicit-any
  62:9   warning  'isConnectingRef' is assigned a value but never used  @typescript-eslint/no-unused-vars

/Users/renakaagusta/Documents/scalex/frontend/apps/web/src/lib/viemClient.ts
   15:29  warning  Unexpected any. Specify a different type  @typescript-eslint/no-explicit-any
   15:35  warning  Unexpected any. Specify a different type  @typescript-eslint/no-explicit-any
   20:19  warning  Unexpected any. Specify a different type  @typescript-eslint/no-explicit-any
   24:16  warning  'e' is defined but never used             @typescript-eslint/no-unused-vars
   48:13  warning  Unexpected any. Specify a different type  @typescript-eslint/no-explicit-any
   63:49  warning  Unexpected any. Specify a different type  @typescript-eslint/no-explicit-any
   92:21  warning  Unexpected any. Specify a different type  @typescript-eslint/no-explicit-any
  116:52  warning  Unexpected any. Specify a different type  @typescript-eslint/no-explicit-any
  145:21  warning  Unexpected any. Specify a different type  @typescript-eslint/no-explicit-any
  169:48  warning  Unexpected any. Specify a different type  @typescript-eslint/no-explicit-any
  202:21  warning  Unexpected any. Specify a different type  @typescript-eslint/no-explicit-any
  265:19  warning  Unexpected any. Specify a different type  @typescript-eslint/no-explicit-any
  305:19  warning  Unexpected any. Specify a different type  @typescript-eslint/no-explicit-any

/Users/renakaagusta/Documents/scalex/frontend/apps/web/src/managers/websocketManager.ts
   87:26  warning  'event' is defined but never used         @typescript-eslint/no-unused-vars
  102:24  warning  'event' is defined but never used         @typescript-eslint/no-unused-vars
  228:31  warning  Unexpected any. Specify a different type  @typescript-eslint/no-explicit-any

/Users/renakaagusta/Documents/scalex/frontend/apps/web/src/providers/ProvidersWithOnboarding.tsx
  34:6  warning  React Hook useEffect has a missing dependency: 'user?.wallet'. Either include it or remove the dependency array  react-hooks/exhaustive-deps

/Users/renakaagusta/Documents/scalex/frontend/apps/web/src/providers/privyProvider.tsx
   11:23  warning  'currentChain' is defined but never used  @typescript-eslint/no-unused-vars
  111:51  warning  Unexpected any. Specify a different type  @typescript-eslint/no-explicit-any

/Users/renakaagusta/Documents/scalex/frontend/apps/web/src/providers/websocketProvider.tsx
   77:16  warning  'event' is defined but never used  @typescript-eslint/no-unused-vars
  114:17  warning  'event' is defined but never used  @typescript-eslint/no-unused-vars

/Users/renakaagusta/Documents/scalex/frontend/apps/web/src/utils/borrowUtils.ts
   26:43  warning  Unexpected any. Specify a different type  @typescript-eslint/no-explicit-any
  104:12  warning  'error' is defined but never used         @typescript-eslint/no-unused-vars

/Users/renakaagusta/Documents/scalex/frontend/apps/web/src/utils/depositUtils.ts
  25:43  warning  Unexpected any. Specify a different type  @typescript-eslint/no-explicit-any
  71:12  warning  'error' is defined but never used         @typescript-eslint/no-unused-vars

/Users/renakaagusta/Documents/scalex/frontend/apps/web/src/utils/logQuery.ts
   36:10  warning  Unexpected any. Specify a different type      @typescript-eslint/no-explicit-any
   37:13  warning  Unexpected any. Specify a different type      @typescript-eslint/no-explicit-any
   95:14  warning  'error' is defined but never used             @typescript-eslint/no-unused-vars
  252:9   error    Unexpected lexical declaration in case block  no-case-declarations
  253:9   error    Unexpected lexical declaration in case block  no-case-declarations
  288:14  warning  'error' is defined but never used             @typescript-eslint/no-unused-vars
  366:19  warning  'contractName' is defined but never used      @typescript-eslint/no-unused-vars
  366:42  warning  'functionName' is defined but never used      @typescript-eslint/no-unused-vars

/Users/renakaagusta/Documents/scalex/frontend/apps/web/src/utils/logQueryExamples.ts
   67:53  warning  Unexpected any. Specify a different type        @typescript-eslint/no-explicit-any
   81:81  warning  Unexpected any. Specify a different type        @typescript-eslint/no-explicit-any
  144:9   warning  'userLogs' is assigned a value but never used   @typescript-eslint/no-unused-vars
  160:9   warning  'errorLogs' is assigned a value but never used  @typescript-eslint/no-unused-vars
  234:48  warning  Unexpected any. Specify a different type        @typescript-eslint/no-explicit-any

/Users/renakaagusta/Documents/scalex/frontend/apps/web/src/utils/logStorage.ts
  107:17  warning  'addRequest' is assigned a value but never used  @typescript-eslint/no-unused-vars
  170:48  warning  Unexpected any. Specify a different type         @typescript-eslint/no-explicit-any
  171:19  warning  'id' is assigned a value but never used          @typescript-eslint/no-unused-vars

/Users/renakaagusta/Documents/scalex/frontend/apps/web/src/utils/logger.ts
   76:8   warning  Unexpected any. Specify a different type  @typescript-eslint/no-explicit-any
  186:12  warning  Unexpected any. Specify a different type  @typescript-eslint/no-explicit-any
  249:14  warning  Unexpected any. Specify a different type  @typescript-eslint/no-explicit-any
  250:11  warning  Unexpected any. Specify a different type  @typescript-eslint/no-explicit-any
  282:11  warning  Unexpected any. Specify a different type  @typescript-eslint/no-explicit-any
  306:14  warning  Unexpected any. Specify a different type  @typescript-eslint/no-explicit-any
  307:11  warning  Unexpected any. Specify a different type  @typescript-eslint/no-explicit-any
  331:59  warning  Unexpected any. Specify a different type  @typescript-eslint/no-explicit-any
  362:10  warning  Unexpected any. Specify a different type  @typescript-eslint/no-explicit-any
  368:34  warning  Unexpected any. Specify a different type  @typescript-eslint/no-explicit-any
  370:33  warning  Unexpected any. Specify a different type  @typescript-eslint/no-explicit-any
  372:33  warning  Unexpected any. Specify a different type  @typescript-eslint/no-explicit-any
  374:43  warning  Unexpected any. Specify a different type  @typescript-eslint/no-explicit-any

/Users/renakaagusta/Documents/scalex/frontend/apps/web/src/utils/prodLogger.ts
   12:28  warning  Unexpected any. Specify a different type  @typescript-eslint/no-explicit-any
   22:85  warning  Unexpected any. Specify a different type  @typescript-eslint/no-explicit-any
   36:51  warning  Unexpected any. Specify a different type  @typescript-eslint/no-explicit-any
   43:50  warning  Unexpected any. Specify a different type  @typescript-eslint/no-explicit-any
   50:50  warning  Unexpected any. Specify a different type  @typescript-eslint/no-explicit-any
   61:76  warning  Unexpected any. Specify a different type  @typescript-eslint/no-explicit-any
   78:39  warning  Unexpected any. Specify a different type  @typescript-eslint/no-explicit-any
   88:73  warning  Unexpected any. Specify a different type  @typescript-eslint/no-explicit-any
   92:72  warning  Unexpected any. Specify a different type  @typescript-eslint/no-explicit-any
   96:72  warning  Unexpected any. Specify a different type  @typescript-eslint/no-explicit-any
  100:98  warning  Unexpected any. Specify a different type  @typescript-eslint/no-explicit-any
  112:54  warning  Unexpected any. Specify a different type  @typescript-eslint/no-explicit-any

/Users/renakaagusta/Documents/scalex/frontend/apps/web/src/utils/repayUtils.ts
   27:43  warning  Unexpected any. Specify a different type  @typescript-eslint/no-explicit-any
  113:12  warning  'error' is defined but never used         @typescript-eslint/no-unused-vars

/Users/renakaagusta/Documents/scalex/frontend/apps/web/src/utils/withdrawUtils.ts
   24:43  warning  Unexpected any. Specify a different type  @typescript-eslint/no-explicit-any
  102:12  warning  'error' is defined but never used         @typescript-eslint/no-unused-vars

✖ 2324 problems (1240 errors, 1084 warnings)

 ELIFECYCLE  Command failed with exit code 1.
